user_id,group,converted,device
2991,control,0,mobile
13608,treatment,0,mobile
10422,treatment,0,mobile
6239,control,0,mobile
6791,control,0,desktop
8730,treatment,0,mobile
5351,control,1,mobile
1218,control,0,mobile
10929,treatment,0,mobile
8410,treatment,0,mobile
13652,treatment,0,mobile
1298,control,0,mobile
10418,treatment,0,mobile
11541,treatment,0,desktop
9928,treatment,0,desktop
1639,control,0,desktop
10500,treatment,0,desktop
8158,treatment,0,mobile
15018,treatment,0,mobile
12101,treatment,0,desktop
11779,treatment,0,desktop
6097,control,0,mobile
2267,control,0,mobile
2378,control,0,mobile
308,control,0,desktop
12794,treatment,0,mobile
11551,treatment,0,desktop
11310,treatment,0,mobile
5288,control,1,mobile
737,control,0,mobile
12946,treatment,0,mobile
10299,treatment,0,desktop
11723,treatment,0,mobile
5880,control,0,mobile
107,control,0,desktop
15872,treatment,0,desktop
2273,control,0,mobile
2368,control,0,desktop
960,control,0,desktop
5970,control,0,desktop
3394,control,0,mobile
7154,control,0,mobile
9416,treatment,1,desktop
2312,control,0,desktop
5762,control,0,desktop
9063,treatment,0,desktop
13398,treatment,1,desktop
919,control,0,desktop
8782,treatment,0,mobile
9807,treatment,0,mobile
1967,control,0,mobile
688,control,0,desktop
6584,control,0,mobile
1596,control,0,mobile
7232,control,0,mobile
10218,treatment,0,desktop
9741,treatment,0,desktop
14763,treatment,1,desktop
805,control,1,desktop
9692,treatment,0,mobile
1656,control,0,mobile
15643,treatment,0,mobile
14192,treatment,0,desktop
9469,treatment,0,desktop
3954,control,0,desktop
12134,treatment,0,mobile
1537,control,0,mobile
15902,treatment,0,mobile
1160,control,0,desktop
14746,treatment,0,desktop
4485,control,0,desktop
13040,treatment,0,mobile
7323,control,0,desktop
8929,treatment,0,desktop
2947,control,1,desktop
5766,control,0,mobile
15049,treatment,0,mobile
3593,control,0,mobile
1155,control,0,mobile
14758,treatment,0,desktop
1378,control,0,desktop
10450,treatment,0,mobile
7474,control,0,desktop
2952,control,0,desktop
12475,treatment,0,desktop
322,control,0,desktop
10015,treatment,1,mobile
3014,control,0,mobile
11079,treatment,1,mobile
11385,treatment,1,mobile
13032,treatment,0,mobile
12988,treatment,0,desktop
2678,control,0,mobile
5,control,0,desktop
3153,control,0,mobile
15482,treatment,0,desktop
6049,control,0,desktop
14574,treatment,0,mobile
3831,control,0,desktop
6910,control,0,desktop
13045,treatment,0,desktop
841,control,0,mobile
14712,treatment,0,mobile
10861,treatment,0,mobile
14109,treatment,1,mobile
9989,treatment,0,mobile
6269,control,0,mobile
11223,treatment,0,desktop
8655,treatment,0,mobile
12625,treatment,0,mobile
12750,treatment,0,mobile
9978,treatment,0,mobile
1125,control,0,mobile
13688,treatment,0,mobile
11369,treatment,0,mobile
6247,control,0,mobile
1566,control,0,desktop
3181,control,0,mobile
14234,treatment,0,desktop
5308,control,0,desktop
13702,treatment,0,desktop
1827,control,1,mobile
14509,treatment,0,desktop
1381,control,1,desktop
13439,treatment,0,desktop
6896,control,1,desktop
10989,treatment,0,desktop
10309,treatment,0,mobile
13945,treatment,0,desktop
12695,treatment,0,mobile
9000,treatment,0,mobile
10920,treatment,0,desktop
4414,control,0,desktop
3848,control,1,mobile
13701,treatment,0,mobile
15686,treatment,0,mobile
2788,control,0,mobile
1361,control,0,desktop
6887,control,0,desktop
15596,treatment,0,mobile
14036,treatment,0,desktop
5158,control,1,desktop
4583,control,0,desktop
10868,treatment,1,mobile
13795,treatment,0,desktop
8092,treatment,0,mobile
7246,control,0,mobile
6610,control,0,desktop
4166,control,1,mobile
7081,control,0,mobile
6869,control,0,mobile
13463,treatment,1,desktop
8223,treatment,0,desktop
7066,control,0,mobile
4081,control,0,desktop
3202,control,0,desktop
12283,treatment,0,mobile
12417,treatment,0,desktop
8161,treatment,0,mobile
13173,treatment,1,mobile
11919,treatment,0,mobile
8283,treatment,0,desktop
1914,control,0,desktop
4755,control,0,mobile
3007,control,0,mobile
12748,treatment,1,mobile
287,control,1,desktop
6486,control,0,mobile
13568,treatment,0,mobile
7150,control,0,mobile
11619,treatment,0,mobile
7698,control,0,desktop
3228,control,0,mobile
7604,control,0,mobile
2862,control,0,mobile
15798,treatment,0,mobile
7387,control,0,mobile
14005,treatment,0,mobile
7031,control,0,mobile
5861,control,0,desktop
12419,treatment,1,desktop
6993,control,0,mobile
4971,control,0,desktop
206,control,0,desktop
13559,treatment,0,mobile
15506,treatment,0,desktop
995,control,0,desktop
15262,treatment,1,mobile
15550,treatment,0,desktop
7999,control,1,mobile
13064,treatment,0,mobile
9040,treatment,0,mobile
5244,control,1,mobile
8184,treatment,1,mobile
11355,treatment,0,mobile
15721,treatment,0,mobile
10542,treatment,0,desktop
11002,treatment,0,desktop
15726,treatment,0,desktop
11226,treatment,0,desktop
2516,control,0,desktop
11630,treatment,0,mobile
9934,treatment,0,mobile
8955,treatment,1,mobile
1542,control,1,mobile
10613,treatment,0,desktop
13351,treatment,0,desktop
15821,treatment,0,mobile
13383,treatment,0,desktop
11873,treatment,0,mobile
15709,treatment,0,desktop
10160,treatment,1,desktop
5368,control,0,mobile
1942,control,0,mobile
232,control,0,desktop
11146,treatment,0,desktop
11675,treatment,0,mobile
14050,treatment,0,mobile
471,control,0,desktop
7302,control,0,desktop
2667,control,0,mobile
14913,treatment,0,mobile
6140,control,0,desktop
7275,control,0,desktop
14245,treatment,0,mobile
12939,treatment,0,desktop
10391,treatment,1,desktop
11043,treatment,0,mobile
11793,treatment,0,desktop
2062,control,0,desktop
14841,treatment,0,mobile
8544,treatment,0,mobile
6836,control,0,desktop
13489,treatment,0,mobile
15937,treatment,0,desktop
883,control,0,mobile
7253,control,0,mobile
10619,treatment,0,desktop
4381,control,0,desktop
14856,treatment,0,mobile
8364,treatment,0,desktop
777,control,0,desktop
8749,treatment,0,mobile
3096,control,1,desktop
1629,control,0,mobile
9707,treatment,0,mobile
7906,control,0,desktop
14774,treatment,0,desktop
9885,treatment,1,mobile
14906,treatment,0,desktop
12848,treatment,0,mobile
1434,control,0,mobile
13707,treatment,0,desktop
6092,control,1,mobile
15722,treatment,0,mobile
9428,treatment,1,mobile
7,control,1,desktop
5986,control,0,mobile
15869,treatment,0,mobile
4910,control,0,mobile
2752,control,0,desktop
4703,control,0,mobile
6198,control,1,mobile
4238,control,0,mobile
14035,treatment,1,mobile
8294,treatment,0,mobile
7941,control,0,mobile
2420,control,0,mobile
8286,treatment,0,desktop
6002,control,0,desktop
11331,treatment,0,mobile
12370,treatment,0,mobile
2986,control,0,desktop
4779,control,0,mobile
1024,control,0,desktop
7861,control,0,mobile
15819,treatment,0,desktop
7354,control,0,desktop
9995,treatment,0,mobile
3792,control,0,mobile
8867,treatment,1,desktop
13793,treatment,0,mobile
8679,treatment,0,mobile
6098,control,1,mobile
1050,control,0,desktop
2857,control,0,mobile
9930,treatment,1,mobile
15665,treatment,1,mobile
4798,control,0,mobile
2988,control,0,mobile
10921,treatment,0,desktop
2365,control,0,mobile
15580,treatment,0,mobile
10277,treatment,0,mobile
2624,control,0,mobile
7618,control,0,mobile
10839,treatment,0,desktop
8836,treatment,0,mobile
14736,treatment,0,desktop
15664,treatment,0,desktop
2525,control,0,mobile
1179,control,0,mobile
12513,treatment,0,desktop
2565,control,0,mobile
13685,treatment,1,desktop
14766,treatment,0,mobile
14699,treatment,0,mobile
4517,control,0,desktop
12242,treatment,0,desktop
13681,treatment,0,mobile
6592,control,0,mobile
8156,treatment,0,desktop
6537,control,1,desktop
3611,control,1,desktop
9297,treatment,0,mobile
11134,treatment,0,desktop
12659,treatment,0,desktop
4822,control,0,desktop
3613,control,0,desktop
7243,control,1,mobile
4615,control,0,desktop
83,control,0,desktop
1937,control,0,desktop
4902,control,0,desktop
10286,treatment,0,desktop
9985,treatment,0,desktop
8375,treatment,0,desktop
9425,treatment,0,mobile
7035,control,0,desktop
4715,control,0,mobile
1732,control,0,desktop
12303,treatment,0,desktop
6812,control,0,desktop
768,control,1,mobile
33,control,0,desktop
8889,treatment,0,desktop
10684,treatment,0,desktop
2864,control,0,mobile
12204,treatment,0,mobile
2712,control,0,desktop
15237,treatment,0,desktop
12476,treatment,0,mobile
4523,control,0,desktop
11585,treatment,1,desktop
655,control,0,desktop
15791,treatment,0,mobile
9457,treatment,0,desktop
13671,treatment,0,desktop
14833,treatment,0,mobile
5274,control,0,mobile
12657,treatment,0,desktop
15812,treatment,0,mobile
9119,treatment,0,desktop
8390,treatment,0,desktop
2113,control,1,mobile
1243,control,0,mobile
933,control,0,mobile
10565,treatment,1,mobile
5002,control,0,mobile
5945,control,1,desktop
11478,treatment,0,mobile
10085,treatment,0,desktop
13180,treatment,0,mobile
12049,treatment,0,desktop
6376,control,0,desktop
9263,treatment,0,desktop
5505,control,0,desktop
1301,control,0,mobile
814,control,1,mobile
7351,control,0,desktop
11435,treatment,1,desktop
9968,treatment,0,mobile
1886,control,0,desktop
116,control,0,desktop
5907,control,0,desktop
7450,control,0,mobile
2940,control,0,desktop
12379,treatment,0,desktop
1071,control,0,desktop
14172,treatment,0,desktop
8245,treatment,0,desktop
11568,treatment,0,desktop
4761,control,0,mobile
4070,control,0,desktop
3161,control,0,desktop
5837,control,0,mobile
5219,control,0,mobile
4355,control,0,mobile
13114,treatment,0,mobile
11384,treatment,0,mobile
10905,treatment,0,mobile
2703,control,0,mobile
11958,treatment,0,desktop
9218,treatment,0,mobile
6005,control,0,desktop
10057,treatment,1,desktop
10183,treatment,0,mobile
13998,treatment,0,mobile
1928,control,0,mobile
7931,control,0,desktop
4975,control,1,mobile
2028,control,0,desktop
13484,treatment,0,mobile
2210,control,0,desktop
1252,control,0,mobile
11444,treatment,0,mobile
4117,control,0,desktop
3932,control,0,desktop
534,control,0,desktop
4773,control,0,mobile
8752,treatment,0,mobile
8542,treatment,0,desktop
3645,control,0,mobile
1706,control,0,mobile
8780,treatment,0,desktop
11185,treatment,0,desktop
12903,treatment,0,mobile
2423,control,0,mobile
8052,treatment,1,mobile
5285,control,0,desktop
15695,treatment,1,mobile
13335,treatment,0,mobile
7787,control,0,desktop
15121,treatment,0,mobile
4162,control,0,desktop
11815,treatment,0,desktop
12934,treatment,0,mobile
11397,treatment,0,mobile
5988,control,0,mobile
10731,treatment,0,mobile
8503,treatment,0,mobile
2642,control,0,desktop
15112,treatment,1,desktop
10702,treatment,0,mobile
1954,control,0,mobile
8267,treatment,0,mobile
2983,control,0,desktop
11686,treatment,0,mobile
14379,treatment,0,desktop
7358,control,0,desktop
552,control,0,mobile
14552,treatment,0,desktop
11530,treatment,0,desktop
9188,treatment,0,mobile
1433,control,0,mobile
15432,treatment,0,mobile
12959,treatment,0,desktop
8518,treatment,0,mobile
10786,treatment,0,mobile
507,control,0,desktop
10271,treatment,0,mobile
9059,treatment,1,mobile
7077,control,0,desktop
14310,treatment,0,mobile
5882,control,0,desktop
5290,control,0,desktop
7391,control,0,desktop
6620,control,0,desktop
14315,treatment,0,desktop
4780,control,0,mobile
4802,control,0,mobile
2730,control,0,desktop
14657,treatment,0,mobile
10623,treatment,0,mobile
725,control,0,mobile
994,control,0,mobile
3072,control,1,mobile
14147,treatment,0,desktop
3939,control,0,desktop
10892,treatment,0,desktop
6182,control,1,desktop
10582,treatment,0,mobile
10711,treatment,1,desktop
12622,treatment,0,mobile
13224,treatment,1,desktop
9013,treatment,0,mobile
8104,treatment,0,mobile
14068,treatment,0,desktop
12153,treatment,0,mobile
10136,treatment,0,mobile
6259,control,0,mobile
4041,control,0,mobile
6604,control,0,desktop
12047,treatment,0,mobile
6483,control,0,desktop
14728,treatment,0,mobile
15729,treatment,1,desktop
8073,treatment,0,mobile
12278,treatment,0,mobile
7853,control,0,desktop
4089,control,0,mobile
8816,treatment,0,mobile
6268,control,0,mobile
2258,control,0,desktop
11827,treatment,0,desktop
15445,treatment,0,mobile
14792,treatment,0,desktop
898,control,0,mobile
9503,treatment,0,mobile
2976,control,0,desktop
1791,control,0,mobile
13435,treatment,1,desktop
15750,treatment,0,mobile
64,control,0,desktop
1891,control,0,mobile
5046,control,0,mobile
5991,control,0,desktop
9047,treatment,0,mobile
14419,treatment,0,desktop
14859,treatment,1,mobile
15193,treatment,0,desktop
8272,treatment,0,mobile
10314,treatment,0,mobile
11960,treatment,0,mobile
10367,treatment,0,desktop
10041,treatment,0,mobile
11320,treatment,0,desktop
2417,control,0,desktop
10058,treatment,0,desktop
5064,control,0,desktop
408,control,0,mobile
11154,treatment,0,mobile
14008,treatment,0,mobile
15125,treatment,0,desktop
14213,treatment,0,mobile
8843,treatment,0,mobile
11825,treatment,0,mobile
11810,treatment,0,mobile
14304,treatment,0,mobile
15830,treatment,0,desktop
4529,control,0,mobile
12042,treatment,0,mobile
12078,treatment,0,mobile
10402,treatment,1,mobile
6916,control,0,desktop
12557,treatment,0,mobile
15942,treatment,0,mobile
15907,treatment,0,mobile
11112,treatment,0,desktop
15764,treatment,0,mobile
13356,treatment,0,desktop
13049,treatment,0,mobile
12094,treatment,0,mobile
2274,control,0,mobile
15598,treatment,0,mobile
1425,control,0,desktop
14852,treatment,0,mobile
8600,treatment,1,mobile
6139,control,0,mobile
14372,treatment,0,mobile
3146,control,0,desktop
12371,treatment,1,mobile
13144,treatment,0,desktop
11882,treatment,0,desktop
13379,treatment,0,mobile
1677,control,0,mobile
6121,control,0,desktop
14484,treatment,0,desktop
3912,control,0,mobile
1611,control,0,mobile
10149,treatment,0,desktop
5749,control,0,mobile
11244,treatment,0,desktop
9549,treatment,1,desktop
1874,control,0,mobile
12556,treatment,0,desktop
7772,control,0,mobile
6529,control,0,desktop
2321,control,0,mobile
7656,control,0,mobile
15941,treatment,0,mobile
6949,control,0,mobile
9355,treatment,1,mobile
73,control,0,desktop
1605,control,0,mobile
15026,treatment,0,mobile
1202,control,0,desktop
6096,control,0,mobile
1771,control,0,mobile
5961,control,0,mobile
4741,control,0,desktop
13437,treatment,0,desktop
3265,control,0,mobile
11137,treatment,0,desktop
4142,control,0,desktop
11700,treatment,0,mobile
14518,treatment,1,desktop
10825,treatment,1,mobile
5145,control,0,desktop
154,control,0,desktop
9862,treatment,1,mobile
8430,treatment,0,desktop
6204,control,0,desktop
3024,control,1,desktop
3815,control,0,mobile
8329,treatment,0,mobile
10687,treatment,0,mobile
1184,control,0,mobile
7834,control,0,desktop
10135,treatment,1,mobile
5441,control,0,desktop
8682,treatment,0,mobile
9266,treatment,0,desktop
2731,control,0,desktop
1006,control,0,mobile
9333,treatment,1,mobile
13431,treatment,1,mobile
5819,control,0,mobile
5511,control,0,mobile
8704,treatment,0,mobile
12812,treatment,1,mobile
3100,control,0,mobile
15009,treatment,1,mobile
13719,treatment,0,desktop
13194,treatment,1,mobile
626,control,0,mobile
14246,treatment,0,mobile
2607,control,0,mobile
13808,treatment,0,mobile
596,control,0,mobile
1035,control,0,mobile
5387,control,0,mobile
14939,treatment,0,desktop
3857,control,0,mobile
6593,control,0,desktop
12354,treatment,0,mobile
136,control,0,mobile
9535,treatment,0,mobile
503,control,0,desktop
15216,treatment,0,mobile
13353,treatment,0,mobile
11176,treatment,1,mobile
9265,treatment,0,mobile
6738,control,0,desktop
2114,control,0,mobile
13839,treatment,0,mobile
11008,treatment,1,desktop
3089,control,0,mobile
12214,treatment,0,mobile
14049,treatment,0,mobile
2858,control,0,mobile
6370,control,0,desktop
4797,control,0,mobile
1415,control,0,desktop
14236,treatment,0,desktop
7083,control,0,desktop
8110,treatment,0,mobile
10415,treatment,0,mobile
3695,control,0,mobile
12275,treatment,0,mobile
13924,treatment,0,desktop
109,control,0,mobile
4626,control,0,mobile
6038,control,0,mobile
7723,control,0,desktop
2356,control,0,mobile
11346,treatment,0,mobile
8838,treatment,0,mobile
10636,treatment,0,mobile
5443,control,0,mobile
4127,control,0,mobile
6053,control,0,desktop
13242,treatment,1,mobile
7886,control,0,mobile
3500,control,1,mobile
10268,treatment,0,mobile
14525,treatment,1,desktop
15988,treatment,0,desktop
9563,treatment,0,desktop
12879,treatment,0,mobile
6332,control,0,mobile
9298,treatment,0,mobile
13183,treatment,1,desktop
10866,treatment,0,desktop
11011,treatment,0,mobile
15281,treatment,0,mobile
3805,control,0,desktop
10964,treatment,0,mobile
2723,control,0,mobile
2875,control,0,desktop
8107,treatment,0,desktop
15499,treatment,0,mobile
1895,control,1,mobile
6165,control,0,desktop
5156,control,0,desktop
1278,control,0,desktop
3698,control,0,mobile
2746,control,1,mobile
12380,treatment,0,desktop
1302,control,0,mobile
8778,treatment,1,mobile
4271,control,0,mobile
10997,treatment,0,mobile
614,control,1,desktop
4283,control,0,mobile
859,control,0,desktop
6,control,0,desktop
4652,control,0,desktop
6765,control,0,desktop
2872,control,0,mobile
2201,control,0,desktop
7488,control,0,mobile
10475,treatment,0,desktop
2445,control,0,mobile
2012,control,0,mobile
10771,treatment,0,mobile
12818,treatment,0,desktop
10855,treatment,0,desktop
9225,treatment,0,mobile
3972,control,0,mobile
8004,treatment,0,desktop
6959,control,0,mobile
10504,treatment,0,mobile
3670,control,1,desktop
9064,treatment,0,mobile
1095,control,0,desktop
13506,treatment,1,mobile
4435,control,0,desktop
2559,control,0,mobile
575,control,0,mobile
3012,control,0,mobile
483,control,0,mobile
9541,treatment,0,desktop
15653,treatment,0,desktop
6112,control,0,desktop
14397,treatment,1,desktop
10416,treatment,0,desktop
12737,treatment,0,mobile
9528,treatment,0,mobile
7374,control,0,mobile
13881,treatment,0,mobile
14738,treatment,0,mobile
2197,control,0,mobile
108,control,0,mobile
10381,treatment,0,mobile
2575,control,0,mobile
13872,treatment,1,mobile
10025,treatment,0,mobile
3291,control,0,desktop
9432,treatment,0,mobile
2144,control,1,mobile
8880,treatment,0,mobile
3407,control,0,desktop
36,control,0,desktop
8221,treatment,0,mobile
7992,control,1,mobile
14768,treatment,0,desktop
9805,treatment,0,mobile
2869,control,0,desktop
5364,control,0,mobile
14529,treatment,1,mobile
12687,treatment,0,desktop
4544,control,0,desktop
407,control,0,mobile
3734,control,0,desktop
8147,treatment,0,mobile
1248,control,0,mobile
14871,treatment,0,mobile
210,control,0,desktop
373,control,0,mobile
7002,control,0,mobile
10877,treatment,0,desktop
14434,treatment,0,mobile
7415,control,0,desktop
10575,treatment,0,mobile
4598,control,0,mobile
13717,treatment,0,mobile
13958,treatment,0,desktop
13762,treatment,0,desktop
6509,control,0,mobile
2286,control,0,mobile
15755,treatment,0,desktop
9889,treatment,0,desktop
6087,control,0,mobile
6209,control,0,mobile
14644,treatment,0,desktop
784,control,0,mobile
11651,treatment,0,mobile
736,control,0,desktop
11930,treatment,0,mobile
14540,treatment,0,desktop
13899,treatment,0,mobile
13629,treatment,0,desktop
13721,treatment,0,mobile
5791,control,0,desktop
11389,treatment,0,mobile
14530,treatment,0,mobile
10493,treatment,0,desktop
11450,treatment,0,mobile
14687,treatment,0,mobile
12845,treatment,0,mobile
8945,treatment,0,mobile
314,control,0,desktop
637,control,0,mobile
4500,control,0,desktop
13594,treatment,1,desktop
2006,control,0,mobile
14493,treatment,0,mobile
1854,control,0,mobile
7733,control,0,desktop
317,control,0,desktop
14880,treatment,0,desktop
7943,control,0,desktop
14252,treatment,0,mobile
5948,control,0,mobile
1885,control,0,mobile
10758,treatment,0,mobile
4196,control,0,desktop
3832,control,0,desktop
15961,treatment,1,mobile
2306,control,0,mobile
6310,control,0,desktop
13692,treatment,0,mobile
14983,treatment,0,mobile
7382,control,0,desktop
14400,treatment,0,mobile
5230,control,1,mobile
2698,control,0,desktop
7720,control,0,desktop
7633,control,0,mobile
5050,control,0,desktop
12349,treatment,0,mobile
8040,treatment,0,mobile
2142,control,0,mobile
7365,control,0,desktop
706,control,0,mobile
3232,control,1,mobile
4259,control,0,mobile
1556,control,0,mobile
7396,control,0,mobile
10164,treatment,0,desktop
4171,control,0,desktop
15439,treatment,0,desktop
576,control,0,desktop
7804,control,0,desktop
1226,control,0,mobile
11299,treatment,0,mobile
9061,treatment,0,mobile
10817,treatment,0,mobile
12720,treatment,0,mobile
13508,treatment,0,desktop
9874,treatment,0,mobile
13549,treatment,0,mobile
7430,control,0,desktop
186,control,0,desktop
7176,control,0,mobile
15657,treatment,0,mobile
15578,treatment,0,mobile
6019,control,0,desktop
9275,treatment,0,mobile
11167,treatment,0,mobile
574,control,1,mobile
8409,treatment,0,desktop
3381,control,0,desktop
15284,treatment,0,desktop
1831,control,0,mobile
8798,treatment,0,mobile
2794,control,0,mobile
4840,control,1,mobile
3807,control,0,mobile
15391,treatment,0,mobile
10638,treatment,0,mobile
821,control,0,desktop
14158,treatment,0,mobile
619,control,1,desktop
7078,control,0,mobile
1042,control,0,mobile
221,control,0,desktop
12028,treatment,0,mobile
10075,treatment,1,mobile
12223,treatment,0,desktop
6858,control,0,mobile
5582,control,0,desktop
1410,control,0,mobile
15126,treatment,0,desktop
12644,treatment,0,mobile
12201,treatment,0,desktop
14056,treatment,0,desktop
9296,treatment,0,mobile
12136,treatment,0,mobile
289,control,0,mobile
8268,treatment,0,mobile
8972,treatment,0,mobile
2651,control,0,mobile
11359,treatment,0,desktop
5905,control,0,mobile
15889,treatment,0,desktop
8318,treatment,0,mobile
8176,treatment,0,mobile
11955,treatment,0,mobile
6055,control,0,mobile
4794,control,0,mobile
9598,treatment,0,desktop
4885,control,0,mobile
6673,control,0,desktop
10437,treatment,0,mobile
600,control,0,desktop
9328,treatment,1,desktop
10577,treatment,0,mobile
13268,treatment,0,mobile
4734,control,0,desktop
15190,treatment,0,desktop
13495,treatment,1,desktop
3449,control,0,mobile
12481,treatment,0,mobile
9998,treatment,1,desktop
13498,treatment,0,mobile
13621,treatment,0,desktop
4167,control,0,desktop
1893,control,0,desktop
15338,treatment,0,mobile
5038,control,0,desktop
9596,treatment,0,mobile
12668,treatment,0,mobile
15070,treatment,0,mobile
14654,treatment,1,desktop
10199,treatment,0,mobile
6076,control,0,desktop
5463,control,0,desktop
4399,control,0,desktop
10146,treatment,0,mobile
14646,treatment,0,mobile
7324,control,1,mobile
12429,treatment,0,mobile
6341,control,0,mobile
2081,control,0,mobile
14316,treatment,0,mobile
1897,control,0,desktop
4695,control,0,mobile
10629,treatment,0,desktop
7467,control,0,desktop
4291,control,0,mobile
1579,control,0,mobile
14596,treatment,0,mobile
5617,control,0,desktop
15689,treatment,0,mobile
9910,treatment,0,desktop
13480,treatment,0,mobile
798,control,0,mobile
12012,treatment,0,desktop
4922,control,0,desktop
11295,treatment,0,desktop
12073,treatment,0,mobile
1525,control,0,mobile
9514,treatment,0,mobile
6755,control,1,mobile
9181,treatment,0,mobile
5283,control,1,desktop
2159,control,0,mobile
9419,treatment,1,mobile
9082,treatment,0,desktop
13091,treatment,0,desktop
12264,treatment,0,mobile
762,control,0,desktop
6601,control,0,desktop
7640,control,0,mobile
10895,treatment,0,mobile
7525,control,0,desktop
15173,treatment,0,desktop
8579,treatment,0,mobile
11645,treatment,0,mobile
7272,control,0,mobile
5259,control,0,desktop
4108,control,0,desktop
4168,control,0,mobile
13603,treatment,0,desktop
9295,treatment,1,mobile
3106,control,0,mobile
4365,control,0,mobile
7755,control,0,desktop
15479,treatment,0,desktop
1290,control,0,mobile
12537,treatment,0,mobile
6040,control,0,mobile
3532,control,0,desktop
5723,control,1,desktop
5105,control,0,mobile
6085,control,0,mobile
1645,control,0,desktop
9474,treatment,0,desktop
8352,treatment,0,mobile
6851,control,0,desktop
15019,treatment,0,mobile
5890,control,0,mobile
325,control,0,desktop
212,control,0,mobile
14144,treatment,0,mobile
1514,control,0,desktop
11984,treatment,0,desktop
12881,treatment,0,mobile
664,control,0,desktop
9227,treatment,0,mobile
2183,control,0,mobile
14247,treatment,0,mobile
7607,control,0,mobile
2337,control,0,desktop
3192,control,0,mobile
8801,treatment,0,mobile
2124,control,0,desktop
15607,treatment,1,mobile
8139,treatment,0,desktop
3557,control,0,mobile
4428,control,1,mobile
4595,control,1,mobile
15174,treatment,0,desktop
12103,treatment,0,desktop
14387,treatment,0,mobile
15637,treatment,0,desktop
1950,control,0,desktop
6305,control,0,desktop
10568,treatment,0,mobile
15007,treatment,0,mobile
11484,treatment,0,desktop
974,control,0,desktop
15268,treatment,0,mobile
12507,treatment,0,mobile
10406,treatment,0,mobile
9637,treatment,0,desktop
1118,control,0,mobile
2918,control,0,mobile
3020,control,0,mobile
10316,treatment,0,mobile
14394,treatment,1,desktop
11774,treatment,0,mobile
10311,treatment,0,mobile
10366,treatment,0,desktop
14407,treatment,0,desktop
2781,control,0,mobile
7541,control,0,mobile
15225,treatment,0,mobile
4926,control,0,desktop
15375,treatment,0,desktop
5569,control,0,mobile
5068,control,0,mobile
5016,control,0,mobile
4204,control,0,desktop
12280,treatment,0,desktop
10436,treatment,0,mobile
4112,control,0,mobile
12769,treatment,0,mobile
15977,treatment,0,mobile
12797,treatment,0,mobile
9872,treatment,0,desktop
7127,control,0,desktop
10019,treatment,0,desktop
15011,treatment,0,mobile
480,control,0,mobile
9869,treatment,0,mobile
10084,treatment,0,desktop
14900,treatment,0,desktop
2895,control,0,mobile
11813,treatment,0,mobile
14118,treatment,0,desktop
11288,treatment,0,desktop
2248,control,1,mobile
10846,treatment,0,desktop
2125,control,0,mobile
9287,treatment,0,desktop
5654,control,0,desktop
9635,treatment,0,desktop
10387,treatment,0,mobile
6412,control,1,desktop
15604,treatment,0,mobile
2263,control,0,mobile
12509,treatment,0,mobile
4720,control,0,desktop
12610,treatment,0,desktop
8000,control,0,desktop
7869,control,0,mobile
643,control,1,mobile
4404,control,0,mobile
13533,treatment,0,mobile
10909,treatment,0,mobile
15948,treatment,0,desktop
14048,treatment,0,desktop
6364,control,0,mobile
5664,control,0,mobile
392,control,0,desktop
10030,treatment,0,mobile
1962,control,0,mobile
10159,treatment,0,mobile
4906,control,0,desktop
7435,control,0,mobile
14534,treatment,0,mobile
8621,treatment,0,mobile
8064,treatment,0,mobile
2888,control,0,mobile
4469,control,1,desktop
11681,treatment,0,desktop
4140,control,0,mobile
14359,treatment,0,desktop
3254,control,0,mobile
8995,treatment,0,desktop
8237,treatment,0,desktop
10233,treatment,0,mobile
3808,control,0,desktop
86,control,0,mobile
395,control,0,mobile
7234,control,0,mobile
1859,control,0,mobile
9970,treatment,0,desktop
12333,treatment,0,desktop
13047,treatment,0,mobile
9617,treatment,0,mobile
12329,treatment,0,desktop
1733,control,0,mobile
6996,control,0,desktop
11662,treatment,0,mobile
12709,treatment,0,desktop
8481,treatment,0,desktop
7652,control,0,mobile
9859,treatment,0,mobile
14570,treatment,0,mobile
5731,control,1,mobile
8980,treatment,0,mobile
15697,treatment,0,desktop
2184,control,0,mobile
15085,treatment,0,mobile
4860,control,0,desktop
6248,control,0,desktop
3043,control,0,mobile
10279,treatment,0,mobile
868,control,0,desktop
4961,control,1,desktop
2749,control,0,desktop
1254,control,0,mobile
10078,treatment,0,mobile
848,control,0,desktop
8868,treatment,0,mobile
1715,control,0,desktop
5426,control,0,mobile
5888,control,0,mobile
9314,treatment,0,mobile
7505,control,0,desktop
9445,treatment,0,desktop
8985,treatment,0,mobile
3005,control,0,mobile
2733,control,0,desktop
1161,control,0,mobile
4965,control,0,desktop
6400,control,0,mobile
10885,treatment,0,desktop
4857,control,0,desktop
5735,control,0,mobile
14276,treatment,0,desktop
12442,treatment,0,mobile
6857,control,0,mobile
2814,control,1,desktop
9879,treatment,1,mobile
7003,control,0,desktop
2770,control,0,mobile
10996,treatment,0,desktop
12899,treatment,0,desktop
2941,control,0,desktop
9070,treatment,0,mobile
416,control,0,mobile
8006,treatment,0,mobile
5605,control,0,desktop
14083,treatment,0,desktop
13624,treatment,0,mobile
10272,treatment,0,mobile
15082,treatment,0,desktop
5590,control,0,mobile
9483,treatment,0,desktop
12941,treatment,0,desktop
11341,treatment,0,mobile
4576,control,0,desktop
5854,control,0,mobile
6195,control,0,mobile
1741,control,0,desktop
7566,control,0,desktop
15851,treatment,0,desktop
12970,treatment,0,mobile
12087,treatment,0,mobile
4964,control,0,mobile
3051,control,0,mobile
7768,control,0,mobile
15526,treatment,0,desktop
15938,treatment,0,desktop
9521,treatment,0,mobile
11014,treatment,0,mobile
39,control,1,mobile
12590,treatment,0,desktop
129,control,0,mobile
4037,control,0,desktop
3533,control,0,desktop
8226,treatment,0,mobile
8530,treatment,0,desktop
9051,treatment,0,desktop
14463,treatment,0,mobile
4413,control,0,desktop
5409,control,0,mobile
2224,control,0,desktop
5307,control,1,desktop
3231,control,0,desktop
2713,control,0,mobile
9104,treatment,0,mobile
1075,control,0,desktop
4036,control,0,desktop
12294,treatment,0,mobile
4807,control,0,desktop
2601,control,0,mobile
11909,treatment,0,mobile
9623,treatment,0,desktop
7909,control,1,mobile
201,control,0,desktop
7384,control,1,desktop
14754,treatment,1,desktop
14895,treatment,0,mobile
6067,control,0,desktop
9965,treatment,0,mobile
388,control,0,desktop
4178,control,0,mobile
10856,treatment,0,desktop
9849,treatment,0,desktop
15815,treatment,0,desktop
9927,treatment,0,mobile
10525,treatment,0,desktop
4671,control,0,desktop
13851,treatment,0,mobile
15443,treatment,1,desktop
5610,control,0,desktop
10686,treatment,0,mobile
1964,control,0,mobile
11380,treatment,0,desktop
7859,control,0,desktop
5535,control,0,desktop
15725,treatment,0,desktop
1316,control,0,desktop
611,control,0,mobile
9396,treatment,0,mobile
7486,control,0,mobile
7294,control,0,desktop
429,control,0,mobile
797,control,0,mobile
369,control,0,mobile
5530,control,0,mobile
2431,control,0,mobile
5710,control,0,mobile
9857,treatment,0,mobile
406,control,0,desktop
1957,control,0,desktop
13387,treatment,0,desktop
5421,control,0,mobile
13894,treatment,0,mobile
8587,treatment,0,mobile
7319,control,0,mobile
14051,treatment,0,mobile
6070,control,0,mobile
3732,control,0,desktop
12935,treatment,0,desktop
2863,control,0,mobile
11527,treatment,0,mobile
14645,treatment,0,mobile
9264,treatment,0,mobile
12498,treatment,0,mobile
10878,treatment,0,mobile
10776,treatment,0,mobile
10173,treatment,0,mobile
10832,treatment,0,desktop
13030,treatment,0,mobile
7288,control,0,mobile
11609,treatment,0,desktop
8922,treatment,0,mobile
269,control,0,mobile
2466,control,0,mobile
12273,treatment,0,desktop
12454,treatment,1,desktop
5857,control,0,desktop
6296,control,0,desktop
10803,treatment,0,mobile
14346,treatment,0,desktop
8892,treatment,0,mobile
3323,control,1,mobile
10719,treatment,0,desktop
793,control,0,desktop
10697,treatment,0,mobile
8615,treatment,0,mobile
6338,control,0,desktop
6208,control,0,mobile
663,control,0,mobile
1870,control,0,mobile
5357,control,0,mobile
3605,control,1,mobile
14719,treatment,0,mobile
14320,treatment,0,mobile
14695,treatment,0,desktop
3332,control,0,mobile
1916,control,0,mobile
13695,treatment,0,mobile
2538,control,0,desktop
1634,control,0,desktop
3909,control,0,mobile
3632,control,0,desktop
8327,treatment,0,desktop
13975,treatment,1,desktop
9817,treatment,0,mobile
4894,control,0,mobile
1437,control,0,desktop
15313,treatment,0,mobile
4194,control,0,mobile
13934,treatment,1,desktop
12326,treatment,0,mobile
621,control,1,mobile
10797,treatment,1,mobile
7439,control,0,mobile
397,control,0,desktop
15947,treatment,0,mobile
6378,control,0,mobile
11483,treatment,0,mobile
1157,control,0,mobile
14901,treatment,0,mobile
15571,treatment,0,desktop
10870,treatment,0,desktop
12377,treatment,0,desktop
11141,treatment,0,desktop
15175,treatment,0,desktop
10873,treatment,0,mobile
5584,control,0,mobile
10529,treatment,1,desktop
14992,treatment,0,mobile
8392,treatment,0,mobile
802,control,0,mobile
8499,treatment,0,mobile
7900,control,0,mobile
6162,control,0,mobile
1430,control,0,mobile
8982,treatment,0,desktop
8374,treatment,0,mobile
4931,control,1,mobile
10510,treatment,0,mobile
12117,treatment,0,mobile
4396,control,0,desktop
3039,control,0,desktop
7845,control,0,mobile
12289,treatment,0,mobile
6585,control,0,desktop
1894,control,1,mobile
12943,treatment,0,desktop
6637,control,0,desktop
7654,control,0,desktop
1807,control,0,mobile
4446,control,0,desktop
5572,control,0,desktop
7812,control,0,mobile
11777,treatment,0,desktop
8633,treatment,0,desktop
12800,treatment,0,mobile
8809,treatment,1,mobile
11216,treatment,0,mobile
4601,control,0,mobile
2299,control,0,mobile
130,control,0,desktop
9271,treatment,0,desktop
4556,control,0,mobile
2073,control,0,mobile
2482,control,0,desktop
10153,treatment,1,desktop
6216,control,0,mobile
309,control,0,desktop
9729,treatment,0,desktop
9244,treatment,0,mobile
14337,treatment,0,mobile
3249,control,1,mobile
10458,treatment,0,mobile
13370,treatment,0,desktop
7088,control,0,desktop
9180,treatment,0,mobile
14115,treatment,0,desktop
4816,control,0,desktop
11948,treatment,0,desktop
14627,treatment,0,desktop
5626,control,0,desktop
2064,control,0,mobile
3861,control,1,mobile
6771,control,0,desktop
13543,treatment,0,mobile
12478,treatment,0,desktop
11352,treatment,0,desktop
10536,treatment,0,desktop
6972,control,0,desktop
2804,control,0,mobile
8641,treatment,0,mobile
15962,treatment,0,mobile
8498,treatment,0,mobile
8748,treatment,0,mobile
14980,treatment,0,mobile
5114,control,0,desktop
8720,treatment,0,mobile
4312,control,0,mobile
7371,control,0,mobile
5711,control,0,desktop
1363,control,1,desktop
11974,treatment,0,mobile
13863,treatment,0,mobile
11096,treatment,0,desktop
14650,treatment,0,mobile
14689,treatment,0,desktop
1339,control,0,desktop
2820,control,0,mobile
7764,control,0,desktop
11122,treatment,0,mobile
4247,control,0,mobile
6531,control,0,mobile
11240,treatment,0,desktop
6018,control,0,desktop
8487,treatment,1,desktop
6822,control,1,desktop
7820,control,0,desktop
9991,treatment,0,mobile
9405,treatment,0,mobile
13200,treatment,0,desktop
6545,control,0,desktop
1899,control,0,desktop
2665,control,0,mobile
5615,control,0,mobile
3314,control,0,desktop
10278,treatment,0,desktop
8772,treatment,1,desktop
13781,treatment,0,mobile
1811,control,0,mobile
10854,treatment,0,desktop
13117,treatment,0,mobile
3746,control,0,desktop
13404,treatment,1,desktop
75,control,0,mobile
7306,control,0,mobile
2001,control,0,desktop
12299,treatment,0,desktop
14510,treatment,0,desktop
10616,treatment,0,mobile
1686,control,0,mobile
3301,control,0,mobile
7092,control,0,mobile
8556,treatment,0,mobile
92,control,1,mobile
5983,control,0,mobile
4468,control,0,mobile
10652,treatment,0,desktop
11509,treatment,0,mobile
2609,control,0,mobile
3617,control,0,mobile
2203,control,0,mobile
5637,control,0,desktop
10787,treatment,0,mobile
11741,treatment,0,mobile
2022,control,0,mobile
9190,treatment,0,desktop
14778,treatment,0,desktop
785,control,0,desktop
8428,treatment,0,mobile
2999,control,0,mobile
13896,treatment,0,desktop
9670,treatment,0,desktop
690,control,0,mobile
12520,treatment,0,desktop
10052,treatment,0,desktop
4288,control,0,mobile
13101,treatment,0,mobile
7922,control,0,mobile
10288,treatment,0,mobile
2740,control,0,mobile
1960,control,0,mobile
8500,treatment,0,desktop
10156,treatment,0,mobile
517,control,0,desktop
7143,control,0,desktop
14052,treatment,0,desktop
5934,control,0,desktop
13125,treatment,0,mobile
10770,treatment,0,mobile
11060,treatment,0,mobile
6193,control,0,mobile
10944,treatment,0,desktop
3721,control,0,desktop
4498,control,0,mobile
628,control,0,mobile
15423,treatment,1,mobile
10154,treatment,0,desktop
1506,control,0,desktop
10143,treatment,0,mobile
1538,control,0,mobile
7012,control,0,mobile
273,control,0,mobile
1757,control,1,mobile
14353,treatment,0,desktop
8914,treatment,0,desktop
23,control,0,mobile
15171,treatment,0,desktop
12282,treatment,0,mobile
8038,treatment,0,desktop
2785,control,1,mobile
6825,control,0,mobile
12505,treatment,0,mobile
11457,treatment,0,mobile
6464,control,0,desktop
1297,control,0,desktop
11032,treatment,0,desktop
15191,treatment,0,desktop
4825,control,0,mobile
3527,control,0,desktop
7709,control,0,mobile
14816,treatment,0,mobile
13010,treatment,0,mobile
2373,control,0,desktop
6395,control,0,mobile
9827,treatment,0,mobile
971,control,0,mobile
13756,treatment,0,mobile
249,control,0,desktop
4881,control,0,desktop
3730,control,0,desktop
13405,treatment,0,desktop
1711,control,0,mobile
4835,control,0,desktop
13869,treatment,1,mobile
2404,control,0,desktop
4014,control,0,desktop
12397,treatment,1,mobile
12162,treatment,0,mobile
13001,treatment,1,mobile
3340,control,0,desktop
14796,treatment,0,desktop
12340,treatment,0,desktop
5895,control,0,desktop
13690,treatment,0,mobile
3475,control,0,mobile
14580,treatment,0,mobile
460,control,1,desktop
2791,control,0,desktop
703,control,0,mobile
11022,treatment,0,mobile
11708,treatment,0,mobile
12296,treatment,0,mobile
9540,treatment,0,mobile
11528,treatment,0,desktop
8734,treatment,0,mobile
12350,treatment,0,mobile
13731,treatment,1,mobile
2294,control,0,mobile
14293,treatment,0,desktop
448,control,0,desktop
13239,treatment,0,mobile
6491,control,0,desktop
3566,control,0,mobile
2657,control,0,desktop
12245,treatment,0,mobile
3482,control,0,desktop
6706,control,0,mobile
4315,control,0,mobile
10486,treatment,0,mobile
283,control,0,mobile
1327,control,0,desktop
1519,control,0,mobile
8833,treatment,0,desktop
8485,treatment,1,mobile
14602,treatment,1,mobile
6921,control,0,desktop
15786,treatment,0,desktop
5373,control,0,mobile
5115,control,0,desktop
13930,treatment,0,desktop
12706,treatment,1,desktop
5220,control,0,desktop
15503,treatment,0,desktop
4505,control,0,mobile
14273,treatment,0,mobile
2435,control,0,desktop
562,control,0,desktop
2187,control,0,mobile
9676,treatment,0,desktop
14626,treatment,0,mobile
4098,control,0,mobile
11147,treatment,0,desktop
13418,treatment,0,desktop
4319,control,1,desktop
10760,treatment,0,mobile
13061,treatment,0,desktop
9262,treatment,0,desktop
7332,control,0,mobile
5892,control,0,desktop
999,control,0,desktop
11676,treatment,0,desktop
336,control,0,desktop
1176,control,0,desktop
2743,control,0,mobile
14885,treatment,1,mobile
1598,control,0,mobile
9943,treatment,0,mobile
3473,control,0,mobile
10645,treatment,0,mobile
15000,treatment,0,desktop
3756,control,0,mobile
9195,treatment,0,mobile
8277,treatment,0,mobile
14892,treatment,0,mobile
944,control,0,desktop
15539,treatment,0,mobile
7333,control,0,desktop
9784,treatment,0,mobile
12480,treatment,1,desktop
12376,treatment,0,desktop
4759,control,0,desktop
2594,control,0,desktop
6873,control,0,mobile
14180,treatment,0,mobile
11491,treatment,0,mobile
14457,treatment,0,mobile
15370,treatment,0,mobile
4650,control,1,mobile
6008,control,0,desktop
9489,treatment,0,mobile
11111,treatment,0,desktop
10491,treatment,0,desktop
4287,control,1,mobile
12617,treatment,0,desktop
11493,treatment,0,mobile
6908,control,0,desktop
4775,control,0,mobile
15426,treatment,0,desktop
12079,treatment,0,mobile
4611,control,1,desktop
8403,treatment,0,desktop
4301,control,0,desktop
7691,control,1,mobile
14760,treatment,0,desktop
4233,control,1,desktop
5878,control,0,mobile
15846,treatment,0,mobile
11868,treatment,0,desktop
729,control,0,desktop
5303,control,0,mobile
14363,treatment,0,desktop
5300,control,0,mobile
9911,treatment,0,desktop
5246,control,0,desktop
15293,treatment,0,desktop
3705,control,0,desktop
12620,treatment,0,desktop
11773,treatment,0,mobile
1313,control,0,desktop
9638,treatment,1,mobile
14322,treatment,0,mobile
2796,control,0,mobile
15997,treatment,0,mobile
8721,treatment,0,mobile
13334,treatment,0,desktop
10132,treatment,0,mobile
5386,control,1,mobile
1989,control,0,mobile
7213,control,0,mobile
8383,treatment,0,desktop
2165,control,0,mobile
14562,treatment,0,mobile
1500,control,0,desktop
4358,control,0,mobile
11127,treatment,1,mobile
8099,treatment,0,desktop
12713,treatment,0,desktop
13357,treatment,0,desktop
5083,control,0,desktop
100,control,0,mobile
15279,treatment,0,mobile
15887,treatment,0,desktop
12765,treatment,0,mobile
2392,control,0,desktop
9353,treatment,0,mobile
4942,control,0,desktop
6445,control,0,mobile
219,control,0,mobile
7857,control,0,desktop
14632,treatment,0,mobile
11370,treatment,0,mobile
8302,treatment,0,mobile
6692,control,0,desktop
10744,treatment,1,mobile
12247,treatment,0,desktop
3268,control,0,desktop
7000,control,0,mobile
14071,treatment,0,mobile
3921,control,0,mobile
9451,treatment,0,mobile
11610,treatment,0,desktop
2938,control,0,mobile
10959,treatment,0,desktop
2742,control,0,desktop
6804,control,0,mobile
3058,control,0,mobile
6942,control,1,mobile
13142,treatment,0,mobile
13876,treatment,0,desktop
343,control,0,desktop
11090,treatment,0,desktop
10570,treatment,0,desktop
2008,control,0,mobile
10931,treatment,0,mobile
14120,treatment,0,desktop
10027,treatment,0,desktop
11718,treatment,0,mobile
7701,control,0,desktop
2276,control,0,desktop
12573,treatment,0,mobile
13094,treatment,1,desktop
6686,control,0,mobile
12742,treatment,0,mobile
4397,control,0,mobile
704,control,0,mobile
5990,control,1,desktop
1055,control,0,desktop
12799,treatment,0,desktop
360,control,0,desktop
15353,treatment,0,mobile
1570,control,0,mobile
9346,treatment,0,desktop
15336,treatment,0,mobile
2350,control,0,mobile
14270,treatment,0,mobile
8776,treatment,0,desktop
15285,treatment,0,mobile
6515,control,0,mobile
7967,control,1,mobile
14817,treatment,0,mobile
8331,treatment,0,desktop
8269,treatment,0,mobile
13988,treatment,0,mobile
11345,treatment,0,desktop
14541,treatment,1,mobile
7271,control,0,desktop
10844,treatment,0,mobile
241,control,0,mobile
7068,control,0,desktop
9311,treatment,0,desktop
14714,treatment,0,mobile
12191,treatment,0,desktop
10157,treatment,0,mobile
13295,treatment,0,mobile
8191,treatment,0,mobile
13102,treatment,0,mobile
1399,control,0,desktop
29,control,0,desktop
1663,control,0,desktop
14417,treatment,0,mobile
13452,treatment,0,desktop
5091,control,0,desktop
5729,control,0,mobile
7903,control,0,mobile
6154,control,1,mobile
858,control,0,mobile
9436,treatment,0,desktop
13537,treatment,0,mobile
9808,treatment,0,desktop
2898,control,0,mobile
4842,control,0,mobile
11996,treatment,0,desktop
1061,control,0,mobile
13574,treatment,0,mobile
12019,treatment,0,mobile
6295,control,0,desktop
15915,treatment,0,desktop
9574,treatment,0,desktop
10170,treatment,0,mobile
2582,control,0,mobile
9546,treatment,0,mobile
5001,control,0,mobile
11982,treatment,0,mobile
4172,control,0,mobile
11554,treatment,0,mobile
4763,control,1,desktop
1740,control,0,desktop
11572,treatment,0,desktop
15185,treatment,0,desktop
14757,treatment,0,mobile
15256,treatment,0,mobile
3033,control,0,mobile
11900,treatment,0,mobile
10169,treatment,0,desktop
12689,treatment,0,mobile
1198,control,0,mobile
6705,control,0,desktop
13149,treatment,0,desktop
5258,control,0,mobile
13394,treatment,0,desktop
8565,treatment,0,mobile
3892,control,0,mobile
7472,control,0,mobile
15797,treatment,1,mobile
14414,treatment,0,desktop
1832,control,0,mobile
5331,control,0,desktop
5874,control,0,desktop
15884,treatment,0,mobile
3262,control,0,desktop
521,control,0,mobile
912,control,0,mobile
14737,treatment,0,mobile
4577,control,0,desktop
5528,control,0,desktop
10438,treatment,0,mobile
15583,treatment,0,desktop
14535,treatment,1,mobile
13277,treatment,0,desktop
9701,treatment,0,mobile
3900,control,0,desktop
256,control,1,desktop
9718,treatment,0,desktop
13019,treatment,0,mobile
14543,treatment,0,mobile
4582,control,0,desktop
14558,treatment,0,mobile
15933,treatment,0,mobile
12981,treatment,1,mobile
13392,treatment,0,desktop
3577,control,0,mobile
6813,control,0,desktop
1092,control,0,mobile
7982,control,0,mobile
3015,control,0,mobile
9122,treatment,1,desktop
14061,treatment,0,desktop
10583,treatment,0,desktop
12374,treatment,1,mobile
15407,treatment,0,desktop
3018,control,0,desktop
5543,control,0,mobile
12593,treatment,0,mobile
4512,control,0,desktop
355,control,0,desktop
553,control,0,desktop
13025,treatment,0,mobile
15817,treatment,0,mobile
10453,treatment,1,mobile
12776,treatment,0,desktop
11113,treatment,1,mobile
13535,treatment,1,mobile
14803,treatment,0,mobile
11985,treatment,0,mobile
14333,treatment,0,mobile
386,control,0,mobile
3016,control,0,mobile
11795,treatment,0,desktop
3352,control,0,mobile
224,control,1,mobile
8319,treatment,0,mobile
826,control,0,desktop
3391,control,0,desktop
1052,control,0,desktop
12235,treatment,0,desktop
15515,treatment,0,mobile
9318,treatment,0,mobile
10752,treatment,1,mobile
12323,treatment,0,mobile
1463,control,0,desktop
4877,control,0,desktop
5178,control,0,mobile
10509,treatment,0,desktop
93,control,0,mobile
12227,treatment,0,mobile
8206,treatment,0,mobile
5748,control,0,desktop
12648,treatment,0,mobile
9365,treatment,0,mobile
965,control,0,mobile
15744,treatment,0,desktop
1602,control,0,desktop
14786,treatment,0,mobile
10555,treatment,0,mobile
4443,control,0,desktop
3583,control,1,desktop
13941,treatment,0,mobile
2227,control,0,desktop
11274,treatment,0,mobile
11047,treatment,0,mobile
14740,treatment,0,mobile
11262,treatment,0,desktop
3204,control,0,desktop
7314,control,0,mobile
9025,treatment,0,mobile
11889,treatment,0,desktop
13162,treatment,0,mobile
11334,treatment,0,desktop
1685,control,0,mobile
14165,treatment,0,desktop
12243,treatment,1,mobile
4189,control,0,mobile
791,control,0,mobile
14662,treatment,0,desktop
4462,control,0,desktop
9959,treatment,0,mobile
11684,treatment,0,desktop
7190,control,0,desktop
8551,treatment,0,desktop
11121,treatment,0,mobile
204,control,1,mobile
15114,treatment,0,mobile
12887,treatment,0,mobile
4722,control,0,desktop
3845,control,0,mobile
2107,control,0,desktop
12051,treatment,0,mobile
4546,control,0,desktop
5023,control,0,mobile
1187,control,0,mobile
8312,treatment,0,desktop
14531,treatment,0,desktop
9593,treatment,1,mobile
9681,treatment,1,mobile
5563,control,0,desktop
4771,control,0,mobile
15719,treatment,0,mobile
6339,control,0,desktop
1293,control,1,desktop
7380,control,0,mobile
11663,treatment,0,mobile
10590,treatment,0,mobile
4234,control,0,mobile
10601,treatment,0,mobile
1283,control,0,mobile
589,control,0,desktop
13862,treatment,0,desktop
9418,treatment,0,desktop
4030,control,1,mobile
2795,control,0,mobile
12322,treatment,0,mobile
14059,treatment,0,desktop
11318,treatment,1,mobile
1114,control,0,mobile
7630,control,0,mobile
13871,treatment,0,desktop
12718,treatment,0,mobile
3440,control,0,mobile
13820,treatment,0,desktop
11350,treatment,0,desktop
6253,control,0,desktop
8619,treatment,0,desktop
1337,control,0,desktop
15855,treatment,0,desktop
2579,control,0,desktop
13363,treatment,1,mobile
10521,treatment,0,mobile
11665,treatment,0,mobile
1956,control,0,mobile
11164,treatment,1,mobile
6149,control,0,desktop
15198,treatment,1,desktop
7447,control,1,mobile
888,control,0,mobile
11048,treatment,0,desktop
1650,control,0,desktop
2935,control,0,mobile
7987,control,0,mobile
11559,treatment,0,mobile
8192,treatment,0,mobile
4383,control,0,desktop
3187,control,0,desktop
15264,treatment,0,desktop
4077,control,0,desktop
9531,treatment,0,desktop
4470,control,0,mobile
3569,control,0,desktop
135,control,1,mobile
10162,treatment,0,mobile
14869,treatment,0,mobile
11400,treatment,0,mobile
6090,control,0,desktop
14623,treatment,1,desktop
15852,treatment,0,desktop
9198,treatment,0,desktop
12574,treatment,0,mobile
12470,treatment,0,desktop
9843,treatment,1,mobile
346,control,0,desktop
13741,treatment,0,desktop
307,control,0,mobile
14819,treatment,0,mobile
3624,control,1,desktop
1311,control,0,mobile
2675,control,0,desktop
1819,control,0,mobile
4105,control,0,desktop
13170,treatment,0,mobile
794,control,0,desktop
9464,treatment,0,mobile
2574,control,0,desktop
9647,treatment,0,mobile
5494,control,0,desktop
6256,control,0,mobile
6920,control,0,desktop
11922,treatment,1,mobile
852,control,0,mobile
8909,treatment,1,desktop
8261,treatment,0,mobile
4921,control,0,mobile
13664,treatment,0,mobile
8920,treatment,0,desktop
12026,treatment,1,mobile
11067,treatment,0,mobile
13593,treatment,0,desktop
12640,treatment,0,mobile
15421,treatment,0,desktop
11756,treatment,0,mobile
11029,treatment,0,mobile
10330,treatment,0,desktop
10102,treatment,0,mobile
15339,treatment,0,mobile
3492,control,0,desktop
15410,treatment,1,mobile
8098,treatment,0,mobile
6159,control,0,mobile
2581,control,0,mobile
13962,treatment,1,mobile
13920,treatment,1,mobile
4830,control,0,desktop
2948,control,0,desktop
7986,control,0,desktop
13454,treatment,0,mobile
2763,control,0,mobile
3688,control,0,desktop
6947,control,0,mobile
15057,treatment,0,mobile
13987,treatment,0,mobile
6185,control,0,mobile
1402,control,1,mobile
9134,treatment,1,mobile
14930,treatment,0,mobile
942,control,0,desktop
7577,control,0,mobile
15020,treatment,0,desktop
12461,treatment,0,mobile
11659,treatment,0,desktop
9268,treatment,0,mobile
11597,treatment,1,mobile
4039,control,0,desktop
9976,treatment,0,mobile
15678,treatment,0,desktop
10205,treatment,0,mobile
14799,treatment,0,mobile
7304,control,0,mobile
10849,treatment,0,mobile
7004,control,0,mobile
12998,treatment,0,mobile
5183,control,0,mobile
11245,treatment,0,mobile
3159,control,1,desktop
6741,control,0,mobile
6058,control,0,mobile
13485,treatment,0,mobile
6056,control,0,desktop
5507,control,0,mobile
14896,treatment,0,mobile
8657,treatment,0,mobile
15874,treatment,0,mobile
645,control,0,mobile
5839,control,0,desktop
4909,control,0,desktop
4281,control,0,mobile
2606,control,0,mobile
3992,control,0,mobile
5340,control,0,mobile
8180,treatment,0,mobile
511,control,0,mobile
12195,treatment,0,mobile
14882,treatment,0,desktop
1821,control,0,desktop
6041,control,0,mobile
9466,treatment,0,desktop
7220,control,0,desktop
11283,treatment,0,mobile
3816,control,0,mobile
14171,treatment,0,desktop
13048,treatment,0,desktop
13875,treatment,0,mobile
14169,treatment,1,desktop
2879,control,0,mobile
7102,control,0,desktop
14241,treatment,0,desktop
7156,control,0,desktop
3580,control,0,mobile
80,control,0,mobile
4511,control,0,desktop
12067,treatment,1,desktop
12790,treatment,0,mobile
12569,treatment,0,desktop
13421,treatment,0,mobile
595,control,0,desktop
13365,treatment,0,desktop
7548,control,1,mobile
11967,treatment,0,mobile
4884,control,0,mobile
4426,control,1,mobile
3737,control,0,mobile
13397,treatment,0,mobile
4340,control,0,mobile
11174,treatment,1,desktop
14848,treatment,0,mobile
14629,treatment,0,desktop
7346,control,0,mobile
11818,treatment,0,mobile
4430,control,0,mobile
13994,treatment,0,mobile
9093,treatment,0,mobile
10556,treatment,0,desktop
6519,control,0,desktop
6495,control,1,mobile
11072,treatment,0,mobile
828,control,0,desktop
12010,treatment,1,mobile
11417,treatment,1,mobile
485,control,0,mobile
2386,control,0,desktop
4406,control,1,mobile
14202,treatment,0,desktop
223,control,0,mobile
8766,treatment,0,mobile
5359,control,0,desktop
10478,treatment,0,desktop
7551,control,0,mobile
8767,treatment,1,mobile
1521,control,0,mobile
4733,control,0,mobile
14000,treatment,0,mobile
14585,treatment,1,desktop
535,control,0,mobile
5207,control,0,mobile
240,control,0,desktop
14679,treatment,0,mobile
7428,control,0,desktop
5467,control,0,mobile
13259,treatment,0,mobile
7969,control,0,mobile
6015,control,0,mobile
13634,treatment,0,desktop
2870,control,0,desktop
13082,treatment,0,mobile
1148,control,0,desktop
2071,control,0,mobile
1308,control,1,mobile
3073,control,0,desktop
14327,treatment,0,mobile
10172,treatment,1,mobile
8472,treatment,0,mobile
14559,treatment,0,mobile
14044,treatment,0,mobile
12502,treatment,0,desktop
13522,treatment,0,desktop
6027,control,0,desktop
1549,control,0,mobile
2115,control,0,mobile
14589,treatment,0,desktop
2801,control,0,desktop
6701,control,0,mobile
13674,treatment,0,desktop
12707,treatment,0,mobile
640,control,0,mobile
4345,control,0,desktop
8901,treatment,0,desktop
11348,treatment,0,mobile
8963,treatment,0,mobile
13817,treatment,1,mobile
15715,treatment,0,mobile
6799,control,0,mobile
9334,treatment,1,mobile
8173,treatment,0,mobile
7215,control,0,mobile
1627,control,0,desktop
11321,treatment,0,mobile
7874,control,0,desktop
1366,control,0,mobile
14524,treatment,0,desktop
13324,treatment,0,mobile
9011,treatment,0,desktop
9009,treatment,0,mobile
14047,treatment,0,mobile
14555,treatment,0,mobile
1911,control,1,mobile
5079,control,0,mobile
15878,treatment,1,mobile
233,control,0,desktop
9631,treatment,0,mobile
15308,treatment,0,mobile
14426,treatment,0,desktop
2379,control,0,desktop
2980,control,0,desktop
15247,treatment,0,desktop
1623,control,0,desktop
3612,control,1,desktop
9433,treatment,0,mobile
13732,treatment,0,mobile
14678,treatment,0,desktop
5838,control,0,mobile
12633,treatment,0,mobile
2974,control,0,mobile
10743,treatment,0,desktop
3190,control,0,mobile
9629,treatment,1,mobile
11376,treatment,0,desktop
3400,control,0,mobile
7891,control,0,desktop
7839,control,0,mobile
12683,treatment,1,desktop
12823,treatment,0,mobile
15603,treatment,1,mobile
2836,control,0,mobile
5903,control,0,mobile
11475,treatment,1,mobile
1105,control,0,mobile
11685,treatment,0,mobile
7626,control,0,desktop
7653,control,0,mobile
8218,treatment,0,mobile
7193,control,0,mobile
5595,control,0,mobile
10594,treatment,0,mobile
1616,control,0,desktop
9883,treatment,1,desktop
105,control,0,desktop
10197,treatment,0,mobile
13115,treatment,0,desktop
5858,control,0,desktop
10713,treatment,0,desktop
11268,treatment,0,mobile
1750,control,0,desktop
8424,treatment,0,mobile
8878,treatment,0,desktop
12558,treatment,0,mobile
11715,treatment,1,mobile
13028,treatment,0,mobile
11497,treatment,0,mobile
14864,treatment,1,desktop
10634,treatment,0,desktop
12907,treatment,0,desktop
7286,control,0,mobile
4051,control,0,desktop
9877,treatment,0,mobile
14140,treatment,0,desktop
4180,control,0,mobile
8216,treatment,0,desktop
2443,control,0,desktop
1507,control,0,desktop
13938,treatment,0,desktop
10106,treatment,1,mobile
12265,treatment,0,mobile
344,control,0,desktop
4882,control,0,desktop
2411,control,0,desktop
14352,treatment,1,desktop
15602,treatment,0,mobile
6349,control,0,desktop
7433,control,0,desktop
12915,treatment,0,desktop
6382,control,0,desktop
15440,treatment,0,mobile
113,control,0,desktop
14666,treatment,0,desktop
11263,treatment,0,mobile
5906,control,0,desktop
7065,control,0,mobile
6234,control,0,mobile
12400,treatment,0,mobile
15705,treatment,0,desktop
8457,treatment,0,mobile
15055,treatment,0,desktop
14081,treatment,1,mobile
8282,treatment,0,desktop
882,control,0,mobile
6669,control,0,mobile
9480,treatment,0,mobile
2769,control,0,desktop
10620,treatment,0,mobile
9844,treatment,0,mobile
6808,control,1,mobile
4901,control,0,desktop
6566,control,0,desktop
9007,treatment,0,desktop
15673,treatment,1,mobile
6017,control,0,mobile
2529,control,0,mobile
12396,treatment,0,mobile
2812,control,0,desktop
12829,treatment,0,mobile
5363,control,0,desktop
10587,treatment,1,desktop
8640,treatment,0,mobile
9217,treatment,0,desktop
5658,control,0,desktop
12003,treatment,0,mobile
1091,control,0,mobile
11403,treatment,0,desktop
4731,control,0,mobile
7743,control,0,mobile
5327,control,0,mobile
6749,control,0,desktop
2402,control,1,desktop
686,control,1,desktop
8494,treatment,1,desktop
3640,control,1,desktop
1329,control,1,desktop
4686,control,0,mobile
10545,treatment,0,mobile
6846,control,0,desktop
8317,treatment,0,mobile
3078,control,0,desktop
8427,treatment,0,desktop
15008,treatment,0,desktop
4955,control,0,desktop
10276,treatment,0,desktop
3506,control,0,desktop
7716,control,0,mobile
6781,control,0,desktop
2066,control,1,mobile
10126,treatment,0,desktop
1121,control,0,desktop
9289,treatment,0,mobile
11800,treatment,0,desktop
14601,treatment,0,desktop
2080,control,0,desktop
922,control,0,mobile
3424,control,0,mobile
3842,control,0,mobile
11550,treatment,1,desktop
764,control,1,desktop
15552,treatment,0,desktop
8923,treatment,0,mobile
8691,treatment,0,mobile
3833,control,0,mobile
5484,control,0,mobile
2363,control,0,mobile
4137,control,1,mobile
7123,control,0,desktop
8090,treatment,0,mobile
3947,control,0,desktop
2053,control,1,desktop
4208,control,0,desktop
9380,treatment,0,desktop
9103,treatment,0,mobile
7138,control,0,desktop
10522,treatment,0,desktop
7008,control,0,mobile
6951,control,1,mobile
5013,control,0,mobile
10935,treatment,0,mobile
13791,treatment,0,desktop
4114,control,0,desktop
5811,control,0,desktop
8373,treatment,1,mobile
2578,control,0,mobile
14399,treatment,0,mobile
1857,control,0,mobile
9706,treatment,0,desktop
4642,control,0,mobile
6004,control,0,desktop
3626,control,0,desktop
4689,control,1,desktop
6190,control,0,desktop
13281,treatment,0,mobile
7950,control,0,desktop
5305,control,0,desktop
15656,treatment,1,mobile
12906,treatment,0,mobile
11677,treatment,0,mobile
143,control,1,desktop
1483,control,0,mobile
13800,treatment,0,mobile
10589,treatment,0,mobile
13501,treatment,1,mobile
13321,treatment,0,mobile
13158,treatment,0,desktop
2622,control,0,mobile
13669,treatment,0,mobile
7206,control,0,desktop
10826,treatment,1,mobile
4518,control,0,mobile
10390,treatment,0,desktop
6420,control,0,mobile
11705,treatment,1,mobile
14311,treatment,1,mobile
9158,treatment,0,desktop
15149,treatment,0,desktop
10664,treatment,0,mobile
131,control,0,mobile
14401,treatment,0,mobile
7189,control,0,desktop
1228,control,0,desktop
1968,control,0,mobile
8710,treatment,0,desktop
10150,treatment,0,desktop
13974,treatment,0,desktop
8247,treatment,0,mobile
667,control,0,mobile
2091,control,1,desktop
14123,treatment,0,desktop
12409,treatment,0,mobile
10439,treatment,1,mobile
3375,control,0,desktop
950,control,0,desktop
13174,treatment,0,desktop
1166,control,0,mobile
12123,treatment,0,desktop
13691,treatment,1,mobile
15810,treatment,0,desktop
4432,control,0,desktop
2398,control,0,desktop
9537,treatment,0,mobile
13627,treatment,0,mobile
9315,treatment,0,mobile
5180,control,0,mobile
2331,control,0,desktop
12492,treatment,0,desktop
3964,control,0,desktop
13391,treatment,0,mobile
675,control,0,desktop
5813,control,0,mobile
15200,treatment,0,mobile
2399,control,0,mobile
8632,treatment,0,desktop
6476,control,0,desktop
4745,control,0,desktop
3930,control,1,mobile
4223,control,0,desktop
4848,control,0,mobile
6724,control,0,mobile
2348,control,0,mobile
11846,treatment,1,mobile
14945,treatment,0,mobile
12437,treatment,0,mobile
14795,treatment,0,desktop
6501,control,0,desktop
14491,treatment,0,mobile
11059,treatment,0,mobile
9578,treatment,0,mobile
15972,treatment,0,mobile
10290,treatment,0,mobile
6258,control,0,mobile
4078,control,0,mobile
1292,control,0,desktop
11864,treatment,1,mobile
1225,control,0,mobile
9306,treatment,0,mobile
1257,control,0,mobile
10241,treatment,0,mobile
14300,treatment,0,desktop
11870,treatment,0,mobile
147,control,0,desktop
10122,treatment,0,mobile
7952,control,0,desktop
3324,control,0,mobile
15805,treatment,0,desktop
12186,treatment,0,desktop
11292,treatment,0,mobile
3675,control,0,mobile
10815,treatment,0,desktop
15864,treatment,0,mobile
11148,treatment,0,mobile
1104,control,0,desktop
3895,control,0,mobile
12038,treatment,0,desktop
9392,treatment,0,mobile
302,control,0,desktop
11784,treatment,0,mobile
6773,control,0,mobile
5097,control,0,desktop
4586,control,0,mobile
1662,control,0,mobile
1523,control,1,desktop
8295,treatment,0,mobile
11601,treatment,0,desktop
3667,control,0,mobile
13511,treatment,0,mobile
13307,treatment,0,desktop
5192,control,0,desktop
1558,control,1,mobile
9801,treatment,0,mobile
8080,treatment,1,mobile
4623,control,0,mobile
7402,control,0,desktop
2374,control,0,mobile
8370,treatment,0,desktop
9491,treatment,0,mobile
7385,control,0,desktop
4738,control,0,desktop
5919,control,0,desktop
1716,control,0,desktop
14309,treatment,0,desktop
7628,control,0,mobile
4561,control,0,desktop
12583,treatment,0,mobile
2272,control,0,desktop
14865,treatment,1,mobile
1869,control,0,mobile
11574,treatment,0,mobile
2982,control,0,desktop
5389,control,0,mobile
4217,control,0,desktop
12837,treatment,0,desktop
15218,treatment,1,mobile
6621,control,0,desktop
881,control,0,mobile
14890,treatment,0,mobile
10350,treatment,0,mobile
15718,treatment,0,desktop
13613,treatment,0,desktop
4661,control,0,mobile
12225,treatment,0,mobile
13861,treatment,0,desktop
4675,control,0,desktop
860,control,0,desktop
1546,control,0,desktop
13483,treatment,0,desktop
398,control,0,mobile
10285,treatment,0,desktop
13814,treatment,0,mobile
864,control,0,mobile
4427,control,0,desktop
13504,treatment,0,mobile
14415,treatment,1,mobile
6742,control,0,desktop
4847,control,0,mobile
9957,treatment,0,mobile
6824,control,0,desktop
13843,treatment,0,mobile
4594,control,0,mobile
1168,control,0,desktop
5847,control,0,desktop
298,control,0,desktop
6890,control,0,mobile
9114,treatment,0,mobile
7940,control,1,desktop
12306,treatment,0,desktop
3706,control,0,desktop
12791,treatment,0,mobile
3406,control,0,mobile
3738,control,0,mobile
3775,control,0,desktop
14705,treatment,0,desktop
13406,treatment,0,desktop
10431,treatment,0,mobile
2322,control,0,desktop
12356,treatment,0,mobile
479,control,0,mobile
1948,control,0,mobile
8742,treatment,0,mobile
5034,control,0,mobile
10838,treatment,0,mobile
5203,control,0,mobile
14993,treatment,1,mobile
11714,treatment,0,mobile
15523,treatment,0,mobile
5236,control,0,desktop
12093,treatment,0,mobile
12279,treatment,0,mobile
14282,treatment,0,mobile
4425,control,0,desktop
3401,control,0,desktop
1289,control,0,desktop
4004,control,0,desktop
1790,control,0,desktop
3258,control,1,desktop
7573,control,0,mobile
15832,treatment,0,mobile
12291,treatment,0,mobile
6280,control,0,desktop
15091,treatment,0,mobile
12399,treatment,0,desktop
14500,treatment,0,desktop
2117,control,0,mobile
4531,control,1,desktop
15611,treatment,0,desktop
12767,treatment,0,desktop
6434,control,0,mobile
14499,treatment,0,desktop
1132,control,0,mobile
2688,control,0,mobile
12807,treatment,0,desktop
13310,treatment,0,mobile
5750,control,0,mobile
14339,treatment,0,mobile
3306,control,0,mobile
15203,treatment,0,mobile
5239,control,1,mobile
9210,treatment,1,mobile
9668,treatment,0,desktop
385,control,0,mobile
10421,treatment,0,mobile
15181,treatment,0,mobile
176,control,0,mobile
14444,treatment,0,mobile
5119,control,1,mobile
2451,control,0,mobile
2253,control,1,mobile
4009,control,0,mobile
3373,control,0,desktop
14435,treatment,0,desktop
14255,treatment,0,desktop
12030,treatment,1,desktop
5074,control,0,desktop
5221,control,0,mobile
9766,treatment,1,mobile
3814,control,0,mobile
7388,control,0,desktop
13913,treatment,0,desktop
2685,control,0,desktop
15784,treatment,0,desktop
14345,treatment,0,desktop
12097,treatment,0,mobile
9272,treatment,0,desktop
3742,control,0,desktop
2208,control,0,mobile
12562,treatment,0,desktop
13011,treatment,0,desktop
3428,control,1,desktop
1372,control,0,mobile
11432,treatment,0,desktop
11464,treatment,0,mobile
3564,control,0,mobile
12039,treatment,0,mobile
13651,treatment,0,mobile
8250,treatment,1,mobile
4564,control,0,desktop
6025,control,0,mobile
4384,control,0,mobile
7951,control,1,desktop
6594,control,0,desktop
9449,treatment,0,mobile
2412,control,0,desktop
13284,treatment,0,mobile
2242,control,1,mobile
15486,treatment,0,mobile
12208,treatment,0,desktop
6671,control,0,desktop
7183,control,0,mobile
13693,treatment,1,desktop
2933,control,1,mobile
11612,treatment,0,desktop
9818,treatment,0,mobile
3843,control,0,mobile
4031,control,0,desktop
12871,treatment,0,mobile
15579,treatment,0,desktop
989,control,1,desktop
7466,control,0,desktop
735,control,0,mobile
7363,control,0,desktop
13703,treatment,0,mobile
13461,treatment,0,mobile
7592,control,0,mobile
12351,treatment,0,mobile
10725,treatment,0,mobile
14078,treatment,1,mobile
11545,treatment,0,desktop
9202,treatment,0,mobile
14433,treatment,0,mobile
3065,control,0,mobile
4407,control,0,mobile
2741,control,1,desktop
10267,treatment,0,desktop
605,control,0,mobile
3907,control,0,desktop
5341,control,0,mobile
7807,control,0,desktop
10558,treatment,0,desktop
2959,control,0,desktop
7838,control,0,mobile
8784,treatment,0,mobile
10375,treatment,0,mobile
8211,treatment,0,mobile
5931,control,0,mobile
6425,control,0,mobile
6324,control,0,mobile
5485,control,0,desktop
606,control,0,desktop
3797,control,0,mobile
4228,control,0,mobile
6392,control,0,mobile
7192,control,0,mobile
7224,control,0,desktop
4353,control,0,desktop
12650,treatment,0,desktop
4296,control,0,desktop
9447,treatment,0,desktop
9310,treatment,1,desktop
8164,treatment,1,mobile
2944,control,0,desktop
11776,treatment,0,desktop
8812,treatment,1,mobile
15525,treatment,0,desktop
5815,control,0,mobile
8123,treatment,1,desktop
12873,treatment,0,mobile
8915,treatment,0,mobile
11053,treatment,0,desktop
9739,treatment,0,mobile
630,control,0,desktop
12458,treatment,0,desktop
7642,control,0,mobile
14720,treatment,0,desktop
8002,treatment,0,mobile
15273,treatment,0,mobile
13582,treatment,0,mobile
2017,control,0,desktop
4370,control,0,desktop
13425,treatment,0,desktop
14199,treatment,1,mobile
14240,treatment,0,mobile
3781,control,0,mobile
10698,treatment,0,desktop
13538,treatment,0,mobile
14139,treatment,1,mobile
13252,treatment,0,mobile
7609,control,0,mobile
554,control,0,desktop
4174,control,0,desktop
10784,treatment,0,desktop
14215,treatment,0,mobile
1544,control,0,mobile
2182,control,0,mobile
1815,control,0,mobile
7875,control,1,desktop
13073,treatment,0,mobile
8898,treatment,1,mobile
7597,control,0,desktop
587,control,0,mobile
1991,control,0,mobile
12822,treatment,1,mobile
11594,treatment,0,mobile
2011,control,0,mobile
5776,control,0,mobile
5066,control,0,desktop
15958,treatment,0,mobile
15662,treatment,0,mobile
3248,control,0,mobile
11488,treatment,0,mobile
4182,control,0,mobile
2146,control,1,desktop
274,control,0,mobile
1848,control,0,mobile
2400,control,0,mobile
301,control,0,mobile
9431,treatment,0,desktop
13453,treatment,1,mobile
9672,treatment,0,mobile
15378,treatment,0,desktop
823,control,0,mobile
2019,control,1,mobile
14582,treatment,0,mobile
13401,treatment,0,mobile
15712,treatment,0,mobile
6451,control,0,mobile
8348,treatment,0,mobile
1011,control,0,mobile
11658,treatment,0,mobile
275,control,0,mobile
4366,control,0,mobile
8240,treatment,0,mobile
11480,treatment,0,mobile
2129,control,0,mobile
925,control,0,desktop
12895,treatment,0,mobile
45,control,0,desktop
13866,treatment,0,mobile
4153,control,0,desktop
220,control,0,mobile
8204,treatment,0,desktop
2897,control,0,desktop
15134,treatment,0,mobile
4298,control,0,desktop
7136,control,0,mobile
3343,control,1,desktop
3098,control,0,mobile
7864,control,1,desktop
12685,treatment,0,mobile
923,control,0,mobile
13592,treatment,0,mobile
15471,treatment,0,mobile
601,control,0,mobile
2656,control,0,desktop
12099,treatment,0,mobile
14593,treatment,0,desktop
9048,treatment,0,desktop
6613,control,0,mobile
7598,control,0,desktop
3553,control,0,mobile
3017,control,1,mobile
3456,control,0,mobile
2997,control,0,mobile
4756,control,0,desktop
4131,control,0,desktop
4646,control,0,desktop
2914,control,0,mobile
715,control,1,desktop
1079,control,1,desktop
4338,control,0,mobile
15249,treatment,1,desktop
12114,treatment,0,desktop
10206,treatment,0,mobile
2057,control,0,mobile
2168,control,0,mobile
4707,control,0,desktop
14634,treatment,1,desktop
12955,treatment,0,mobile
10034,treatment,1,mobile
5052,control,0,desktop
2002,control,0,mobile
11486,treatment,1,mobile
5904,control,0,mobile
620,control,0,mobile
6580,control,0,mobile
9625,treatment,0,desktop
2332,control,0,mobile
6367,control,0,mobile
11537,treatment,0,mobile
3490,control,0,mobile
11337,treatment,1,mobile
12453,treatment,0,mobile
409,control,0,desktop
12347,treatment,0,desktop
3944,control,0,desktop
14182,treatment,0,desktop
2621,control,0,desktop
4138,control,0,desktop
15067,treatment,0,desktop
3521,control,0,mobile
7921,control,0,desktop
9908,treatment,0,desktop
10081,treatment,0,mobile
10228,treatment,0,desktop
3087,control,1,mobile
10181,treatment,0,mobile
9609,treatment,0,desktop
4647,control,0,desktop
14253,treatment,0,desktop
12178,treatment,0,desktop
6241,control,0,mobile
13198,treatment,0,mobile
8070,treatment,0,desktop
3929,control,0,desktop
2317,control,0,desktop
13566,treatment,0,mobile
11102,treatment,0,desktop
11593,treatment,0,mobile
11861,treatment,0,mobile
8471,treatment,0,mobile
6035,control,0,mobile
5737,control,0,mobile
528,control,0,mobile
7539,control,0,desktop
420,control,0,desktop
13382,treatment,0,mobile
7107,control,0,mobile
7932,control,0,mobile
3392,control,0,mobile
5150,control,0,mobile
4545,control,0,mobile
12581,treatment,1,desktop
2453,control,0,mobile
1762,control,0,mobile
6922,control,0,desktop
14701,treatment,0,desktop
11250,treatment,1,desktop
6403,control,0,desktop
12438,treatment,0,mobile
5501,control,0,desktop
9792,treatment,0,mobile
7901,control,0,desktop
2265,control,0,desktop
12248,treatment,0,desktop
11235,treatment,0,desktop
3517,control,0,desktop
15031,treatment,0,mobile
2909,control,0,desktop
1141,control,0,mobile
1908,control,1,desktop
14533,treatment,0,desktop
7167,control,0,desktop
12638,treatment,0,mobile
11562,treatment,0,mobile
9972,treatment,0,desktop
11924,treatment,0,mobile
6718,control,0,desktop
14682,treatment,0,mobile
4326,control,0,desktop
11455,treatment,0,desktop
9602,treatment,0,mobile
10068,treatment,0,mobile
12295,treatment,0,mobile
9156,treatment,0,desktop
11312,treatment,1,mobile
7953,control,0,desktop
4994,control,0,desktop
4068,control,0,desktop
12203,treatment,0,mobile
4356,control,0,mobile
11322,treatment,0,desktop
15333,treatment,0,desktop
5577,control,0,mobile
907,control,0,desktop
15457,treatment,0,desktop
10021,treatment,0,mobile
4554,control,1,desktop
9422,treatment,0,mobile
7518,control,0,mobile
8301,treatment,0,mobile
900,control,0,mobile
7327,control,0,mobile
2520,control,0,mobile
12789,treatment,0,desktop
424,control,0,desktop
9932,treatment,0,mobile
1333,control,0,mobile
8589,treatment,0,desktop
5490,control,0,desktop
15452,treatment,0,desktop
1031,control,0,mobile
14128,treatment,0,desktop
3498,control,0,mobile
10811,treatment,0,desktop
4185,control,0,mobile
11330,treatment,0,mobile
449,control,0,desktop
10038,treatment,0,mobile
7832,control,0,mobile
8340,treatment,0,mobile
7177,control,0,mobile
13052,treatment,0,mobile
8275,treatment,1,mobile
14127,treatment,0,mobile
855,control,1,desktop
8771,treatment,0,mobile
13246,treatment,0,mobile
4141,control,0,desktop
14619,treatment,0,mobile
7006,control,0,desktop
13135,treatment,0,desktop
10176,treatment,1,desktop
14465,treatment,0,mobile
6399,control,0,desktop
13422,treatment,0,mobile
14771,treatment,0,desktop
12298,treatment,0,desktop
16000,treatment,0,desktop
1460,control,0,mobile
5781,control,0,desktop
3145,control,0,mobile
9233,treatment,0,mobile
3676,control,0,mobile
2211,control,0,mobile
12551,treatment,0,mobile
6143,control,0,mobile
5055,control,0,desktop
4018,control,0,mobile
11926,treatment,0,mobile
3354,control,0,mobile
4107,control,0,mobile
9046,treatment,0,mobile
7700,control,0,mobile
4536,control,1,mobile
2911,control,0,desktop
6396,control,1,desktop
13783,treatment,1,mobile
15789,treatment,1,mobile
12061,treatment,0,mobile
9312,treatment,1,desktop
14785,treatment,0,mobile
14220,treatment,0,mobile
1078,control,0,desktop
4361,control,0,desktop
7370,control,0,mobile
15177,treatment,0,mobile
13002,treatment,0,desktop
5448,control,0,mobile
3313,control,1,mobile
2207,control,0,desktop
349,control,0,desktop
8291,treatment,0,mobile
12705,treatment,1,mobile
9870,treatment,0,mobile
9241,treatment,0,mobile
12229,treatment,0,mobile
8077,treatment,0,mobile
3450,control,0,mobile
3284,control,0,desktop
14551,treatment,0,desktop
5151,control,1,desktop
2803,control,0,desktop
4550,control,0,mobile
5198,control,0,mobile
11615,treatment,0,mobile
5282,control,0,mobile
10374,treatment,0,mobile
4868,control,0,mobile
3855,control,0,mobile
8976,treatment,0,desktop
4713,control,0,desktop
8097,treatment,0,mobile
491,control,0,mobile
15108,treatment,0,mobile
9250,treatment,0,desktop
1322,control,0,desktop
3692,control,0,mobile
1178,control,1,desktop
13813,treatment,0,mobile
3829,control,0,desktop
247,control,1,mobile
14206,treatment,1,mobile
12601,treatment,0,mobile
11761,treatment,0,desktop
1012,control,0,desktop
15991,treatment,0,mobile
10965,treatment,0,mobile
7120,control,0,desktop
9846,treatment,0,mobile
12408,treatment,0,mobile
3545,control,0,mobile
7826,control,0,mobile
7168,control,0,mobile
6574,control,0,desktop
12916,treatment,0,mobile
12908,treatment,0,mobile
2813,control,0,desktop
8177,treatment,0,mobile
11357,treatment,0,mobile
7158,control,1,mobile
863,control,0,mobile
7241,control,0,mobile
6679,control,0,mobile
6969,control,0,mobile
13513,treatment,0,mobile
6747,control,0,mobile
11963,treatment,1,mobile
3499,control,0,desktop
3934,control,0,mobile
7980,control,0,desktop
5445,control,0,desktop
255,control,0,mobile
15622,treatment,0,desktop
1829,control,0,mobile
3462,control,0,desktop
6028,control,0,mobile
6009,control,0,mobile
2464,control,0,mobile
3672,control,0,mobile
3374,control,0,desktop
2737,control,0,mobile
3011,control,0,desktop
15097,treatment,0,mobile
8759,treatment,0,desktop
15696,treatment,1,mobile
15820,treatment,0,desktop
13448,treatment,0,mobile
1575,control,0,mobile
11057,treatment,0,desktop
202,control,0,mobile
2430,control,0,mobile
15906,treatment,0,mobile
9185,treatment,0,mobile
2438,control,0,desktop
14973,treatment,0,desktop
10352,treatment,0,mobile
12018,treatment,0,mobile
8162,treatment,0,mobile
1207,control,0,mobile
11046,treatment,0,mobile
2246,control,0,desktop
14508,treatment,0,desktop
1545,control,0,mobile
2626,control,0,desktop
1721,control,0,mobile
11897,treatment,1,desktop
660,control,0,desktop
1296,control,0,mobile
1534,control,0,desktop
5399,control,0,mobile
6322,control,0,mobile
15042,treatment,0,mobile
2648,control,0,mobile
2357,control,0,mobile
14072,treatment,1,mobile
14979,treatment,0,mobile
12311,treatment,1,mobile
13760,treatment,0,desktop
5591,control,0,desktop
9367,treatment,0,mobile
6911,control,0,desktop
3710,control,0,desktop
15301,treatment,0,mobile
2604,control,0,desktop
5715,control,0,mobile
10040,treatment,0,mobile
4786,control,1,mobile
13786,treatment,0,mobile
872,control,0,mobile
6568,control,0,desktop
636,control,0,desktop
9120,treatment,0,desktop
15886,treatment,0,desktop
4477,control,0,desktop
8439,treatment,0,mobile
11490,treatment,0,mobile
7957,control,0,desktop
250,control,0,mobile
4605,control,0,desktop
10231,treatment,0,desktop
6893,control,1,mobile
13104,treatment,0,mobile
14432,treatment,1,desktop
11119,treatment,0,mobile
14391,treatment,0,mobile
6657,control,0,mobile
6506,control,1,mobile
4680,control,0,desktop
3362,control,0,mobile
7660,control,0,desktop
333,control,0,desktop
1085,control,0,desktop
9577,treatment,0,mobile
10950,treatment,0,desktop
2360,control,0,mobile
3177,control,0,mobile
14382,treatment,1,mobile
10471,treatment,0,desktop
10066,treatment,0,mobile
5660,control,0,mobile
1912,control,0,mobile
6511,control,0,desktop
11666,treatment,0,mobile
6014,control,0,mobile
14835,treatment,0,mobile
12202,treatment,0,mobile
8455,treatment,0,desktop
11273,treatment,0,mobile
8859,treatment,0,desktop
1154,control,0,mobile
11865,treatment,0,desktop
3250,control,0,desktop
7594,control,0,mobile
4935,control,0,desktop
1074,control,1,mobile
11799,treatment,0,mobile
5932,control,0,desktop
4804,control,0,desktop
14341,treatment,0,mobile
14455,treatment,0,desktop
12058,treatment,0,mobile
11560,treatment,0,desktop
13982,treatment,0,desktop
5243,control,0,desktop
7841,control,1,mobile
2612,control,0,mobile
11628,treatment,0,desktop
8712,treatment,0,desktop
5152,control,0,desktop
9755,treatment,0,mobile
11083,treatment,0,mobile
4452,control,0,desktop
13643,treatment,1,mobile
11814,treatment,0,mobile
11246,treatment,0,mobile
3984,control,0,mobile
12260,treatment,0,mobile
18,control,0,mobile
650,control,0,mobile
9803,treatment,0,desktop
11202,treatment,0,desktop
2540,control,0,mobile
14504,treatment,0,mobile
7783,control,1,mobile
11333,treatment,0,mobile
3526,control,0,mobile
15052,treatment,0,mobile
9688,treatment,0,mobile
8078,treatment,0,desktop
1481,control,0,desktop
2031,control,0,desktop
13050,treatment,1,mobile
3040,control,0,mobile
11184,treatment,0,desktop
4784,control,0,desktop
2599,control,1,mobile
71,control,0,mobile
4519,control,0,desktop
5065,control,0,desktop
8636,treatment,0,desktop
14122,treatment,0,desktop
5638,control,0,desktop
5261,control,0,mobile
11469,treatment,0,desktop
222,control,1,mobile
13931,treatment,0,desktop
12005,treatment,0,desktop
7122,control,1,mobile
4608,control,0,desktop
5478,control,0,mobile
15399,treatment,0,mobile
6500,control,0,mobile
15141,treatment,0,mobile
556,control,0,mobile
1162,control,0,desktop
5292,control,0,mobile
14497,treatment,0,desktop
11938,treatment,0,desktop
7944,control,0,mobile
7667,control,0,mobile
884,control,0,desktop
11158,treatment,0,mobile
5262,control,0,desktop
1408,control,0,mobile
4254,control,0,mobile
11051,treatment,0,mobile
8488,treatment,0,mobile
9941,treatment,0,mobile
9695,treatment,0,mobile
14759,treatment,0,mobile
9754,treatment,0,mobile
13778,treatment,0,desktop
1306,control,0,mobile
5670,control,0,mobile
5801,control,0,desktop
7410,control,0,mobile
11696,treatment,0,mobile
14806,treatment,0,desktop
9107,treatment,0,mobile
3330,control,0,desktop
13755,treatment,0,desktop
5680,control,0,desktop
2070,control,0,desktop
6716,control,0,mobile
7490,control,0,mobile
5807,control,0,desktop
1455,control,0,mobile
15672,treatment,0,desktop
5688,control,0,desktop
3810,control,0,mobile
10212,treatment,0,mobile
7776,control,0,desktop
9482,treatment,0,desktop
7235,control,0,mobile
15033,treatment,0,desktop
1978,control,0,mobile
5687,control,0,desktop
9938,treatment,0,desktop
4109,control,1,mobile
1841,control,0,desktop
3112,control,0,mobile
13022,treatment,0,desktop
12146,treatment,0,mobile
15707,treatment,0,desktop
12951,treatment,0,desktop
14537,treatment,1,mobile
6777,control,0,desktop
10824,treatment,0,mobile
7966,control,0,desktop
4236,control,0,desktop
12415,treatment,0,mobile
11272,treatment,0,mobile
7780,control,0,desktop
6939,control,0,desktop
358,control,0,desktop
7495,control,0,mobile
14268,treatment,0,mobile
12056,treatment,0,desktop
3766,control,0,mobile
10605,treatment,0,mobile
12833,treatment,0,desktop
2542,control,0,desktop
10312,treatment,0,desktop
6440,control,0,desktop
7917,control,0,desktop
4920,control,0,desktop
12616,treatment,1,mobile
4874,control,1,desktop
8320,treatment,0,mobile
987,control,0,mobile
6059,control,0,mobile
10361,treatment,0,desktop
9613,treatment,0,desktop
2088,control,0,desktop
2256,control,0,desktop
11648,treatment,0,desktop
15405,treatment,0,mobile
8642,treatment,0,mobile
3408,control,0,desktop
6909,control,0,mobile
10005,treatment,0,mobile
14402,treatment,1,desktop
2732,control,0,mobile
12736,treatment,0,mobile
5795,control,0,mobile
5030,control,0,desktop
8932,treatment,0,mobile
3707,control,0,mobile
9632,treatment,0,mobile
12857,treatment,0,desktop
8674,treatment,0,mobile
8227,treatment,0,desktop
3178,control,0,mobile
6485,control,1,mobile
12798,treatment,0,mobile
3466,control,1,mobile
8561,treatment,0,mobile
7459,control,0,mobile
6225,control,0,desktop
9523,treatment,0,mobile
13937,treatment,1,desktop
4950,control,0,desktop
14437,treatment,0,mobile
1778,control,0,mobile
14943,treatment,0,mobile
15211,treatment,0,mobile
15668,treatment,1,desktop
9887,treatment,0,mobile
6532,control,0,mobile
15732,treatment,0,desktop
2228,control,0,desktop
4480,control,0,mobile
15588,treatment,0,mobile
8768,treatment,0,desktop
15690,treatment,0,desktop
10033,treatment,1,desktop
14710,treatment,1,mobile
3835,control,0,mobile
558,control,0,mobile
443,control,0,mobile
3823,control,0,mobile
10887,treatment,0,mobile
3193,control,0,desktop
8852,treatment,0,desktop
12372,treatment,0,mobile
9671,treatment,0,mobile
13796,treatment,0,mobile
5869,control,0,mobile
14410,treatment,1,mobile
7329,control,0,mobile
7427,control,0,mobile
2786,control,0,mobile
5191,control,0,mobile
10814,treatment,0,desktop
5634,control,0,desktop
9969,treatment,0,desktop
15131,treatment,0,mobile
6497,control,0,mobile
1852,control,0,mobile
4475,control,0,desktop
9293,treatment,0,mobile
12391,treatment,0,mobile
7320,control,0,desktop
5133,control,0,mobile
3292,control,1,desktop
7936,control,0,desktop
13203,treatment,0,desktop
3579,control,0,desktop
11746,treatment,1,mobile
12266,treatment,0,desktop
7512,control,0,desktop
7186,control,0,mobile
8521,treatment,0,mobile
3398,control,1,mobile
7822,control,0,mobile
7935,control,0,desktop
12221,treatment,0,mobile
14560,treatment,1,mobile
9035,treatment,0,desktop
7553,control,0,mobile
10777,treatment,0,desktop
8637,treatment,0,mobile
10617,treatment,0,mobile
6928,control,0,desktop
1429,control,0,desktop
718,control,0,mobile
15053,treatment,0,mobile
11697,treatment,1,mobile
13039,treatment,0,mobile
13946,treatment,0,mobile
13771,treatment,0,mobile
279,control,0,mobile
4241,control,0,desktop
2920,control,0,mobile
4486,control,0,desktop
10354,treatment,0,desktop
1199,control,1,mobile
14998,treatment,0,desktop
538,control,0,desktop
13304,treatment,1,desktop
12543,treatment,1,desktop
4541,control,1,desktop
6345,control,0,mobile
4120,control,0,desktop
11394,treatment,0,mobile
15092,treatment,0,mobile
11748,treatment,0,mobile
14660,treatment,0,mobile
15481,treatment,0,mobile
6411,control,0,mobile
5914,control,0,mobile
11319,treatment,0,mobile
8440,treatment,0,mobile
3786,control,0,mobile
1251,control,0,desktop
1326,control,0,mobile
2029,control,0,mobile
6578,control,0,desktop
10185,treatment,0,mobile
12138,treatment,0,desktop
12440,treatment,0,desktop
2304,control,0,desktop
3120,control,0,desktop
12904,treatment,0,mobile
5744,control,0,mobile
1609,control,0,mobile
13716,treatment,0,mobile
11706,treatment,0,mobile
1180,control,0,desktop
1622,control,0,desktop
13029,treatment,0,mobile
13012,treatment,0,mobile
3299,control,1,mobile
11792,treatment,0,desktop
5604,control,0,mobile
11977,treatment,0,desktop
14971,treatment,0,mobile
2628,control,0,mobile
58,control,0,desktop
15811,treatment,0,mobile
624,control,1,desktop
7493,control,0,desktop
13395,treatment,0,mobile
3914,control,0,desktop
14187,treatment,0,mobile
13126,treatment,0,desktop
5602,control,0,desktop
12634,treatment,0,mobile
12876,treatment,0,desktop
9497,treatment,0,desktop
9730,treatment,0,mobile
7343,control,1,mobile
6627,control,0,desktop
9502,treatment,0,mobile
12486,treatment,0,desktop
12888,treatment,0,mobile
5624,control,1,mobile
9584,treatment,0,mobile
750,control,0,mobile
15826,treatment,0,mobile
14987,treatment,0,desktop
5708,control,0,mobile
5972,control,0,mobile
4772,control,1,desktop
12385,treatment,0,mobile
8572,treatment,0,mobile
10933,treatment,0,desktop
4697,control,0,mobile
8115,treatment,0,desktop
1261,control,0,desktop
9307,treatment,0,mobile
2433,control,0,mobile
11581,treatment,0,desktop
15240,treatment,1,mobile
2592,control,0,mobile
10928,treatment,0,desktop
7509,control,0,desktop
15348,treatment,0,desktop
6075,control,1,desktop
14232,treatment,0,mobile
13918,treatment,0,desktop
5460,control,0,mobile
5852,control,0,desktop
13157,treatment,0,mobile
2231,control,1,mobile
9890,treatment,0,mobile
13833,treatment,0,desktop
15454,treatment,0,mobile
2052,control,0,mobile
363,control,0,desktop
7537,control,0,mobile
3154,control,0,mobile
2082,control,0,desktop
877,control,0,mobile
3662,control,0,desktop
12860,treatment,0,mobile
13744,treatment,0,mobile
3601,control,0,desktop
2026,control,0,mobile
2798,control,0,mobile
15095,treatment,0,desktop
12691,treatment,0,desktop
14012,treatment,0,desktop
15570,treatment,0,desktop
1039,control,1,mobile
12446,treatment,0,desktop
5042,control,0,mobile
15373,treatment,1,mobile
15536,treatment,0,desktop
8653,treatment,1,desktop
15957,treatment,0,desktop
11155,treatment,0,desktop
12089,treatment,0,desktop
8109,treatment,1,desktop
551,control,0,mobile
5956,control,0,desktop
4635,control,1,mobile
13241,treatment,0,desktop
10682,treatment,0,mobile
3990,control,0,mobile
15891,treatment,1,mobile
6535,control,0,desktop
14984,treatment,0,mobile
2676,control,0,mobile
15048,treatment,0,mobile
3210,control,0,desktop
5648,control,0,mobile
6106,control,0,mobile
14368,treatment,0,mobile
9569,treatment,0,mobile
3359,control,0,desktop
2309,control,0,mobile
4303,control,0,mobile
4895,control,0,desktop
10872,treatment,0,mobile
590,control,0,mobile
2103,control,0,desktop
12031,treatment,0,mobile
14344,treatment,0,mobile
3273,control,0,desktop
1294,control,0,mobile
6693,control,0,desktop
1547,control,0,mobile
14520,treatment,0,desktop
6840,control,0,mobile
2162,control,1,mobile
12842,treatment,0,mobile
8298,treatment,0,desktop
1081,control,0,mobile
12529,treatment,0,mobile
9019,treatment,0,mobile
3904,control,0,mobile
371,control,1,desktop
14661,treatment,0,desktop
12541,treatment,0,mobile
7461,control,0,mobile
3690,control,1,desktop
4912,control,0,desktop
6467,control,0,mobile
13710,treatment,1,mobile
15746,treatment,1,desktop
3510,control,0,mobile
11306,treatment,0,desktop
15619,treatment,1,mobile
4372,control,0,mobile
3661,control,0,mobile
7381,control,0,desktop
12679,treatment,0,mobile
15680,treatment,0,mobile
4696,control,0,mobile
14164,treatment,0,desktop
3507,control,0,desktop
8251,treatment,0,desktop
843,control,0,desktop
6820,control,0,desktop
14373,treatment,0,mobile
8941,treatment,0,mobile
5336,control,0,mobile
7160,control,0,desktop
2320,control,0,desktop
11144,treatment,0,mobile
6966,control,0,desktop
6548,control,1,desktop
10852,treatment,0,desktop
6528,control,1,desktop
4896,control,0,desktop
2780,control,0,desktop
6538,control,0,desktop
9099,treatment,0,mobile
11207,treatment,0,mobile
10472,treatment,0,desktop
1730,control,1,desktop
5976,control,1,desktop
10880,treatment,0,mobile
5793,control,0,mobile
6100,control,0,desktop
13257,treatment,0,mobile
9850,treatment,0,mobile
14755,treatment,0,mobile
871,control,0,mobile
618,control,1,mobile
9842,treatment,0,mobile
13973,treatment,0,mobile
1900,control,0,mobile
12360,treatment,0,desktop
14902,treatment,0,desktop
2205,control,0,mobile
3868,control,0,desktop
13928,treatment,0,mobile
7576,control,0,mobile
14221,treatment,0,mobile
2145,control,0,desktop
8356,treatment,0,mobile
6290,control,0,mobile
12262,treatment,0,mobile
8474,treatment,0,mobile
12890,treatment,0,mobile
8528,treatment,0,desktop
8517,treatment,0,desktop
1270,control,1,mobile
3604,control,0,mobile
5233,control,0,desktop
13475,treatment,0,mobile
14021,treatment,0,desktop
9763,treatment,0,mobile
13389,treatment,0,mobile
3774,control,0,mobile
4072,control,0,mobile
9891,treatment,0,mobile
5241,control,1,desktop
3594,control,0,mobile
4183,control,1,desktop
10567,treatment,0,mobile
6841,control,0,mobile
9060,treatment,0,mobile
4587,control,0,mobile
1407,control,0,mobile
6371,control,0,mobile
12884,treatment,0,desktop
5730,control,0,desktop
8948,treatment,0,mobile
15269,treatment,0,desktop
11507,treatment,0,mobile
1861,control,0,mobile
15319,treatment,0,mobile
7981,control,1,desktop
13642,treatment,0,mobile
2671,control,1,mobile
14107,treatment,0,mobile
7510,control,0,mobile
15587,treatment,0,mobile
8951,treatment,0,mobile
7684,control,0,desktop
7635,control,0,desktop
12393,treatment,0,desktop
10913,treatment,0,desktop
82,control,0,mobile
1405,control,0,desktop
9435,treatment,0,desktop
5232,control,0,desktop
2507,control,0,desktop
9127,treatment,0,mobile
12960,treatment,0,mobile
12898,treatment,0,mobile
15157,treatment,0,desktop
2646,control,0,desktop
365,control,0,mobile
14822,treatment,0,desktop
15415,treatment,0,mobile
536,control,0,mobile
11391,treatment,0,mobile
6681,control,0,desktop
352,control,1,desktop
10144,treatment,0,mobile
12892,treatment,0,mobile
6010,control,0,desktop
14982,treatment,0,desktop
99,control,0,mobile
11580,treatment,0,desktop
9933,treatment,0,mobile
14228,treatment,0,mobile
11254,treatment,0,desktop
7026,control,0,mobile
8882,treatment,0,desktop
5177,control,0,mobile
7290,control,0,desktop
10822,treatment,0,mobile
782,control,0,mobile
2049,control,0,mobile
8541,treatment,0,desktop
1584,control,0,mobile
6901,control,0,desktop
4134,control,1,desktop
4245,control,0,desktop
555,control,0,desktop
6314,control,0,desktop
11050,treatment,1,mobile
11390,treatment,0,desktop
14195,treatment,0,mobile
13773,treatment,0,mobile
3019,control,0,desktop
8255,treatment,0,desktop
6350,control,0,desktop
2013,control,0,desktop
1048,control,0,desktop
8738,treatment,0,mobile
11945,treatment,1,desktop
15467,treatment,0,mobile
10798,treatment,0,desktop
3882,control,1,desktop
10293,treatment,0,mobile
1147,control,0,desktop
8222,treatment,0,mobile
2133,control,0,desktop
14957,treatment,0,mobile
6894,control,0,desktop
14707,treatment,0,mobile
1810,control,1,mobile
12285,treatment,0,desktop
2278,control,0,mobile
6618,control,0,desktop
7171,control,0,desktop
3980,control,0,desktop
8863,treatment,0,desktop
13417,treatment,0,mobile
1159,control,0,desktop
3837,control,0,mobile
11962,treatment,0,desktop
917,control,1,desktop
2354,control,0,mobile
10782,treatment,0,desktop
1890,control,0,desktop
7994,control,0,mobile
2662,control,0,desktop
9835,treatment,0,mobile
894,control,0,desktop
15752,treatment,0,mobile
9669,treatment,0,desktop
4317,control,0,mobile
14791,treatment,0,mobile
2249,control,1,mobile
6492,control,0,mobile
1931,control,0,mobile
1563,control,0,mobile
6064,control,0,mobile
12369,treatment,0,desktop
14365,treatment,0,mobile
12526,treatment,0,mobile
14948,treatment,1,mobile
12775,treatment,0,mobile
15088,treatment,0,desktop
8549,treatment,0,mobile
9383,treatment,0,mobile
13213,treatment,0,mobile
875,control,0,desktop
1903,control,0,mobile
8082,treatment,0,desktop
5170,control,0,mobile
5799,control,0,mobile
8774,treatment,1,mobile
6829,control,0,mobile
12274,treatment,0,desktop
10358,treatment,0,desktop
6054,control,0,mobile
3402,control,1,desktop
8429,treatment,0,mobile
4212,control,0,mobile
8262,treatment,0,desktop
228,control,0,mobile
9764,treatment,0,mobile
5245,control,0,desktop
14064,treatment,0,mobile
15839,treatment,0,mobile
8744,treatment,0,desktop
10729,treatment,0,mobile
11230,treatment,0,mobile
13806,treatment,0,mobile
14733,treatment,1,mobile
14383,treatment,0,desktop
8765,treatment,1,mobile
6171,control,0,mobile
9727,treatment,0,mobile
2705,control,0,desktop
162,control,0,desktop
6271,control,0,mobile
15064,treatment,0,desktop
13434,treatment,0,mobile
8033,treatment,1,desktop
7659,control,0,desktop
8197,treatment,1,mobile
12443,treatment,0,mobile
9848,treatment,0,mobile
4332,control,0,desktop
7581,control,0,desktop
7119,control,0,mobile
6703,control,0,desktop
14631,treatment,0,mobile
13033,treatment,0,mobile
12077,treatment,1,mobile
7664,control,1,desktop
12961,treatment,0,desktop
15235,treatment,0,mobile
10511,treatment,0,mobile
692,control,0,mobile
11855,treatment,0,mobile
14151,treatment,0,mobile
8435,treatment,0,mobile
178,control,0,mobile
9033,treatment,0,mobile
5951,control,1,desktop
12405,treatment,0,mobile
12524,treatment,0,mobile
4820,control,0,desktop
8159,treatment,0,mobile
431,control,0,mobile
11009,treatment,0,mobile
15963,treatment,0,mobile
4699,control,0,mobile
12525,treatment,0,desktop
297,control,0,desktop
2457,control,0,mobile
4390,control,0,mobile
7386,control,0,mobile
3199,control,0,mobile
7269,control,0,mobile
1933,control,0,mobile
6484,control,0,mobile
6803,control,1,mobile
13192,treatment,0,desktop
1217,control,0,desktop
11747,treatment,0,mobile
3001,control,1,mobile
13280,treatment,0,desktop
9769,treatment,0,mobile
3433,control,0,mobile
8135,treatment,0,desktop
1940,control,1,mobile
12522,treatment,0,mobile
14464,treatment,0,mobile
2702,control,0,desktop
436,control,0,mobile
6123,control,0,desktop
402,control,0,mobile
9243,treatment,1,mobile
9168,treatment,0,desktop
2821,control,1,desktop
3918,control,0,desktop
8411,treatment,0,mobile
7649,control,0,mobile
818,control,0,desktop
11191,treatment,0,desktop
14887,treatment,0,desktop
10499,treatment,0,desktop
3410,control,0,desktop
8170,treatment,0,desktop
13077,treatment,0,mobile
6652,control,0,mobile
4643,control,0,mobile
8504,treatment,1,desktop
5168,control,0,mobile
772,control,0,desktop
5396,control,0,desktop
1985,control,1,desktop
10597,treatment,0,mobile
8068,treatment,0,mobile
1466,control,0,mobile
2939,control,0,mobile
12206,treatment,0,mobile
14961,treatment,0,desktop
3765,control,0,desktop
2428,control,0,desktop
8039,treatment,1,mobile
11285,treatment,1,mobile
1648,control,0,mobile
11947,treatment,0,mobile
4929,control,1,desktop
7563,control,0,mobile
6231,control,0,mobile
1938,control,0,mobile
3571,control,0,mobile
8146,treatment,0,mobile
6127,control,0,mobile
14953,treatment,0,desktop
15528,treatment,0,mobile
14999,treatment,0,mobile
13228,treatment,0,desktop
11987,treatment,0,mobile
393,control,1,mobile
5559,control,0,desktop
13090,treatment,0,mobile
3182,control,0,desktop
12636,treatment,0,desktop
3326,control,0,mobile
5135,control,0,desktop
14222,treatment,0,mobile
10426,treatment,0,mobile
7266,control,0,desktop
15858,treatment,1,desktop
6072,control,0,mobile
15531,treatment,0,desktop
9977,treatment,1,desktop
581,control,0,desktop
14972,treatment,0,mobile
1140,control,0,mobile
9756,treatment,0,desktop
15243,treatment,0,desktop
5545,control,1,mobile
6927,control,0,mobile
10738,treatment,0,mobile
10701,treatment,0,mobile
8041,treatment,0,desktop
12062,treatment,0,mobile
13069,treatment,1,mobile
6918,control,0,mobile
6455,control,0,desktop
3870,control,0,mobile
2214,control,0,desktop
8956,treatment,0,desktop
1853,control,0,mobile
9547,treatment,0,mobile
1512,control,0,desktop
8234,treatment,0,mobile
13349,treatment,0,mobile
4658,control,0,desktop
5216,control,0,mobile
711,control,0,desktop
3316,control,0,mobile
8,control,0,mobile
2978,control,0,mobile
3965,control,1,desktop
11205,treatment,0,mobile
2949,control,0,desktop
7779,control,0,desktop
10975,treatment,0,desktop
10993,treatment,0,mobile
857,control,0,desktop
13984,treatment,0,mobile
7037,control,0,mobile
12113,treatment,0,mobile
10720,treatment,0,mobile
15560,treatment,0,mobile
5123,control,0,mobile
4846,control,0,desktop
6406,control,0,desktop
1030,control,1,desktop
10419,treatment,0,mobile
14588,treatment,0,desktop
15566,treatment,0,desktop
914,control,0,mobile
2589,control,0,mobile
3309,control,0,desktop
10369,treatment,0,mobile
2691,control,0,mobile
11763,treatment,0,desktop
13393,treatment,0,desktop
11845,treatment,0,desktop
3217,control,0,mobile
3358,control,0,mobile
9219,treatment,0,mobile
11640,treatment,0,desktop
11343,treatment,0,mobile
13053,treatment,0,mobile
3133,control,1,mobile
6448,control,0,desktop
656,control,0,mobile
3170,control,0,mobile
7463,control,0,desktop
15230,treatment,0,desktop
8447,treatment,0,mobile
9708,treatment,0,mobile
7401,control,1,desktop
7593,control,0,desktop
10492,treatment,0,desktop
13325,treatment,0,mobile
14696,treatment,0,mobile
9106,treatment,0,mobile
12745,treatment,0,mobile
14163,treatment,0,mobile
4580,control,0,desktop
8536,treatment,1,mobile
892,control,0,mobile
5677,control,0,mobile
15638,treatment,0,desktop
12290,treatment,0,mobile
11905,treatment,0,mobile
14512,treatment,0,mobile
4940,control,0,mobile
6891,control,0,desktop
1786,control,0,desktop
2015,control,0,desktop
7995,control,1,mobile
8977,treatment,0,mobile
5822,control,0,desktop
12324,treatment,0,mobile
9337,treatment,0,desktop
14330,treatment,0,mobile
1600,control,0,desktop
5893,control,0,mobile
5202,control,0,mobile
9925,treatment,0,mobile
14102,treatment,0,desktop
8961,treatment,0,mobile
9089,treatment,0,mobile
10125,treatment,0,desktop
2644,control,0,desktop
4702,control,1,mobile
13995,treatment,0,desktop
2561,control,0,desktop
13137,treatment,0,desktop
15654,treatment,0,mobile
15599,treatment,0,mobile
5045,control,0,mobile
11699,treatment,0,desktop
14176,treatment,0,mobile
11964,treatment,0,mobile
412,control,0,mobile
2964,control,0,mobile
6113,control,0,mobile
1476,control,0,mobile
8937,treatment,1,desktop
15056,treatment,1,mobile
13474,treatment,0,desktop
947,control,0,mobile
1072,control,0,mobile
3371,control,0,desktop
3168,control,1,mobile
14686,treatment,0,mobile
9358,treatment,1,mobile
2042,control,0,mobile
15429,treatment,0,mobile
6874,control,0,desktop
5322,control,0,desktop
2744,control,0,mobile
5199,control,0,mobile
5044,control,0,mobile
8750,treatment,0,mobile
6223,control,0,desktop
10313,treatment,0,mobile
15989,treatment,0,mobile
6135,control,0,mobile
4422,control,0,desktop
3917,control,0,mobile
3066,control,0,desktop
5745,control,0,desktop
4179,control,0,mobile
10554,treatment,1,mobile
4829,control,0,mobile
3427,control,0,desktop
10026,treatment,0,mobile
3384,control,0,mobile
1153,control,0,desktop
11070,treatment,0,desktop
1332,control,0,mobile
3906,control,0,desktop
7465,control,0,mobile
13986,treatment,0,desktop
6877,control,0,mobile
8165,treatment,1,desktop
3565,control,0,mobile
1934,control,0,mobile
15150,treatment,0,desktop
292,control,0,desktop
10611,treatment,1,mobile
5761,control,0,mobile
8547,treatment,1,mobile
3578,control,0,desktop
13772,treatment,0,desktop
59,control,0,desktop
13751,treatment,1,mobile
7013,control,0,mobile
1164,control,0,mobile
5544,control,0,mobile
807,control,0,desktop
6147,control,1,mobile
12359,treatment,1,mobile
11835,treatment,0,mobile
3544,control,0,mobile
1464,control,0,desktop
9340,treatment,0,desktop
11215,treatment,0,mobile
5700,control,0,mobile
11270,treatment,1,desktop
13815,treatment,0,mobile
7300,control,0,mobile
1571,control,0,desktop
2900,control,0,mobile
5947,control,0,desktop
5043,control,0,desktop
6712,control,0,desktop
15302,treatment,0,desktop
12762,treatment,0,mobile
11358,treatment,0,mobile
8626,treatment,1,mobile
9705,treatment,0,desktop
6138,control,0,desktop
8232,treatment,0,mobile
3494,control,0,desktop
5891,control,0,mobile
4284,control,0,desktop
5691,control,0,mobile
14936,treatment,0,mobile
15371,treatment,0,desktop
3559,control,0,desktop
2810,control,0,mobile
12392,treatment,0,mobile
9646,treatment,0,mobile
924,control,0,mobile
8448,treatment,0,mobile
9914,treatment,0,desktop
15723,treatment,0,desktop
6048,control,1,desktop
5639,control,0,mobile
8414,treatment,0,mobile
7357,control,0,mobile
10329,treatment,0,desktop
14635,treatment,0,desktop
11224,treatment,0,desktop
4022,control,0,desktop
7050,control,0,mobile
570,control,0,desktop
1124,control,0,desktop
1272,control,0,mobile
6835,control,0,desktop
12816,treatment,0,mobile
8887,treatment,0,desktop
8537,treatment,0,desktop
2526,control,0,mobile
13093,treatment,0,mobile
2876,control,0,mobile
3830,control,0,desktop
3117,control,0,mobile
6563,control,0,desktop
4953,control,0,desktop
7639,control,0,mobile
13536,treatment,0,mobile
2884,control,0,mobile
7135,control,0,desktop
4246,control,0,desktop
4149,control,0,desktop
644,control,0,desktop
2545,control,0,mobile
1614,control,0,desktop
9986,treatment,0,mobile
8128,treatment,0,desktop
5482,control,0,mobile
14664,treatment,1,desktop
14873,treatment,1,mobile
12338,treatment,1,mobile
1056,control,0,mobile
11583,treatment,0,mobile
14302,treatment,0,desktop
4676,control,0,desktop
3293,control,0,desktop
5643,control,0,desktop
9387,treatment,0,mobile
3493,control,0,mobile
10221,treatment,0,mobile
3896,control,0,desktop
9094,treatment,0,mobile
8827,treatment,0,mobile
9761,treatment,0,desktop
4235,control,1,desktop
4176,control,0,desktop
8225,treatment,0,desktop
1631,control,0,desktop
7585,control,0,mobile
12806,treatment,0,desktop
10967,treatment,0,desktop
1692,control,1,desktop
198,control,0,desktop
10564,treatment,0,mobile
9426,treatment,0,desktop
14295,treatment,0,mobile
14648,treatment,1,desktop
9285,treatment,0,mobile
12964,treatment,0,desktop
14421,treatment,0,desktop
6526,control,0,mobile
3028,control,1,desktop
5113,control,0,desktop
3767,control,0,mobile
1760,control,0,mobile
1314,control,0,mobile
1805,control,1,desktop
4090,control,0,mobile
1574,control,0,mobile
11600,treatment,0,mobile
2104,control,0,mobile
10631,treatment,0,desktop
5718,control,0,desktop
8953,treatment,0,mobile
7240,control,0,mobile
2955,control,0,desktop
3785,control,0,desktop
14492,treatment,0,desktop
14125,treatment,0,desktop
2405,control,0,desktop
3290,control,0,desktop
2131,control,0,desktop
11040,treatment,1,desktop
6839,control,0,mobile
11805,treatment,0,mobile
7423,control,0,mobile
526,control,0,mobile
14094,treatment,0,mobile
8385,treatment,0,mobile
2020,control,0,mobile
7589,control,0,mobile
8209,treatment,0,mobile
15130,treatment,0,mobile
5370,control,0,mobile
2419,control,0,mobile
15793,treatment,0,desktop
3615,control,0,mobile
5527,control,0,desktop
8464,treatment,0,mobile
14928,treatment,0,desktop
15245,treatment,1,mobile
1987,control,0,desktop
12831,treatment,0,mobile
15756,treatment,0,desktop
2367,control,0,desktop
6342,control,0,desktop
1961,control,0,desktop
822,control,0,desktop
5006,control,0,mobile
13063,treatment,0,mobile
14970,treatment,1,desktop
1414,control,0,desktop
9644,treatment,0,desktop
8368,treatment,0,mobile
2990,control,0,desktop
8366,treatment,1,desktop
15367,treatment,1,desktop
7705,control,0,desktop
6848,control,0,mobile
10283,treatment,0,desktop
4270,control,0,desktop
2244,control,0,mobile
9595,treatment,0,mobile
13834,treatment,1,mobile
6558,control,0,desktop
14208,treatment,0,desktop
14413,treatment,0,desktop
12054,treatment,0,desktop
1100,control,0,desktop
10736,treatment,0,mobile
14085,treatment,0,mobile
14468,treatment,0,desktop
12152,treatment,0,mobile
9599,treatment,0,mobile
11991,treatment,0,mobile
12147,treatment,0,mobile
11325,treatment,0,mobile
14203,treatment,0,mobile
4229,control,0,mobile
234,control,0,mobile
12184,treatment,0,mobile
9391,treatment,1,mobile
5504,control,0,mobile
12441,treatment,0,mobile
6520,control,0,desktop
288,control,0,desktop
8706,treatment,0,mobile
4327,control,0,mobile
2314,control,0,mobile
12954,treatment,0,desktop
15158,treatment,0,desktop
6931,control,0,desktop
8388,treatment,1,mobile
12761,treatment,0,desktop
9423,treatment,0,mobile
4181,control,0,mobile
11424,treatment,0,mobile
3486,control,0,desktop
8905,treatment,0,mobile
14313,treatment,0,mobile
10032,treatment,0,mobile
13496,treatment,0,mobile
10576,treatment,0,mobile
583,control,0,mobile
7203,control,0,desktop
10483,treatment,0,desktop
4782,control,0,mobile
15355,treatment,0,mobile
378,control,0,mobile
3649,control,1,mobile
9331,treatment,1,mobile
15788,treatment,0,mobile
14843,treatment,1,mobile
3619,control,0,mobile
5103,control,0,mobile
12090,treatment,0,mobile
13848,treatment,0,mobile
2141,control,0,desktop
6151,control,0,mobile
8531,treatment,0,mobile
2444,control,0,desktop
546,control,0,desktop
15814,treatment,0,desktop
9757,treatment,1,desktop
1375,control,0,desktop
477,control,0,desktop
9461,treatment,0,desktop
14040,treatment,0,mobile
10024,treatment,0,desktop
12439,treatment,1,mobile
2765,control,0,mobile
1756,control,0,desktop
696,control,0,mobile
15411,treatment,0,mobile
6888,control,0,desktop
1526,control,0,desktop
5127,control,0,desktop
15847,treatment,0,desktop
1043,control,0,desktop
11903,treatment,0,desktop
4524,control,0,mobile
12730,treatment,0,desktop
5412,control,0,desktop
6662,control,0,mobile
12302,treatment,0,mobile
13590,treatment,0,desktop
4016,control,0,desktop
5436,control,0,mobile
3942,control,0,mobile
3643,control,0,desktop
10937,treatment,0,desktop
15704,treatment,0,mobile
13097,treatment,0,mobile
11034,treatment,0,mobile
5782,control,0,desktop
5540,control,1,mobile
4905,control,0,desktop
5872,control,0,mobile
11468,treatment,0,mobile
9839,treatment,0,desktop
1617,control,0,mobile
11965,treatment,0,mobile
1236,control,1,desktop
2493,control,0,desktop
7118,control,0,desktop
6806,control,0,mobile
12759,treatment,0,mobile
2401,control,0,desktop
11476,treatment,1,desktop
5960,control,0,mobile
8756,treatment,0,mobile
2677,control,0,desktop
8174,treatment,0,mobile
8917,treatment,0,mobile
5519,control,0,mobile
15524,treatment,0,mobile
981,control,0,desktop
5794,control,0,mobile
8106,treatment,0,mobile
12755,treatment,0,desktop
2297,control,0,mobile
15529,treatment,0,mobile
1264,control,0,mobile
12723,treatment,1,mobile
9360,treatment,0,mobile
567,control,0,mobile
14867,treatment,0,mobile
1219,control,0,desktop
12677,treatment,0,mobile
4080,control,0,desktop
10945,treatment,0,mobile
1922,control,0,desktop
2132,control,0,mobile
8826,treatment,0,mobile
9552,treatment,0,desktop
13737,treatment,0,mobile
180,control,0,desktop
5344,control,0,mobile
6457,control,0,mobile
13193,treatment,0,desktop
1959,control,0,desktop
4908,control,0,desktop
15753,treatment,0,mobile
4644,control,0,desktop
5724,control,0,mobile
7958,control,0,desktop
3259,control,0,mobile
2771,control,1,desktop
13177,treatment,0,desktop
9230,treatment,0,desktop
11917,treatment,0,mobile
10407,treatment,0,desktop
15424,treatment,0,mobile
8137,treatment,1,mobile
15666,treatment,0,mobile
12854,treatment,0,mobile
14146,treatment,1,mobile
15188,treatment,0,mobile
14608,treatment,0,desktop
7570,control,0,desktop
8715,treatment,0,mobile
5487,control,0,mobile
8993,treatment,0,mobile
13510,treatment,0,desktop
15809,treatment,0,mobile
14807,treatment,0,mobile
4997,control,0,mobile
10093,treatment,0,mobile
9124,treatment,0,desktop
14677,treatment,0,desktop
6131,control,0,desktop
11575,treatment,0,mobile
15994,treatment,0,mobile
2459,control,0,desktop
12686,treatment,0,mobile
15981,treatment,0,mobile
537,control,0,desktop
5509,control,0,desktop
14305,treatment,1,mobile
2570,control,0,mobile
10477,treatment,0,mobile
1828,control,1,mobile
7106,control,0,desktop
11604,treatment,1,desktop
9147,treatment,0,desktop
4205,control,0,desktop
5939,control,0,mobile
15103,treatment,0,desktop
8820,treatment,1,mobile
4272,control,0,mobile
957,control,0,mobile
6136,control,0,desktop
5653,control,1,mobile
10553,treatment,0,mobile
13966,treatment,1,mobile
12566,treatment,0,mobile
8986,treatment,0,mobile
11653,treatment,1,mobile
14027,treatment,0,mobile
2853,control,0,desktop
5835,control,0,desktop
1737,control,0,mobile
3985,control,1,mobile
951,control,0,desktop
6571,control,0,mobile
13232,treatment,0,desktop
1599,control,0,mobile
9751,treatment,0,mobile
14615,treatment,0,mobile
1123,control,0,mobile
12542,treatment,0,desktop
13,control,0,desktop
2966,control,0,desktop
7963,control,1,desktop
14422,treatment,1,desktop
5342,control,0,mobile
3263,control,0,mobile
14483,treatment,0,desktop
15087,treatment,0,mobile
14750,treatment,0,mobile
2865,control,0,desktop
4231,control,1,desktop
3502,control,0,desktop
12544,treatment,0,desktop
13704,treatment,0,desktop
2283,control,0,mobile
7393,control,0,mobile
838,control,0,desktop
11219,treatment,0,mobile
14693,treatment,1,mobile
4491,control,0,mobile
11427,treatment,0,desktop
6499,control,0,mobile
277,control,0,mobile
5529,control,0,mobile
7489,control,0,mobile
1174,control,0,mobile
7511,control,0,mobile
7704,control,0,mobile
7959,control,0,desktop
7823,control,0,desktop
10050,treatment,0,desktop
8357,treatment,1,desktop
13680,treatment,0,desktop
5323,control,0,mobile
11419,treatment,0,desktop
3082,control,0,desktop
4224,control,0,mobile
3297,control,0,mobile
1357,control,0,desktop
7599,control,0,mobile
2233,control,0,mobile
10012,treatment,0,mobile
15838,treatment,0,mobile
4567,control,0,desktop
2313,control,1,desktop
9777,treatment,0,desktop
10255,treatment,1,mobile
5015,control,0,mobile
5641,control,0,desktop
7339,control,0,desktop
15014,treatment,0,mobile
2802,control,0,desktop
15600,treatment,0,desktop
9221,treatment,0,mobile
10707,treatment,0,desktop
10816,treatment,0,desktop
4823,control,0,mobile
5157,control,0,mobile
10621,treatment,0,desktop
7728,control,0,mobile
4316,control,0,desktop
14178,treatment,1,mobile
10244,treatment,0,desktop
12082,treatment,0,mobile
14043,treatment,0,desktop
7498,control,0,mobile
2134,control,0,mobile
8330,treatment,0,desktop
14034,treatment,0,desktop
3997,control,0,mobile
11875,treatment,0,desktop
4152,control,0,desktop
15351,treatment,0,mobile
9256,treatment,0,mobile
2734,control,0,mobile
7840,control,1,mobile
14355,treatment,0,mobile
7378,control,0,mobile
2439,control,1,mobile
9139,treatment,0,mobile
7530,control,0,desktop
15514,treatment,0,mobile
14523,treatment,0,mobile
4331,control,0,desktop
11787,treatment,0,mobile
2196,control,0,desktop
12234,treatment,0,desktop
5675,control,0,desktop
5756,control,0,mobile
5284,control,0,mobile
4838,control,0,mobile
1417,control,0,mobile
13622,treatment,0,desktop
11249,treatment,0,mobile
4157,control,0,mobile
11620,treatment,0,mobile
3680,control,0,mobile
4678,control,0,mobile
969,control,0,mobile
7159,control,0,mobile
6155,control,0,desktop
230,control,0,mobile
901,control,1,mobile
11327,treatment,0,mobile
1509,control,0,mobile
6415,control,0,desktop
5112,control,0,desktop
1127,control,0,mobile
9175,treatment,0,mobile
588,control,0,mobile
11293,treatment,0,desktop
7930,control,0,desktop
11153,treatment,0,mobile
9406,treatment,0,mobile
6128,control,0,desktop
482,control,0,desktop
12937,treatment,0,mobile
5474,control,0,desktop
12571,treatment,0,desktop
15377,treatment,1,mobile
13969,treatment,0,desktop
1688,control,0,mobile
1489,control,1,mobile
8970,treatment,0,mobile
9975,treatment,0,mobile
14291,treatment,0,desktop
3799,control,0,mobile
13865,treatment,0,desktop
1171,control,0,mobile
15975,treatment,0,desktop
8055,treatment,0,mobile
12426,treatment,0,mobile
14430,treatment,0,desktop
14781,treatment,0,mobile
15944,treatment,1,mobile
1421,control,0,desktop
10807,treatment,0,mobile
15533,treatment,0,desktop
4581,control,0,mobile
4249,control,0,mobile
767,control,0,mobile
7139,control,0,desktop
12165,treatment,0,mobile
7550,control,0,desktop
10954,treatment,0,mobile
12398,treatment,0,mobile
8451,treatment,0,mobile
10229,treatment,0,desktop
13261,treatment,0,desktop
7616,control,0,desktop
10128,treatment,0,mobile
6889,control,0,desktop
850,control,0,mobile
7965,control,0,desktop
5560,control,0,mobile
5470,control,0,mobile
11446,treatment,0,mobile
9904,treatment,0,mobile
3986,control,0,desktop
1988,control,0,mobile
1704,control,0,mobile
5067,control,0,mobile
7389,control,0,desktop
8273,treatment,0,mobile
8989,treatment,0,mobile
9136,treatment,0,desktop
2094,control,0,mobile
3717,control,0,mobile
8458,treatment,0,mobile
11778,treatment,0,desktop
5338,control,0,desktop
9131,treatment,0,mobile
5826,control,0,mobile
8895,treatment,0,mobile
2096,control,0,mobile
14569,treatment,0,mobile
2424,control,0,mobile
2097,control,0,desktop
15683,treatment,0,desktop
9095,treatment,0,mobile
6125,control,0,mobile
14403,treatment,0,desktop
8316,treatment,0,mobile
10430,treatment,0,mobile
6175,control,0,mobile
14762,treatment,0,mobile
4880,control,0,desktop
13076,treatment,0,desktop
7899,control,0,mobile
9798,treatment,0,desktop
9161,treatment,0,desktop
12115,treatment,0,mobile
4507,control,0,mobile
1065,control,0,mobile
1229,control,0,desktop
7506,control,0,mobile
14189,treatment,0,mobile
414,control,0,mobile
10114,treatment,0,desktop
11261,treatment,0,desktop
8935,treatment,0,desktop
14091,treatment,0,desktop
4474,control,0,desktop
8407,treatment,0,desktop
876,control,0,desktop
5084,control,0,desktop
1142,control,1,mobile
10833,treatment,0,desktop
3197,control,1,mobile
12321,treatment,0,mobile
10643,treatment,0,desktop
7556,control,0,desktop
10208,treatment,0,desktop
11018,treatment,0,desktop
10547,treatment,0,mobile
5912,control,1,mobile
15328,treatment,0,desktop
6118,control,0,mobile
9770,treatment,0,mobile
235,control,1,desktop
7919,control,0,mobile
988,control,0,mobile
7182,control,1,mobile
5256,control,0,mobile
9044,treatment,0,mobile
10378,treatment,0,desktop
14718,treatment,0,mobile
12074,treatment,1,desktop
4047,control,1,mobile
7252,control,0,mobile
9300,treatment,1,desktop
13204,treatment,0,mobile
14919,treatment,0,mobile
2664,control,0,desktop
11657,treatment,0,mobile
13686,treatment,0,mobile
8281,treatment,1,mobile
9783,treatment,0,mobile
14205,treatment,0,desktop
15978,treatment,0,mobile
4656,control,1,desktop
12930,treatment,1,mobile
8971,treatment,0,mobile
6561,control,0,desktop
3883,control,1,mobile
6797,control,0,desktop
12926,treatment,0,desktop
5247,control,0,mobile
14167,treatment,0,mobile
10580,treatment,0,mobile
9566,treatment,0,mobile
160,control,0,desktop
5376,control,0,mobile
7878,control,0,desktop
9455,treatment,0,desktop
14507,treatment,0,mobile
9113,treatment,0,mobile
11837,treatment,0,mobile
14862,treatment,0,desktop
1990,control,0,mobile
12014,treatment,0,desktop
1712,control,1,mobile
12637,treatment,1,mobile
7774,control,0,mobile
8326,treatment,0,mobile
9589,treatment,1,desktop
557,control,0,mobile
2848,control,0,mobile
15698,treatment,0,mobile
13083,treatment,0,mobile
8238,treatment,0,desktop
2805,control,0,mobile
2925,control,0,mobile
12810,treatment,0,mobile
6583,control,1,mobile
488,control,0,mobile
6758,control,1,mobile
14284,treatment,0,mobile
13767,treatment,0,mobile
8907,treatment,0,mobile
7155,control,0,desktop
9592,treatment,0,mobile
1687,control,0,desktop
8076,treatment,0,mobile
14101,treatment,1,mobile
14665,treatment,0,mobile
11525,treatment,0,mobile
10341,treatment,0,mobile
3794,control,0,desktop
4488,control,0,mobile
8709,treatment,0,mobile
11097,treatment,0,mobile
531,control,0,desktop
6867,control,0,mobile
14480,treatment,1,mobile
2709,control,0,mobile
13874,treatment,0,mobile
5182,control,0,mobile
15641,treatment,0,mobile
14105,treatment,0,desktop
11768,treatment,0,desktop
3261,control,0,desktop
6099,control,0,mobile
12886,treatment,1,mobile
7923,control,0,desktop
4778,control,0,desktop
4115,control,0,desktop
3702,control,0,mobile
15372,treatment,0,desktop
12471,treatment,0,mobile
10961,treatment,0,mobile
14428,treatment,0,mobile
2985,control,0,desktop
6961,control,0,mobile
2558,control,0,mobile
13036,treatment,0,mobile
5845,control,0,mobile
13873,treatment,0,mobile
4400,control,1,desktop
15618,treatment,1,mobile
1444,control,0,mobile
4939,control,0,mobile
13024,treatment,0,mobile
8166,treatment,0,desktop
4990,control,0,desktop
6754,control,0,mobile
5770,control,0,desktop
10129,treatment,0,mobile
2518,control,0,desktop
3927,control,0,desktop
15829,treatment,0,desktop
7441,control,0,mobile
8130,treatment,1,mobile
8817,treatment,1,mobile
5489,control,0,desktop
13581,treatment,0,desktop
4227,control,0,desktop
4839,control,0,mobile
10461,treatment,0,desktop
670,control,0,mobile
66,control,0,desktop
4951,control,0,mobile
8802,treatment,0,mobile
2491,control,0,mobile
7636,control,0,mobile
8417,treatment,0,mobile
4684,control,0,mobile
6283,control,0,desktop
4495,control,0,desktop
7970,control,1,mobile
11000,treatment,1,mobile
8171,treatment,0,mobile
5920,control,0,desktop
6003,control,0,desktop
6632,control,0,mobile
12971,treatment,0,desktop
2647,control,0,mobile
9597,treatment,0,mobile
12065,treatment,0,mobile
4612,control,0,desktop
11442,treatment,0,desktop
598,control,0,desktop
7317,control,0,mobile
2837,control,1,desktop
8249,treatment,0,desktop
11766,treatment,0,desktop
10626,treatment,0,mobile
9639,treatment,0,desktop
4240,control,1,mobile
7163,control,0,mobile
10768,treatment,0,mobile
6033,control,0,desktop
2478,control,0,desktop
2077,control,0,mobile
6617,control,0,desktop
10871,treatment,0,mobile
11862,treatment,1,mobile
15865,treatment,0,mobile
4029,control,0,mobile
4062,control,0,mobile
9041,treatment,0,desktop
4300,control,0,mobile
4865,control,1,mobile
7201,control,0,desktop
9118,treatment,1,mobile
4914,control,0,mobile
3881,control,0,mobile
14459,treatment,0,mobile
835,control,0,mobile
12675,treatment,0,desktop
4274,control,0,desktop
15461,treatment,0,desktop
5832,control,0,mobile
504,control,0,mobile
6989,control,0,desktop
10090,treatment,0,mobile
7531,control,1,mobile
4520,control,0,mobile
4664,control,0,mobile
10055,treatment,0,mobile
13462,treatment,0,mobile
6024,control,0,mobile
6321,control,0,mobile
14727,treatment,0,mobile
4533,control,0,mobile
10383,treatment,0,desktop
13438,treatment,0,mobile
11625,treatment,0,mobile
11508,treatment,0,mobile
1309,control,0,desktop
9630,treatment,1,mobile
8785,treatment,1,mobile
13840,treatment,0,mobile
12002,treatment,0,mobile
8630,treatment,0,desktop
676,control,0,desktop
6333,control,0,desktop
11496,treatment,0,desktop
12216,treatment,0,mobile
11416,treatment,0,mobile
15521,treatment,0,mobile
3650,control,1,mobile
831,control,0,desktop
13534,treatment,1,mobile
12918,treatment,0,mobile
2202,control,0,mobile
6161,control,1,mobile
8667,treatment,0,mobile
1892,control,1,mobile
3958,control,0,mobile
1731,control,0,mobile
5824,control,0,mobile
1913,control,0,mobile
7372,control,1,desktop
9966,treatment,0,desktop
2923,control,0,desktop
10039,treatment,0,desktop
11860,treatment,0,desktop
2917,control,0,mobile
10668,treatment,1,mobile
6328,control,0,desktop
13580,treatment,0,desktop
6794,control,0,mobile
5291,control,0,desktop
1331,control,0,desktop
2489,control,0,mobile
11721,treatment,0,desktop
13599,treatment,0,mobile
11159,treatment,0,mobile
8060,treatment,0,desktop
12840,treatment,0,desktop
1086,control,0,mobile
5040,control,0,desktop
2511,control,0,desktop
8714,treatment,0,desktop
10077,treatment,0,mobile
10138,treatment,0,mobile
9880,treatment,0,mobile
7157,control,0,desktop
10080,treatment,0,desktop
2446,control,0,mobile
9926,treatment,0,desktop
5117,control,0,desktop
3274,control,0,desktop
2708,control,0,mobile
8873,treatment,0,desktop
5492,control,0,mobile
1422,control,0,mobile
3444,control,0,mobile
1588,control,0,mobile
4572,control,1,mobile
13187,treatment,0,desktop
2484,control,0,mobile
14532,treatment,0,desktop
2355,control,0,mobile
4289,control,0,desktop
37,control,0,mobile
13758,treatment,0,desktop
15146,treatment,0,mobile
3333,control,0,mobile
5132,control,0,mobile
14889,treatment,0,desktop
1367,control,0,mobile
8573,treatment,0,desktop
9008,treatment,0,mobile
11533,treatment,0,desktop
1898,control,0,desktop
2137,control,0,mobile
12076,treatment,0,desktop
13666,treatment,0,mobile
1860,control,0,desktop
3628,control,0,desktop
10531,treatment,0,mobile
7623,control,1,desktop
13915,treatment,0,mobile
5167,control,0,desktop
218,control,0,desktop
9329,treatment,0,desktop
10395,treatment,1,mobile
8885,treatment,0,desktop
1879,control,0,mobile
13494,treatment,0,desktop
366,control,0,mobile
6975,control,0,desktop
11521,treatment,0,desktop
8412,treatment,0,desktop
11885,treatment,0,mobile
1352,control,0,desktop
3602,control,0,desktop
4570,control,0,mobile
1754,control,0,desktop
3278,control,0,desktop
13265,treatment,1,mobile
3983,control,0,mobile
11720,treatment,0,mobile
3390,control,0,desktop
8883,treatment,0,desktop
8713,treatment,0,mobile
7211,control,0,mobile
9779,treatment,0,desktop
13653,treatment,0,desktop
469,control,0,desktop
11627,treatment,0,mobile
15030,treatment,0,desktop
7299,control,0,desktop
10753,treatment,0,mobile
12734,treatment,0,desktop
11823,treatment,0,desktop
11639,treatment,0,desktop
8590,treatment,0,desktop
15700,treatment,0,mobile
585,control,0,desktop
13109,treatment,0,desktop
3590,control,0,mobile
7788,control,0,mobile
14630,treatment,0,mobile
11504,treatment,0,mobile
6442,control,0,mobile
4963,control,0,mobile
7151,control,1,mobile
8837,treatment,0,mobile
13415,treatment,0,mobile
15072,treatment,0,desktop
13250,treatment,0,mobile
11883,treatment,0,mobile
8036,treatment,0,mobile
6655,control,0,mobile
4845,control,0,desktop
10356,treatment,0,desktop
3022,control,0,desktop
15649,treatment,0,mobile
12445,treatment,0,desktop
1719,control,0,desktop
4730,control,0,mobile
5671,control,1,desktop
15289,treatment,1,mobile
10518,treatment,0,desktop
2564,control,0,mobile
8120,treatment,0,mobile
7277,control,0,mobile
11803,treatment,0,mobile
5570,control,0,desktop
4793,control,1,mobile
6117,control,0,desktop
593,control,0,mobile
8746,treatment,1,desktop
14640,treatment,0,desktop
15517,treatment,0,mobile
14482,treatment,0,desktop
15184,treatment,0,desktop
9947,treatment,0,mobile
14174,treatment,0,mobile
5758,control,0,mobile
12059,treatment,0,desktop
10232,treatment,0,mobile
9525,treatment,0,mobile
15731,treatment,0,desktop
15504,treatment,0,mobile
10661,treatment,1,desktop
1690,control,1,mobile
8862,treatment,0,desktop
15505,treatment,0,mobile
9588,treatment,0,desktop
9686,treatment,0,mobile
10574,treatment,0,mobile
11135,treatment,0,mobile
4559,control,0,desktop
3196,control,0,desktop
15710,treatment,0,desktop
2620,control,0,mobile
10037,treatment,0,desktop
4297,control,0,desktop
2039,control,1,desktop
2922,control,1,desktop
10600,treatment,0,desktop
438,control,0,desktop
8729,treatment,0,mobile
525,control,0,mobile
11734,treatment,0,mobile
5471,control,0,desktop
6355,control,0,desktop
15074,treatment,0,mobile
6078,control,0,mobile
281,control,0,mobile
11546,treatment,0,mobile
13769,treatment,0,mobile
2815,control,0,desktop
15477,treatment,1,desktop
2727,control,0,mobile
7375,control,0,desktop
6985,control,0,desktop
3957,control,1,mobile
975,control,0,desktop
11456,treatment,0,mobile
8529,treatment,0,desktop
7528,control,0,mobile
14361,treatment,0,desktop
14145,treatment,1,desktop
1858,control,0,mobile
10659,treatment,0,desktop
11806,treatment,0,desktop
14274,treatment,0,desktop
13150,treatment,0,desktop
11448,treatment,0,mobile
1046,control,0,desktop
1904,control,0,desktop
5125,control,0,mobile
1513,control,0,desktop
8697,treatment,1,desktop
9197,treatment,0,mobile
3898,control,0,mobile
15562,treatment,0,mobile
12142,treatment,0,mobile
2943,control,0,mobile
13677,treatment,0,mobile
14976,treatment,0,desktop
13470,treatment,0,mobile
1471,control,0,desktop
15950,treatment,1,mobile
8200,treatment,0,desktop
6410,control,0,desktop
13646,treatment,0,mobile
7858,control,0,mobile
2061,control,0,desktop
6783,control,1,desktop
11105,treatment,1,desktop
9006,treatment,0,mobile
8884,treatment,1,mobile
3208,control,0,mobile
3793,control,0,desktop
12940,treatment,1,desktop
13021,treatment,0,mobile
10373,treatment,0,desktop
3425,control,0,desktop
9980,treatment,0,mobile
6292,control,0,mobile
7778,control,0,mobile
609,control,0,mobile
10193,treatment,0,mobile
4221,control,0,mobile
15060,treatment,0,mobile
11563,treatment,0,mobile
8624,treatment,0,mobile
4195,control,0,desktop
10188,treatment,1,mobile
10957,treatment,0,desktop
11529,treatment,0,mobile
171,control,0,mobile
9821,treatment,0,desktop
2718,control,0,mobile
7153,control,0,desktop
11804,treatment,0,mobile
15383,treatment,0,mobile
6800,control,0,desktop
4805,control,0,desktop
2658,control,0,mobile
4273,control,0,desktop
11791,treatment,0,mobile
3749,control,0,desktop
5314,control,0,mobile
14060,treatment,0,desktop
9819,treatment,0,mobile
13490,treatment,0,desktop
1577,control,0,mobile
4147,control,0,mobile
545,control,0,mobile
9174,treatment,0,desktop
9441,treatment,0,desktop
11704,treatment,0,desktop
383,control,0,desktop
11995,treatment,0,mobile
8030,treatment,0,desktop
6726,control,1,desktop
15050,treatment,0,mobile
7617,control,0,desktop
11453,treatment,0,mobile
13902,treatment,0,desktop
8018,treatment,0,mobile
5898,control,0,desktop
9421,treatment,0,desktop
6730,control,0,mobile
4110,control,0,mobile
10074,treatment,0,mobile
3437,control,0,mobile
4622,control,0,mobile
1658,control,0,mobile
7225,control,1,mobile
2902,control,0,mobile
182,control,0,desktop
9291,treatment,0,desktop
9043,treatment,1,mobile
9415,treatment,0,mobile
11524,treatment,0,mobile
12729,treatment,0,mobile
8182,treatment,0,desktop
312,control,0,mobile
6641,control,0,mobile
13842,treatment,1,mobile
8035,treatment,0,mobile
12327,treatment,0,desktop
10979,treatment,0,mobile
6156,control,0,desktop
12015,treatment,0,desktop
5817,control,0,desktop
7406,control,0,desktop
9430,treatment,0,mobile
15609,treatment,0,mobile
5810,control,0,desktop
15943,treatment,0,desktop
4323,control,0,desktop
6552,control,1,desktop
9606,treatment,0,mobile
12602,treatment,0,mobile
12877,treatment,0,mobile
5019,control,0,desktop
11434,treatment,1,desktop
5911,control,0,mobile
15137,treatment,0,mobile
15168,treatment,0,mobile
2901,control,0,desktop
13227,treatment,0,desktop
10263,treatment,1,mobile
2121,control,0,mobile
10923,treatment,1,mobile
10622,treatment,0,mobile
8321,treatment,0,desktop
10399,treatment,0,mobile
11954,treatment,0,mobile
13347,treatment,0,desktop
261,control,0,desktop
5361,control,0,desktop
15577,treatment,0,mobile
13199,treatment,0,mobile
10847,treatment,0,mobile
9214,treatment,0,desktop
5683,control,1,mobile
11716,treatment,0,desktop
7771,control,0,desktop
12358,treatment,0,mobile
3351,control,0,mobile
14088,treatment,0,mobile
12080,treatment,0,desktop
8111,treatment,0,mobile
12994,treatment,0,mobile
11377,treatment,0,mobile
3503,control,0,mobile
12325,treatment,0,mobile
9322,treatment,0,mobile
9420,treatment,0,mobile
8501,treatment,0,mobile
3260,control,0,desktop
1126,control,0,mobile
9176,treatment,0,mobile
13105,treatment,0,mobile
4768,control,0,mobile
8133,treatment,0,desktop
2618,control,0,mobile
15283,treatment,0,mobile
10482,treatment,0,desktop
519,control,0,desktop
14338,treatment,1,mobile
7084,control,0,mobile
5666,control,0,desktop
9092,treatment,1,mobile
5394,control,1,desktop
10190,treatment,0,mobile
9481,treatment,0,mobile
474,control,0,mobile
46,control,0,mobile
11049,treatment,0,mobile
12256,treatment,1,mobile
4972,control,0,desktop
8505,treatment,0,mobile
338,control,0,desktop
12132,treatment,0,desktop
197,control,0,desktop
954,control,0,mobile
8144,treatment,0,mobile
9661,treatment,0,desktop
12700,treatment,0,desktop
3355,control,0,mobile
8671,treatment,0,desktop
11012,treatment,0,mobile
11836,treatment,0,desktop
5557,control,0,desktop
12869,treatment,0,mobile
11286,treatment,1,desktop
8168,treatment,0,mobile
12020,treatment,0,mobile
4800,control,0,mobile
3750,control,0,desktop
9130,treatment,0,desktop
13465,treatment,0,mobile
10537,treatment,0,mobile
2598,control,0,desktop
13838,treatment,0,mobile
7997,control,0,desktop
6937,control,0,mobile
11271,treatment,0,mobile
15508,treatment,1,mobile
9053,treatment,0,mobile
8386,treatment,0,desktop
10858,treatment,0,desktop
11558,treatment,0,mobile
11710,treatment,0,mobile
9281,treatment,0,desktop
1763,control,0,mobile
12570,treatment,0,desktop
14674,treatment,0,mobile
10660,treatment,0,desktop
4873,control,0,mobile
5805,control,0,mobile
15597,treatment,1,mobile
14197,treatment,1,desktop
15663,treatment,0,desktop
8839,treatment,0,mobile
10088,treatment,0,mobile
11197,treatment,0,mobile
1411,control,0,mobile
8533,treatment,0,mobile
5200,control,0,mobile
8401,treatment,0,desktop
13960,treatment,0,mobile
9944,treatment,0,mobile
9913,treatment,0,mobile
13450,treatment,1,mobile
12746,treatment,1,desktop
12479,treatment,0,desktop
3305,control,0,mobile
7108,control,0,mobile
3813,control,0,desktop
5462,control,1,desktop
12983,treatment,0,mobile
14080,treatment,0,mobile
3093,control,1,mobile
13078,treatment,0,desktop
12500,treatment,0,desktop
1675,control,0,desktop
8975,treatment,1,mobile
7503,control,0,mobile
12187,treatment,0,desktop
4423,control,0,mobile
1951,control,0,mobile
6991,control,0,desktop
5346,control,0,mobile
15229,treatment,0,mobile
6864,control,0,mobile
10802,treatment,0,desktop
14912,treatment,0,desktop
12355,treatment,0,mobile
1647,control,0,mobile
7089,control,0,mobile
3497,control,0,mobile
3669,control,1,mobile
11542,treatment,0,mobile
10443,treatment,0,mobile
4464,control,0,mobile
15694,treatment,0,mobile
15918,treatment,0,mobile
14836,treatment,0,mobile
5697,control,0,desktop
3646,control,0,desktop
10608,treatment,0,mobile
3432,control,0,mobile
5222,control,0,desktop
8511,treatment,0,desktop
6306,control,0,mobile
3741,control,0,desktop
3383,control,0,desktop
10980,treatment,0,mobile
8508,treatment,0,mobile
3744,control,0,mobile
2960,control,0,desktop
10533,treatment,1,desktop
7557,control,0,desktop
10837,treatment,0,mobile
2177,control,0,mobile
8480,treatment,0,desktop
14959,treatment,0,mobile
3059,control,0,desktop
14515,treatment,1,mobile
15534,treatment,0,mobile
12661,treatment,0,mobile
13524,treatment,0,desktop
5593,control,0,desktop
203,control,0,mobile
2557,control,0,mobile
12589,treatment,0,mobile
3485,control,0,mobile
8733,treatment,1,mobile
5330,control,0,desktop
11317,treatment,0,desktop
11001,treatment,0,mobile
6756,control,0,mobile
120,control,1,desktop
5913,control,0,mobile
11227,treatment,0,mobile
12563,treatment,0,desktop
5497,control,0,desktop
13891,treatment,0,desktop
15984,treatment,0,desktop
239,control,0,desktop
4222,control,0,mobile
7293,control,0,mobile
9074,treatment,0,mobile
5823,control,0,mobile
13087,treatment,1,mobile
6986,control,1,desktop
15227,treatment,0,mobile
1330,control,0,desktop
6158,control,0,mobile
9429,treatment,0,desktop
11838,treatment,0,desktop
15021,treatment,0,desktop
6482,control,0,mobile
5378,control,0,mobile
9016,treatment,0,mobile
7695,control,0,desktop
7297,control,1,mobile
2707,control,0,desktop
5816,control,0,desktop
15765,treatment,0,mobile
9901,treatment,0,mobile
2148,control,0,desktop
8306,treatment,0,mobile
1025,control,0,desktop
4277,control,0,mobile
13095,treatment,0,desktop
7929,control,0,mobile
6094,control,0,mobile
9748,treatment,0,mobile
11728,treatment,1,desktop
1520,control,0,mobile
4388,control,0,mobile
11899,treatment,0,desktop
12704,treatment,0,mobile
4118,control,0,desktop
15612,treatment,0,mobile
3863,control,0,mobile
5586,control,0,mobile
14116,treatment,1,mobile
14855,treatment,0,mobile
2904,control,0,mobile
10118,treatment,0,desktop
10448,treatment,0,desktop
10835,treatment,0,mobile
8292,treatment,1,mobile
14269,treatment,0,desktop
13750,treatment,0,desktop
400,control,0,mobile
5879,control,0,mobile
9713,treatment,0,desktop
13381,treatment,0,desktop
5223,control,0,desktop
13008,treatment,0,mobile
5922,control,0,desktop
1436,control,1,mobile
11655,treatment,0,mobile
4593,control,0,mobile
13563,treatment,0,mobile
9608,treatment,0,mobile
9532,treatment,0,desktop
3987,control,0,desktop
5402,control,1,mobile
3069,control,0,mobile
12866,treatment,0,mobile
9561,treatment,0,mobile
6284,control,0,desktop
4674,control,0,desktop
15215,treatment,0,mobile
6470,control,0,desktop
13725,treatment,0,desktop
7655,control,0,mobile
617,control,0,mobile
13565,treatment,1,mobile
8910,treatment,0,mobile
13552,treatment,0,mobile
677,control,0,mobile
2855,control,0,mobile
4621,control,0,mobile
13929,treatment,0,desktop
2757,control,0,desktop
12450,treatment,0,desktop
6577,control,0,desktop
10614,treatment,0,mobile
8988,treatment,1,mobile
15427,treatment,0,mobile
7672,control,0,mobile
1235,control,1,desktop
10904,treatment,0,mobile
12244,treatment,0,desktop
10377,treatment,1,mobile
13163,treatment,0,mobile
12016,treatment,0,mobile
1274,control,0,mobile
11234,treatment,0,mobile
11599,treatment,0,mobile
3644,control,0,mobile
1976,control,0,mobile
13748,treatment,1,mobile
2089,control,0,desktop
5242,control,0,desktop
14579,treatment,0,desktop
15759,treatment,0,mobile
6142,control,1,mobile
7069,control,0,desktop
572,control,0,mobile
4649,control,0,desktop
13270,treatment,0,mobile
6983,control,0,mobile
12832,treatment,1,mobile
1590,control,0,desktop
11898,treatment,0,desktop
1516,control,0,mobile
7516,control,0,desktop
4503,control,0,mobile
2271,control,0,mobile
11362,treatment,0,mobile
15633,treatment,0,mobile
12009,treatment,0,mobile
10100,treatment,1,desktop
8088,treatment,1,desktop
3666,control,0,desktop
10389,treatment,0,mobile
11054,treatment,0,mobile
14564,treatment,0,mobile
7424,control,0,desktop
14773,treatment,0,mobile
8309,treatment,1,desktop
15967,treatment,1,mobile
568,control,0,mobile
6721,control,0,desktop
14386,treatment,0,desktop
1823,control,0,mobile
13302,treatment,0,desktop
1271,control,0,desktop
9500,treatment,0,mobile
5754,control,0,desktop
11314,treatment,0,desktop
7555,control,0,desktop
7233,control,0,desktop
8420,treatment,0,desktop
1749,control,0,desktop
6683,control,0,desktop
8359,treatment,0,desktop
2186,control,1,mobile
4282,control,0,mobile
15871,treatment,0,desktop
6184,control,1,mobile
1186,control,0,desktop
5054,control,0,desktop
12233,treatment,1,desktop
15475,treatment,0,desktop
5333,control,0,mobile
1798,control,0,mobile
9400,treatment,0,mobile
2506,control,0,mobile
11673,treatment,0,mobile
13493,treatment,0,mobile
15251,treatment,1,mobile
13297,treatment,0,mobile
8877,treatment,0,mobile
4369,control,0,mobile
6050,control,0,mobile
8371,treatment,0,mobile
1573,control,0,mobile
384,control,0,mobile
15381,treatment,0,desktop
996,control,0,mobile
12175,treatment,0,desktop
14840,treatment,0,mobile
1502,control,0,mobile
9650,treatment,0,mobile
2784,control,0,mobile
2937,control,0,desktop
2886,control,0,desktop
207,control,0,desktop
11544,treatment,0,mobile
8469,treatment,0,mobile
13062,treatment,0,mobile
4494,control,0,mobile
4371,control,0,mobile
5659,control,0,mobile
11269,treatment,0,desktop
4826,control,1,mobile
15437,treatment,0,mobile
257,control,0,desktop
9800,treatment,0,mobile
7584,control,0,desktop
8918,treatment,0,mobile
12023,treatment,0,mobile
3887,control,0,desktop
9651,treatment,0,desktop
13644,treatment,0,mobile
3370,control,0,desktop
14458,treatment,0,desktop
8254,treatment,1,mobile
10220,treatment,0,mobile
12420,treatment,0,mobile
14474,treatment,0,mobile
12667,treatment,1,mobile
14725,treatment,0,desktop
9152,treatment,0,desktop
4121,control,1,mobile
3924,control,0,desktop
8270,treatment,0,mobile
9112,treatment,0,mobile
7613,control,0,mobile
4653,control,0,desktop
5309,control,0,desktop
10775,treatment,0,mobile
4513,control,0,mobile
11379,treatment,1,mobile
6882,control,0,mobile
1145,control,0,mobile
5722,control,0,desktop
695,control,0,desktop
10862,treatment,0,mobile
795,control,0,desktop
9897,treatment,0,desktop
12055,treatment,0,mobile
3471,control,0,mobile
11591,treatment,1,desktop
290,control,1,mobile
4585,control,0,mobile
10649,treatment,0,mobile
2699,control,0,mobile
9088,treatment,0,mobile
3902,control,0,mobile
2555,control,1,mobile
4330,control,0,desktop
1428,control,0,desktop
15589,treatment,0,desktop
2055,control,0,desktop
2572,control,0,mobile
14249,treatment,0,mobile
2550,control,0,mobile
10910,treatment,0,desktop
10456,treatment,0,mobile
6615,control,0,mobile
7397,control,0,mobile
367,control,0,desktop
15555,treatment,0,mobile
2859,control,0,desktop
2047,control,0,mobile
8725,treatment,1,mobile
2894,control,0,desktop
5647,control,1,desktop
11242,treatment,0,mobile
15025,treatment,1,mobile
2079,control,1,mobile
5186,control,1,desktop
2822,control,0,desktop
2436,control,0,mobile
9652,treatment,0,mobile
12477,treatment,0,mobile
6331,control,0,mobile
8308,treatment,0,desktop
11107,treatment,0,mobile
2808,control,0,desktop
11418,treatment,0,desktop
9778,treatment,0,desktop
15041,treatment,0,mobile
633,control,0,mobile
3658,control,1,desktop
7041,control,0,desktop
15738,treatment,0,desktop
12143,treatment,0,mobile
7025,control,0,desktop
2135,control,0,mobile
15717,treatment,0,mobile
14153,treatment,0,mobile
14704,treatment,0,mobile
896,control,0,desktop
104,control,0,mobile
13853,treatment,0,mobile
315,control,0,desktop
5493,control,0,desktop
44,control,0,desktop
7367,control,0,desktop
13065,treatment,0,desktop
5265,control,0,mobile
6505,control,0,desktop
387,control,0,desktop
12237,treatment,0,desktop
2160,control,0,mobile
8853,treatment,0,mobile
4941,control,0,mobile
15931,treatment,0,mobile
5740,control,1,desktop
11510,treatment,1,mobile
11833,treatment,0,desktop
5665,control,0,mobile
11932,treatment,1,mobile
15382,treatment,0,desktop
6114,control,0,desktop
13255,treatment,0,mobile
7534,control,1,mobile
6373,control,0,mobile
12894,treatment,0,mobile
11498,treatment,0,desktop
7918,control,0,mobile
14461,treatment,0,mobile
15879,treatment,0,mobile
2852,control,0,desktop
1508,control,0,mobile
8046,treatment,0,desktop
11668,treatment,0,desktop
1669,control,0,desktop
6897,control,0,desktop
11782,treatment,0,mobile
9249,treatment,0,mobile
4302,control,0,mobile
12316,treatment,0,desktop
11678,treatment,0,mobile
7879,control,0,mobile
444,control,0,desktop
13275,treatment,1,mobile
11931,treatment,0,desktop
5194,control,0,mobile
1553,control,0,mobile
8415,treatment,0,desktop
9742,treatment,0,mobile
2695,control,0,mobile
7835,control,0,desktop
9226,treatment,0,mobile
1267,control,1,desktop
5645,control,0,mobile
13331,treatment,1,desktop
3789,control,0,mobile
5681,control,0,desktop
15495,treatment,1,desktop
7349,control,1,mobile
13427,treatment,0,desktop
10468,treatment,0,desktop
1621,control,0,desktop
12435,treatment,0,desktop
12897,treatment,0,desktop
15749,treatment,0,mobile
3214,control,0,desktop
15979,treatment,0,mobile
334,control,0,mobile
4767,control,0,mobile
940,control,0,desktop
14070,treatment,1,mobile
13852,treatment,0,mobile
3212,control,0,mobile
5017,control,0,desktop
1394,control,0,desktop
14440,treatment,0,mobile
5553,control,0,desktop
12693,treatment,0,mobile
4084,control,0,desktop
1511,control,0,desktop
2041,control,0,mobile
15699,treatment,0,desktop
13722,treatment,0,mobile
7844,control,0,desktop
13997,treatment,0,desktop
13476,treatment,0,desktop
15362,treatment,0,mobile
11654,treatment,0,desktop
8841,treatment,0,mobile
251,control,0,mobile
6694,control,0,mobile
11436,treatment,0,mobile
3457,control,1,mobile
2407,control,0,desktop
1620,control,0,mobile
459,control,0,mobile
4244,control,0,desktop
433,control,0,mobile
13530,treatment,0,mobile
11225,treatment,0,mobile
613,control,0,desktop
13079,treatment,1,mobile
15770,treatment,0,mobile
6740,control,0,mobile
934,control,0,desktop
8102,treatment,0,mobile
2216,control,0,mobile
1855,control,0,mobile
7669,control,0,mobile
15685,treatment,0,mobile
15365,treatment,0,desktop
15880,treatment,0,desktop
12945,treatment,0,mobile
8138,treatment,0,mobile
14272,treatment,0,mobile
7210,control,0,desktop
12155,treatment,0,desktop
8835,treatment,0,mobile
15192,treatment,0,desktop
9940,treatment,0,mobile
7910,control,0,mobile
14747,treatment,0,mobile
11335,treatment,0,mobile
4061,control,1,desktop
15347,treatment,1,desktop
5185,control,0,desktop
1169,control,0,desktop
12382,treatment,0,mobile
8761,treatment,0,mobile
7496,control,0,mobile
14230,treatment,0,mobile
12708,treatment,0,desktop
7912,control,0,mobile
11641,treatment,1,desktop
1449,control,0,mobile
10978,treatment,0,mobile
3531,control,0,mobile
10551,treatment,0,desktop
12728,treatment,0,desktop
12293,treatment,0,mobile
5266,control,0,desktop
1736,control,0,desktop
14587,treatment,0,desktop
4266,control,1,desktop
1496,control,0,mobile
6598,control,0,mobile
11752,treatment,0,mobile
955,control,1,mobile
1572,control,0,mobile
6732,control,1,desktop
68,control,0,desktop
12122,treatment,0,mobile
7434,control,0,mobile
6409,control,0,mobile
6845,control,0,desktop
13339,treatment,0,mobile
559,control,0,desktop
377,control,0,mobile
10813,treatment,0,desktop
1353,control,0,desktop
14298,treatment,0,desktop
3282,control,0,mobile
7671,control,1,mobile
14997,treatment,1,mobile
10754,treatment,0,mobile
15431,treatment,1,mobile
14258,treatment,0,mobile
9733,treatment,1,desktop
12180,treatment,1,mobile
3285,control,0,mobile
15292,treatment,0,mobile
10257,treatment,1,desktop
12517,treatment,0,desktop
5620,control,0,mobile
7443,control,0,desktop
7502,control,0,mobile
4125,control,0,mobile
11080,treatment,0,mobile
4433,control,0,desktop
8096,treatment,0,mobile
15594,treatment,0,desktop
1064,control,0,desktop
10544,treatment,0,mobile
14290,treatment,0,mobile
13230,treatment,0,mobile
5306,control,0,desktop
3439,control,0,mobile
3869,control,0,desktop
5383,control,0,mobile
6827,control,0,mobile
11423,treatment,0,desktop
14622,treatment,0,mobile
13414,treatment,1,desktop
2673,control,1,mobile
10994,treatment,0,mobile
6953,control,0,desktop
12828,treatment,0,mobile
631,control,0,mobile
6083,control,1,mobile
9744,treatment,0,mobile
12862,treatment,0,desktop
7273,control,0,mobile
14713,treatment,0,mobile
1665,control,1,desktop
12000,treatment,0,mobile
5229,control,1,mobile
5181,control,0,desktop
5995,control,0,mobile
2083,control,0,mobile
8789,treatment,0,mobile
930,control,0,desktop
310,control,0,mobile
10604,treatment,0,desktop
4076,control,0,desktop
4889,control,0,mobile
5773,control,0,mobile
6674,control,0,desktop
2054,control,0,desktop
3725,control,0,desktop
12559,treatment,0,mobile
5651,control,0,desktop
11077,treatment,0,desktop
1728,control,0,desktop
15470,treatment,0,mobile
1036,control,0,desktop
3625,control,0,desktop
12181,treatment,0,mobile
3943,control,0,desktop
10451,treatment,0,mobile
10134,treatment,0,desktop
14603,treatment,0,mobile
5608,control,0,mobile
3872,control,0,desktop
9440,treatment,0,mobile
7416,control,0,mobile
368,control,0,mobile
3708,control,0,desktop
14170,treatment,0,mobile
10112,treatment,0,mobile
15271,treatment,0,mobile
3736,control,0,desktop
11979,treatment,0,mobile
8685,treatment,1,mobile
13765,treatment,0,desktop
8960,treatment,0,mobile
14181,treatment,0,desktop
1391,control,0,mobile
7873,control,0,desktop
35,control,0,mobile
6487,control,0,desktop
11195,treatment,0,mobile
713,control,0,mobile
15563,treatment,0,desktop
4704,control,1,mobile
3480,control,0,mobile
8045,treatment,0,mobile
14894,treatment,0,desktop
4412,control,0,desktop
7440,control,0,mobile
6596,control,0,mobile
6844,control,0,desktop
5855,control,0,mobile
14944,treatment,0,desktop
3787,control,0,desktop
5821,control,0,mobile
4659,control,0,desktop
137,control,0,desktop
5403,control,0,mobile
12159,treatment,0,mobile
14676,treatment,0,desktop
2334,control,0,mobile
5500,control,0,desktop
3926,control,0,mobile
15631,treatment,0,desktop
6308,control,1,mobile
1533,control,0,desktop
2930,control,1,mobile
2490,control,0,mobile
4466,control,0,mobile
12715,treatment,0,mobile
13015,treatment,0,mobile
12872,treatment,1,mobile
7481,control,0,mobile
7610,control,0,mobile
11772,treatment,0,mobile
527,control,0,desktop
510,control,0,desktop
5662,control,0,mobile
12209,treatment,0,mobile
2908,control,0,desktop
8522,treatment,0,mobile
1453,control,0,desktop
8656,treatment,1,desktop
14860,treatment,0,desktop
3163,control,0,mobile
1765,control,0,desktop
2577,control,0,desktop
14231,treatment,0,mobile
15058,treatment,1,mobile
4943,control,0,mobile
17,control,0,desktop
15261,treatment,0,mobile
4952,control,0,mobile
8666,treatment,0,desktop
10932,treatment,0,mobile
13611,treatment,0,desktop
13742,treatment,1,mobile
10444,treatment,0,desktop
2782,control,0,mobile
11465,treatment,0,mobile
3129,control,0,mobile
3420,control,0,mobile
496,control,1,mobile
15854,treatment,0,mobile
7029,control,0,desktop
4389,control,0,mobile
9207,treatment,0,mobile
14711,treatment,0,desktop
1638,control,0,mobile
8131,treatment,0,desktop
7735,control,0,desktop
9448,treatment,0,desktop
6021,control,1,desktop
6250,control,0,desktop
10219,treatment,0,mobile
4321,control,0,mobile
1016,control,1,desktop
11236,treatment,0,desktop
10119,treatment,1,mobile
1718,control,0,desktop
8051,treatment,0,mobile
8058,treatment,1,desktop
12021,treatment,0,mobile
8360,treatment,0,mobile
4191,control,0,desktop
13971,treatment,0,mobile
4853,control,0,desktop
14065,treatment,0,mobile
8179,treatment,0,desktop
11264,treatment,1,desktop
3981,control,0,desktop
8121,treatment,0,desktop
216,control,0,mobile
6504,control,0,mobile
1265,control,0,desktop
9690,treatment,0,mobile
11834,treatment,0,desktop
9797,treatment,0,desktop
10442,treatment,0,mobile
4900,control,0,mobile
12772,treatment,0,mobile
6663,control,0,mobile
14384,treatment,1,mobile
6001,control,0,mobile
7244,control,0,desktop
13940,treatment,1,desktop
458,control,0,mobile
5978,control,0,mobile
8847,treatment,0,mobile
13013,treatment,0,mobile
3476,control,0,desktop
8741,treatment,0,mobile
8781,treatment,0,mobile
8345,treatment,1,mobile
1305,control,0,mobile
3771,control,0,mobile
2619,control,1,desktop
11852,treatment,0,desktop
9813,treatment,0,mobile
14162,treatment,0,mobile
1813,control,0,mobile
2683,control,0,mobile
11186,treatment,0,desktop
4103,control,0,mobile
8425,treatment,0,mobile
12066,treatment,0,mobile
3166,control,1,desktop
1214,control,0,mobile
6475,control,0,mobile
332,control,1,mobile
15658,treatment,0,mobile
11016,treatment,0,mobile
1946,control,0,desktop
9490,treatment,0,desktop
12490,treatment,0,desktop
40,control,0,mobile
962,control,0,desktop
9251,treatment,0,mobile
13967,treatment,0,mobile
2586,control,0,mobile
15676,treatment,0,desktop
2661,control,0,desktop
4969,control,0,mobile
14876,treatment,0,desktop
6203,control,1,mobile
10585,treatment,0,mobile
10130,treatment,0,desktop
6691,control,0,mobile
11304,treatment,1,mobile
13880,treatment,0,mobile
11689,treatment,0,mobile
11228,treatment,0,mobile
13616,treatment,0,mobile
8452,treatment,0,mobile
1090,control,0,mobile
3135,control,0,desktop
6478,control,0,mobile
961,control,0,mobile
1374,control,1,mobile
13399,treatment,0,desktop
6776,control,0,desktop
5694,control,0,desktop
148,control,0,desktop
7009,control,1,desktop
12390,treatment,0,mobile
10919,treatment,0,mobile
3311,control,0,mobile
10328,treatment,0,desktop
2591,control,0,mobile
11305,treatment,0,mobile
14717,treatment,0,desktop
9352,treatment,0,mobile
260,control,0,mobile
2123,control,0,desktop
12631,treatment,0,mobile
12809,treatment,0,mobile
10908,treatment,0,desktop
9492,treatment,0,mobile
10823,treatment,1,desktop
3272,control,0,mobile
2377,control,1,desktop
1115,control,0,desktop
3659,control,0,mobile
15176,treatment,0,mobile
14790,treatment,1,mobile
6181,control,0,desktop
5388,control,0,desktop
12949,treatment,0,desktop
1816,control,0,desktop
5532,control,0,mobile
2861,control,1,desktop
12588,treatment,0,mobile
41,control,0,mobile
7049,control,0,desktop
11858,treatment,1,mobile
14907,treatment,0,mobile
5870,control,0,mobile
779,control,1,desktop
7913,control,1,desktop
5706,control,0,mobile
13888,treatment,0,mobile
15545,treatment,1,desktop
13792,treatment,0,mobile
837,control,0,desktop
2513,control,0,desktop
3920,control,0,desktop
3519,control,0,mobile
14254,treatment,0,desktop
14752,treatment,0,desktop
905,control,1,desktop
9793,treatment,0,desktop
10210,treatment,0,mobile
9018,treatment,0,mobile
3230,control,0,mobile
3501,control,0,mobile
6612,control,0,desktop
4387,control,0,desktop
15254,treatment,0,mobile
13526,treatment,0,mobile
10915,treatment,0,mobile
6044,control,0,desktop
6628,control,0,mobile
15106,treatment,0,mobile
4591,control,1,mobile
13787,treatment,0,mobile
8473,treatment,0,mobile
3108,control,0,mobile
2180,control,1,mobile
10704,treatment,0,mobile
13668,treatment,0,mobile
4307,control,0,mobile
2218,control,0,mobile
9551,treatment,0,mobile
13779,treatment,1,desktop
9459,treatment,0,desktop
12919,treatment,0,desktop
5997,control,0,desktop
10086,treatment,0,mobile
4992,control,1,desktop
6870,control,0,mobile
38,control,1,mobile
12690,treatment,0,mobile
8483,treatment,0,mobile
4438,control,0,desktop
9951,treatment,0,mobile
1884,control,0,desktop
1905,control,0,mobile
12364,treatment,0,mobile
3364,control,0,desktop
12674,treatment,0,mobile
6699,control,0,desktop
5442,control,0,desktop
4087,control,0,desktop
6521,control,0,mobile
5432,control,0,mobile
14584,treatment,0,mobile
4472,control,0,desktop
11577,treatment,0,mobile
4237,control,0,desktop
15291,treatment,0,desktop
11190,treatment,0,desktop
3036,control,0,desktop
1234,control,1,mobile
13413,treatment,0,mobile
6360,control,0,mobile
11790,treatment,0,desktop
1110,control,0,mobile
932,control,0,mobile
8974,treatment,1,mobile
6934,control,0,desktop
14194,treatment,0,desktop
9110,treatment,0,mobile
10530,treatment,0,mobile
15565,treatment,1,desktop
1280,control,1,mobile
11904,treatment,0,mobile
11839,treatment,0,desktop
7894,control,0,desktop
14681,treatment,1,mobile
6344,control,0,mobile
4981,control,0,desktop
14624,treatment,0,desktop
87,control,0,desktop
4380,control,0,desktop
11276,treatment,0,desktop
13430,treatment,0,mobile
976,control,0,desktop
2706,control,0,mobile
9237,treatment,0,desktop
5831,control,0,desktop
3589,control,0,desktop
9810,treatment,1,desktop
7624,control,0,desktop
6609,control,0,desktop
3246,control,0,mobile
11569,treatment,1,mobile
10972,treatment,0,desktop
13766,treatment,0,desktop
1191,control,0,mobile
514,control,0,mobile
2774,control,0,mobile
2867,control,1,desktop
11092,treatment,0,desktop
9886,treatment,0,mobile
11737,treatment,0,mobile
9069,treatment,0,mobile
9917,treatment,0,desktop
13035,treatment,0,desktop
405,control,1,mobile
8010,treatment,1,desktop
1491,control,0,desktop
6188,control,1,desktop
1907,control,0,mobile
9407,treatment,0,desktop
14396,treatment,0,desktop
5469,control,0,desktop
11970,treatment,1,mobile
14591,treatment,0,mobile
9376,treatment,0,mobile
13912,treatment,0,desktop
726,control,0,desktop
3464,control,0,desktop
10469,treatment,0,mobile
15582,treatment,0,desktop
3318,control,0,desktop
15180,treatment,0,mobile
3395,control,0,mobile
12102,treatment,1,mobile
15751,treatment,0,desktop
1936,control,1,mobile
6625,control,0,desktop
2777,control,0,mobile
1724,control,0,mobile
9465,treatment,0,mobile
5516,control,0,mobile
7775,control,0,desktop
12106,treatment,1,desktop
6514,control,0,mobile
7848,control,0,mobile
14877,treatment,1,mobile
8770,treatment,0,desktop
3092,control,0,desktop
6807,control,0,mobile
5650,control,0,mobile
8638,treatment,0,mobile
12404,treatment,0,mobile
3852,control,0,mobile
11502,treatment,0,mobile
2913,control,0,desktop
14804,treatment,0,mobile
1197,control,0,desktop
8142,treatment,0,mobile
1221,control,0,desktop
3975,control,0,mobile
3287,control,0,desktop
9735,treatment,0,mobile
12004,treatment,0,mobile
11420,treatment,0,desktop
8105,treatment,0,desktop
12635,treatment,0,desktop
10602,treatment,1,desktop
1917,control,0,desktop
8984,treatment,0,mobile
1876,control,1,mobile
803,control,0,mobile
7141,control,0,mobile
7468,control,1,mobile
7843,control,0,desktop
8118,treatment,0,mobile
2189,control,0,mobile
4258,control,1,desktop
8673,treatment,0,mobile
12586,treatment,0,desktop
8660,treatment,0,mobile
2701,control,0,mobile
15995,treatment,0,desktop
12653,treatment,0,desktop
9065,treatment,0,mobile
1474,control,0,desktop
4058,control,0,desktop
4267,control,0,mobile
3080,control,0,desktop
15777,treatment,0,mobile
2828,control,0,mobile
7451,control,1,mobile
2806,control,0,desktop
8396,treatment,0,mobile
5656,control,0,desktop
4578,control,0,desktop
7641,control,1,mobile
10557,treatment,0,desktop
1263,control,0,mobile
3188,control,0,mobile
1196,control,0,desktop
4516,control,1,mobile
2074,control,0,mobile
6006,control,1,desktop
977,control,0,mobile
14794,treatment,0,mobile
14808,treatment,1,mobile
11890,treatment,1,desktop
12580,treatment,0,desktop
9939,treatment,0,mobile
10517,treatment,0,desktop
7867,control,0,desktop
84,control,0,mobile
1918,control,0,mobile
11549,treatment,0,mobile
7040,control,0,desktop
4985,control,0,mobile
3443,control,1,desktop
8677,treatment,0,mobile
13258,treatment,0,desktop
10063,treatment,0,mobile
2563,control,0,mobile
3225,control,0,desktop
1413,control,1,desktop
9213,treatment,0,mobile
8911,treatment,0,desktop
12508,treatment,0,desktop
15842,treatment,0,mobile
15023,treatment,1,desktop
3252,control,0,mobile
3788,control,0,mobile
11828,treatment,0,mobile
13266,treatment,0,desktop
4085,control,1,desktop
9375,treatment,0,mobile
3283,control,1,mobile
12817,treatment,0,desktop
11447,treatment,0,mobile
9148,treatment,0,mobile
14753,treatment,1,desktop
7125,control,0,mobile
10516,treatment,0,desktop
7420,control,0,mobile
5765,control,0,mobile
13911,treatment,0,mobile
5214,control,0,desktop
15632,treatment,0,mobile
2693,control,0,mobile
15430,treatment,0,mobile
967,control,0,desktop
13023,treatment,1,mobile
15828,treatment,0,mobile
1173,control,0,mobile
12604,treatment,1,desktop
9189,treatment,0,desktop
10789,treatment,0,mobile
13996,treatment,0,mobile
12433,treatment,0,desktop
14141,treatment,0,mobile
10070,treatment,0,mobile
3715,control,0,mobile
15258,treatment,0,mobile
2751,control,1,desktop
7828,control,1,mobile
13972,treatment,1,mobile
11920,treatment,0,mobile
14594,treatment,0,mobile
4489,control,0,mobile
2106,control,0,mobile
11548,treatment,0,mobile
421,control,0,mobile
5646,control,0,mobile
13979,treatment,0,mobile
9871,treatment,0,desktop
12839,treatment,0,desktop
13683,treatment,0,mobile
10386,treatment,0,desktop
9515,treatment,0,mobile
9178,treatment,1,desktop
4424,control,1,mobile
13673,treatment,0,mobile
11109,treatment,0,desktop
15856,treatment,1,desktop
1726,control,0,mobile
12135,treatment,0,mobile
12271,treatment,0,mobile
11786,treatment,0,mobile
6589,control,1,desktop
748,control,1,mobile
15932,treatment,0,mobile
5175,control,0,mobile
1232,control,0,desktop
9712,treatment,0,mobile
3229,control,0,mobile
5356,control,0,desktop
8552,treatment,0,mobile
1423,control,0,desktop
294,control,1,mobile
4692,control,0,desktop
9052,treatment,1,mobile
12768,treatment,1,mobile
61,control,0,mobile
12345,treatment,0,desktop
1389,control,0,desktop
712,control,0,mobile
13214,treatment,0,desktop
11884,treatment,0,mobile
8832,treatment,0,mobile
7884,control,0,desktop
2037,control,0,mobile
10694,treatment,1,desktop
8576,treatment,0,desktop
2984,control,0,mobile
2394,control,0,desktop
7276,control,0,mobile
15236,treatment,0,mobile
3474,control,0,mobile
13788,treatment,0,desktop
10140,treatment,0,mobile
268,control,0,desktop
3634,control,0,desktop
10217,treatment,0,mobile
119,control,0,desktop
7850,control,0,mobile
14452,treatment,1,desktop
11552,treatment,0,desktop
13338,treatment,0,mobile
9855,treatment,0,mobile
3729,control,0,mobile
2977,control,0,mobile
10018,treatment,0,desktop
10879,treatment,0,mobile
15861,treatment,0,desktop
3955,control,0,desktop
8484,treatment,0,mobile
8212,treatment,0,mobile
7024,control,0,mobile
139,control,0,mobile
8334,treatment,0,mobile
2672,control,0,mobile
7569,control,0,desktop
13512,treatment,0,mobile
7737,control,1,mobile
10503,treatment,0,mobile
5841,control,0,desktop
4521,control,0,desktop
5790,control,1,mobile
15769,treatment,0,desktop
14606,treatment,0,mobile
4151,control,1,mobile
6488,control,0,desktop
3530,control,0,desktop
11670,treatment,0,mobile
3822,control,1,mobile
12084,treatment,0,desktop
2871,control,0,mobile
6550,control,0,mobile
7478,control,0,mobile
11118,treatment,0,mobile
2625,control,0,mobile
2532,control,1,desktop
10133,treatment,0,mobile
10706,treatment,0,desktop
14911,treatment,0,mobile
2942,control,0,desktop
10699,treatment,0,mobile
90,control,0,mobile
13231,treatment,0,mobile
7687,control,0,mobile
11323,treatment,0,mobile
6875,control,0,mobile
7689,control,1,mobile
15734,treatment,0,desktop
13256,treatment,0,mobile
13780,treatment,0,mobile
5260,control,0,mobile
2230,control,0,desktop
5311,control,0,desktop
4482,control,0,mobile
2551,control,0,desktop
6828,control,0,desktop
10191,treatment,1,mobile
15813,treatment,0,mobile
4599,control,0,desktop
11914,treatment,0,mobile
6429,control,0,mobile
13202,treatment,0,mobile
11990,treatment,0,mobile
1397,control,0,mobile
3803,control,0,desktop
4669,control,0,desktop
15904,treatment,0,mobile
1926,control,1,mobile
14211,treatment,0,mobile
245,control,0,desktop
12064,treatment,0,desktop
7199,control,0,desktop
14022,treatment,0,desktop
952,control,0,mobile
15239,treatment,0,mobile
11328,treatment,0,mobile
15387,treatment,0,desktop
1038,control,0,desktop
14398,treatment,0,desktop
14098,treatment,0,mobile
8696,treatment,1,mobile
9257,treatment,0,desktop
9417,treatment,0,mobile
2979,control,0,mobile
8775,treatment,0,mobile
6037,control,0,desktop
1751,control,0,desktop
3002,control,0,desktop
2371,control,0,mobile
13893,treatment,0,mobile
5515,control,0,mobile
4729,control,0,mobile
7172,control,0,mobile
11730,treatment,0,mobile
5254,control,0,mobile
2152,control,0,mobile
13478,treatment,1,desktop
2005,control,0,mobile
9634,treatment,1,mobile
12773,treatment,1,desktop
10728,treatment,1,mobile
103,control,0,mobile
9721,treatment,0,desktop
1653,control,0,mobile
4966,control,0,desktop
4501,control,0,mobile
9204,treatment,1,mobile
15553,treatment,0,desktop
12455,treatment,0,mobile
5248,control,1,desktop
13121,treatment,0,desktop
6480,control,0,desktop
651,control,0,mobile
14408,treatment,0,mobile
10260,treatment,0,mobile
13583,treatment,0,mobile
7990,control,0,mobile
12422,treatment,0,desktop
12619,treatment,0,mobile
3834,control,0,mobile
4318,control,0,mobile
6104,control,0,mobile
11693,treatment,0,mobile
6236,control,0,desktop
1300,control,0,desktop
3189,control,0,desktop
13989,treatment,1,desktop
118,control,0,mobile
5004,control,0,desktop
9187,treatment,0,desktop
9728,treatment,0,mobile
8631,treatment,0,mobile
3631,control,0,mobile
445,control,0,desktop
10953,treatment,0,desktop
7761,control,0,mobile
12167,treatment,0,desktop
7460,control,0,desktop
2654,control,0,desktop
5477,control,0,mobile
6782,control,0,desktop
1133,control,0,desktop
14899,treatment,0,mobile
3973,control,0,mobile
3281,control,0,mobile
11291,treatment,0,mobile
3070,control,0,mobile
9689,treatment,0,desktop
11124,treatment,0,desktop
3962,control,1,mobile
13286,treatment,0,mobile
4248,control,0,mobile
4483,control,0,mobile
3691,control,0,desktop
2891,control,0,mobile
9015,treatment,0,mobile
9796,treatment,0,desktop
9771,treatment,0,mobile
3470,control,1,desktop
4813,control,0,desktop
15831,treatment,0,mobile
12161,treatment,1,mobile
4710,control,0,desktop
4803,control,0,mobile
3245,control,0,mobile
5032,control,0,mobile
6902,control,0,mobile
12865,treatment,0,desktop
8421,treatment,0,desktop
3086,control,0,mobile
14905,treatment,1,mobile
15914,treatment,0,mobile
15624,treatment,0,mobile
12825,treatment,1,desktop
759,control,0,mobile
15039,treatment,0,mobile
15317,treatment,0,mobile
5856,control,0,mobile
4154,control,0,desktop
10665,treatment,0,mobile
163,control,0,desktop
12163,treatment,0,mobile
12190,treatment,0,mobile
2584,control,0,mobile
1636,control,0,mobile
15332,treatment,0,desktop
15113,treatment,1,mobile
4364,control,0,desktop
8646,treatment,0,mobile
5444,control,0,desktop
7942,control,0,mobile
742,control,0,mobile
25,control,0,desktop
10363,treatment,0,mobile
1684,control,0,mobile
9242,treatment,0,desktop
10046,treatment,0,desktop
2750,control,0,mobile
9687,treatment,0,mobile
1975,control,1,mobile
10790,treatment,0,mobile
2040,control,0,mobile
9587,treatment,0,mobile
2681,control,0,desktop
12348,treatment,0,mobile
1051,control,0,mobile
10515,treatment,0,mobile
11474,treatment,1,desktop
5418,control,0,desktop
7292,control,0,desktop
11584,treatment,1,desktop
6640,control,1,mobile
11213,treatment,0,desktop
11692,treatment,0,desktop
9585,treatment,0,mobile
8692,treatment,0,mobile
10888,treatment,0,mobile
12510,treatment,0,mobile
8265,treatment,1,mobile
9137,treatment,0,mobile
9369,treatment,0,mobile
422,control,0,mobile
14675,treatment,1,desktop
698,control,0,mobile
11812,treatment,1,mobile
14427,treatment,0,mobile
9710,treatment,0,mobile
10808,treatment,0,desktop
67,control,0,desktop
1769,control,0,mobile
6860,control,0,desktop
15300,treatment,0,mobile
11125,treatment,0,mobile
4313,control,0,desktop
6210,control,0,mobile
5454,control,0,mobile
5329,control,0,mobile
13785,treatment,0,desktop
11366,treatment,1,desktop
12607,treatment,0,mobile
6866,control,0,mobile
13384,treatment,0,mobile
2349,control,0,desktop
1149,control,0,mobile
7131,control,0,mobile
12684,treatment,0,mobile
12953,treatment,0,mobile
3047,control,0,mobile
15462,treatment,0,desktop
1625,control,0,desktop
963,control,0,desktop
10524,treatment,0,desktop
9027,treatment,0,desktop
4054,control,0,mobile
11769,treatment,0,mobile
13612,treatment,0,desktop
683,control,0,desktop
11115,treatment,0,desktop
10014,treatment,0,mobile
13907,treatment,0,desktop
15012,treatment,1,desktop
5081,control,1,mobile
9570,treatment,1,mobile
193,control,0,desktop
7260,control,0,desktop
9084,treatment,0,mobile
15881,treatment,1,mobile
1994,control,0,mobile
7830,control,0,desktop
399,control,0,mobile
12098,treatment,0,mobile
1268,control,0,desktop
13092,treatment,0,mobile
13734,treatment,1,mobile
4293,control,0,desktop
2140,control,1,mobile
7404,control,0,desktop
4094,control,0,mobile
6952,control,0,desktop
5692,control,0,desktop
5996,control,1,mobile
7753,control,0,desktop
13273,treatment,0,desktop
10865,treatment,0,mobile
14472,treatment,0,mobile
5090,control,0,desktop
15016,treatment,0,mobile
5693,control,0,desktop
7767,control,1,desktop
14494,treatment,0,desktop
13845,treatment,0,desktop
14148,treatment,0,mobile
8163,treatment,1,desktop
8154,treatment,0,mobile
10781,treatment,0,mobile
8793,treatment,0,desktop
6696,control,0,desktop
6723,control,0,desktop
2483,control,0,mobile
15441,treatment,0,mobile
9098,treatment,0,mobile
2546,control,0,desktop
1146,control,1,mobile
6527,control,0,desktop
10409,treatment,0,mobile
2650,control,0,mobile
13486,treatment,0,mobile
11821,treatment,0,mobile
10591,treatment,1,mobile
2193,control,0,mobile
13386,treatment,0,desktop
14688,treatment,1,mobile
12387,treatment,1,mobile
8175,treatment,0,desktop
941,control,0,desktop
15485,treatment,0,mobile
7137,control,0,mobile
11142,treatment,0,mobile
5076,control,0,mobile
10109,treatment,0,mobile
3339,control,1,mobile
4343,control,0,desktop
10938,treatment,0,mobile
2912,control,0,desktop
1947,control,0,desktop
7480,control,1,mobile
3629,control,0,desktop
15417,treatment,0,mobile
13056,treatment,0,desktop
8792,treatment,0,desktop
3873,control,1,mobile
11492,treatment,0,mobile
8855,treatment,0,mobile
117,control,0,desktop
11923,treatment,0,mobile
2166,control,0,mobile
14903,treatment,0,mobile
1359,control,0,desktop
10364,treatment,0,desktop
14522,treatment,1,desktop
51,control,0,mobile
13735,treatment,0,mobile
15115,treatment,0,mobile
9501,treatment,0,mobile
15507,treatment,0,mobile
1222,control,0,mobile
10705,treatment,1,mobile
8365,treatment,0,desktop
825,control,0,mobile
12603,treatment,0,mobile
11880,treatment,0,desktop
439,control,0,mobile
6443,control,0,desktop
7438,control,0,mobile
7668,control,0,mobile
14690,treatment,0,desktop
3598,control,1,desktop
12714,treatment,0,desktop
4411,control,0,desktop
3211,control,0,desktop
9738,treatment,0,mobile
5056,control,0,desktop
666,control,1,mobile
11178,treatment,0,mobile
6913,control,0,mobile
14190,treatment,0,mobile
10048,treatment,0,desktop
14281,treatment,0,mobile
14586,treatment,0,mobile
10635,treatment,0,mobile
7984,control,0,mobile
5672,control,0,desktop
15848,treatment,0,mobile
13798,treatment,0,desktop
9516,treatment,0,mobile
508,control,0,mobile
5594,control,0,desktop
11114,treatment,0,mobile
14893,treatment,0,desktop
4709,control,0,desktop
8354,treatment,0,mobile
14389,treatment,0,desktop
2460,control,0,desktop
5148,control,0,mobile
1601,control,0,desktop
2415,control,0,desktop
15687,treatment,0,mobile
13676,treatment,0,desktop
12740,treatment,0,desktop
7044,control,0,mobile
10902,treatment,1,desktop
10264,treatment,0,mobile
8629,treatment,0,mobile
1505,control,0,desktop
15163,treatment,0,desktop
9716,treatment,1,mobile
7760,control,0,desktop
9627,treatment,0,mobile
5339,control,0,mobile
3074,control,1,mobile
9726,treatment,0,mobile
4660,control,0,mobile
8575,treatment,0,mobile
5253,control,0,mobile
13329,treatment,0,mobile
12913,treatment,1,mobile
15617,treatment,0,mobile
13468,treatment,0,mobile
8066,treatment,0,mobile
5690,control,0,mobile
11819,treatment,0,mobile
15893,treatment,0,mobile
6917,control,0,mobile
10748,treatment,0,desktop
9964,treatment,1,mobile
1448,control,0,desktop
12664,treatment,0,mobile
7279,control,1,desktop
304,control,0,desktop
12878,treatment,0,desktop
11592,treatment,0,mobile
14186,treatment,1,desktop
11661,treatment,0,mobile
9487,treatment,0,mobile
14289,treatment,0,desktop
1122,control,0,desktop
6274,control,0,mobile
1082,control,0,desktop
9881,treatment,0,desktop
4739,control,0,desktop
12858,treatment,0,desktop
12752,treatment,0,desktop
13953,treatment,0,mobile
12484,treatment,0,mobile
5901,control,0,desktop
12591,treatment,0,mobile
3238,control,0,desktop
4091,control,0,mobile
5271,control,0,mobile
15748,treatment,0,mobile
15212,treatment,1,mobile
6979,control,0,desktop
11180,treatment,0,desktop
10804,treatment,0,mobile
10882,treatment,1,desktop
15928,treatment,1,mobile
5343,control,1,desktop
11966,treatment,0,mobile
3101,control,0,mobile
7782,control,0,mobile
14335,treatment,1,desktop
14964,treatment,0,mobile
11571,treatment,0,mobile
3584,control,0,mobile
2931,control,0,desktop
2408,control,0,desktop
10323,treatment,0,mobile
7161,control,0,mobile
14117,treatment,0,mobile
6030,control,0,desktop
3029,control,0,mobile
14557,treatment,0,desktop
12118,treatment,0,desktop
8229,treatment,1,mobile
13017,treatment,0,mobile
8698,treatment,0,mobile
6810,control,0,mobile
5883,control,0,desktop
122,control,0,mobile
1541,control,0,desktop
12924,treatment,0,mobile
7625,control,0,desktop
11517,treatment,0,mobile
15487,treatment,0,mobile
1478,control,1,mobile
14451,treatment,0,desktop
15519,treatment,0,desktop
354,control,0,desktop
6372,control,0,desktop
14918,treatment,1,mobile
12978,treatment,0,desktop
6559,control,0,desktop
4292,control,0,mobile
1561,control,0,desktop
5391,control,0,mobile
12465,treatment,0,mobile
11360,treatment,0,mobile
6796,control,0,mobile
1974,control,0,mobile
15384,treatment,1,desktop
15079,treatment,0,desktop
4685,control,0,desktop
4515,control,0,mobile
2158,control,0,mobile
3348,control,0,desktop
467,control,0,desktop
7060,control,1,mobile
6644,control,0,desktop
2295,control,0,mobile
2919,control,0,desktop
14260,treatment,1,desktop
3923,control,0,mobile
6547,control,0,mobile
13118,treatment,0,mobile
560,control,0,desktop
2329,control,0,mobile
7103,control,0,mobile
1459,control,0,mobile
11415,treatment,0,mobile
6459,control,1,mobile
151,control,0,mobile
10948,treatment,0,desktop
7218,control,0,desktop
1334,control,0,mobile
10901,treatment,0,mobile
7005,control,0,desktop
3818,control,0,mobile
10552,treatment,0,desktop
8650,treatment,0,mobile
15062,treatment,0,desktop
5503,control,0,mobile
6262,control,0,desktop
5153,control,0,desktop
685,control,0,mobile
10110,treatment,0,mobile
11590,treatment,0,mobile
902,control,0,mobile
10142,treatment,0,desktop
13948,treatment,1,desktop
8516,treatment,0,desktop
3113,control,0,desktop
2480,control,0,mobile
2038,control,0,mobile
10355,treatment,0,desktop
7600,control,0,desktop
10261,treatment,0,desktop
2347,control,0,desktop
5313,control,0,mobile
9282,treatment,0,desktop
12577,treatment,0,mobile
9565,treatment,0,mobile
390,control,0,mobile
8553,treatment,0,mobile
13797,treatment,0,desktop
11093,treatment,0,mobile
10236,treatment,1,mobile
6955,control,0,mobile
15546,treatment,0,mobile
1109,control,0,mobile
6383,control,0,desktop
1655,control,0,desktop
13176,treatment,0,desktop
1925,control,0,mobile
3419,control,0,mobile
1438,control,1,mobile
5451,control,0,mobile
2336,control,0,desktop
13696,treatment,0,desktop
7147,control,0,desktop
7491,control,1,desktop
14917,treatment,0,desktop
10889,treatment,0,desktop
646,control,0,mobile
10251,treatment,0,mobile
4968,control,0,desktop
12121,treatment,0,mobile
12870,treatment,0,desktop
10792,treatment,0,mobile
2345,control,0,mobile
5195,control,0,mobile
4983,control,0,desktop
6560,control,0,desktop
12717,treatment,1,desktop
5249,control,0,mobile
9962,treatment,0,mobile
15850,treatment,0,desktop
6219,control,0,mobile
12727,treatment,0,mobile
6465,control,0,mobile
3825,control,0,mobile
4336,control,0,mobile
14143,treatment,0,desktop
11489,treatment,0,mobile
9610,treatment,1,mobile
9974,treatment,0,mobile
13313,treatment,0,mobile
2640,control,0,mobile
15735,treatment,1,desktop
3979,control,0,mobile
14016,treatment,0,mobile
10044,treatment,0,mobile
3405,control,0,desktop
11695,treatment,0,mobile
1380,control,0,mobile
13730,treatment,0,desktop
15166,treatment,0,mobile
3991,control,0,desktop
13367,treatment,0,desktop
9936,treatment,0,mobile
6946,control,0,desktop
9967,treatment,0,mobile
8012,treatment,0,mobile
12033,treatment,0,desktop
10123,treatment,0,mobile
2845,control,0,mobile
12783,treatment,0,desktop
1642,control,0,mobile
12663,treatment,0,desktop
14031,treatment,0,desktop
1099,control,0,mobile
15054,treatment,1,mobile
4265,control,1,mobile
1304,control,0,desktop
12795,treatment,0,mobile
6672,control,0,desktop
12035,treatment,1,mobile
2653,control,0,desktop
13014,treatment,1,mobile
7527,control,0,desktop
14388,treatment,0,desktop
10449,treatment,0,mobile
2834,control,0,mobile
12793,treatment,0,mobile
11631,treatment,0,mobile
5753,control,0,desktop
3206,control,0,desktop
3910,control,0,mobile
9876,treatment,0,mobile
13352,treatment,0,mobile
3068,control,1,mobile
3656,control,0,mobile
7121,control,0,mobile
14087,treatment,0,desktop
5227,control,0,mobile
15614,treatment,0,mobile
11332,treatment,0,mobile
11132,treatment,0,mobile
5726,control,1,mobile
10065,treatment,1,desktop
396,control,0,desktop
10859,treatment,0,mobile
8938,treatment,0,mobile
13539,treatment,0,desktop
7871,control,0,mobile
10189,treatment,0,desktop
14023,treatment,0,mobile
8524,treatment,0,desktop
5143,control,0,mobile
8952,treatment,0,mobile
13667,treatment,0,mobile
14842,treatment,0,desktop
13301,treatment,0,desktop
8048,treatment,0,desktop
2554,control,0,mobile
13337,treatment,0,mobile
13138,treatment,0,mobile
13647,treatment,0,mobile
8441,treatment,0,desktop
15739,treatment,0,mobile
7911,control,0,desktop
7352,control,0,mobile
252,control,0,desktop
14348,treatment,0,mobile
10446,treatment,0,mobile
4748,control,0,mobile
1136,control,0,mobile
9252,treatment,1,mobile
1009,control,0,mobile
10766,treatment,0,mobile
14995,treatment,0,mobile
8260,treatment,0,desktop
13518,treatment,0,mobile
2043,control,0,mobile
1495,control,0,desktop
10726,treatment,0,mobile
707,control,0,mobile
7916,control,0,mobile
15780,treatment,1,desktop
3763,control,0,mobile
10488,treatment,0,mobile
11311,treatment,0,mobile
14809,treatment,0,desktop
6325,control,1,desktop
7247,control,0,mobile
1247,control,1,desktop
5685,control,0,desktop
3889,control,0,mobile
4592,control,0,mobile
9183,treatment,0,mobile
13596,treatment,0,desktop
13471,treatment,0,desktop
5865,control,0,desktop
11253,treatment,0,mobile
3847,control,0,mobile
3345,control,0,desktop
8475,treatment,0,desktop
2234,control,0,desktop
11891,treatment,0,mobile
12721,treatment,0,desktop
4662,control,0,mobile
9663,treatment,1,desktop
14375,treatment,0,mobile
8635,treatment,0,mobile
847,control,0,desktop
187,control,0,mobile
14470,treatment,0,desktop
4093,control,0,desktop
12531,treatment,0,desktop
5512,control,0,mobile
11952,treatment,1,desktop
2010,control,0,mobile
22,control,0,desktop
612,control,0,desktop
8172,treatment,0,mobile
13458,treatment,0,desktop
1973,control,0,mobile
10357,treatment,0,mobile
8492,treatment,0,mobile
11871,treatment,0,mobile
10949,treatment,0,mobile
2024,control,0,mobile
9984,treatment,1,desktop
9711,treatment,1,mobile
14978,treatment,0,desktop
3522,control,0,desktop
8214,treatment,0,mobile
5324,control,0,mobile
1080,control,0,mobile
7446,control,0,mobile
5000,control,0,desktop
6912,control,1,mobile
15703,treatment,0,desktop
8850,treatment,0,mobile
4415,control,0,mobile
8028,treatment,0,mobile
2903,control,0,mobile
12413,treatment,0,desktop
926,control,0,mobile
8296,treatment,0,mobile
192,control,0,desktop
1477,control,0,desktop
9656,treatment,0,mobile
7888,control,1,mobile
10779,treatment,0,desktop
2755,control,0,desktop
1585,control,1,mobile
5294,control,0,mobile
8689,treatment,0,desktop
10131,treatment,0,mobile
13954,treatment,0,mobile
8563,treatment,0,mobile
15167,treatment,1,desktop
10092,treatment,0,mobile
7124,control,0,mobile
1393,control,1,mobile
3791,control,0,mobile
11758,treatment,0,desktop
3534,control,0,mobile
6555,control,0,desktop
5989,control,0,desktop
8376,treatment,0,desktop
7405,control,0,mobile
10884,treatment,0,desktop
3908,control,1,mobile
2754,control,0,desktop
13119,treatment,1,mobile
4454,control,1,mobile
14990,treatment,0,mobile
4870,control,0,desktop
9746,treatment,0,mobile
1883,control,0,desktop
4199,control,0,mobile
10036,treatment,0,mobile
5733,control,1,desktop
11707,treatment,0,mobile
9128,treatment,0,desktop
10513,treatment,0,mobile
3179,control,0,mobile
3436,control,0,desktop
4547,control,0,mobile
15491,treatment,1,desktop
7436,control,0,desktop
3572,control,0,desktop
13272,treatment,0,mobile
9414,treatment,0,desktop
8351,treatment,0,desktop
15883,treatment,0,desktop
1203,control,1,desktop
14910,treatment,1,mobile
8613,treatment,0,desktop
12743,treatment,0,mobile
565,control,0,mobile
956,control,0,desktop
13882,treatment,1,mobile
3079,control,0,desktop
12692,treatment,0,mobile
959,control,0,mobile
11162,treatment,1,mobile
4785,control,0,mobile
5777,control,0,desktop
6971,control,1,desktop
8101,treatment,1,desktop
11131,treatment,0,mobile
11136,treatment,0,desktop
15069,treatment,0,desktop
4925,control,0,desktop
4957,control,0,mobile
10526,treatment,0,desktop
8202,treatment,0,desktop
10571,treatment,0,desktop
1170,control,0,mobile
11252,treatment,0,desktop
4220,control,0,desktop
5768,control,0,mobile
8054,treatment,0,mobile
5217,control,0,mobile
7305,control,0,mobile
9390,treatment,0,desktop
7750,control,0,mobile
1652,control,0,mobile
752,control,0,mobile
1772,control,0,desktop
7070,control,0,desktop
2018,control,0,desktop
6635,control,1,desktop
4670,control,0,desktop
413,control,1,mobile
3726,control,0,mobile
3415,control,0,mobile
7444,control,0,desktop
12846,treatment,1,desktop
13829,treatment,0,mobile
8754,treatment,0,mobile
12075,treatment,0,mobile
12460,treatment,0,mobile
14832,treatment,0,mobile
15406,treatment,0,mobile
9325,treatment,0,mobile
12835,treatment,0,mobile
792,control,0,mobile
7379,control,0,desktop
13854,treatment,0,mobile
4632,control,0,desktop
7697,control,0,mobile
7082,control,0,mobile
3819,control,0,desktop
1037,control,0,mobile
3850,control,0,mobile
1774,control,0,mobile
15949,treatment,0,mobile
6837,control,0,desktop
4007,control,0,mobile
3434,control,0,desktop
1163,control,0,mobile
9029,treatment,0,mobile
14248,treatment,1,mobile
11650,treatment,0,mobile
2305,control,0,mobile
12343,treatment,0,mobile
12549,treatment,0,desktop
8210,treatment,0,mobile
3454,control,0,desktop
14349,treatment,0,mobile
8506,treatment,0,mobile
2206,control,0,mobile
1880,control,0,desktop
13558,treatment,0,mobile
7267,control,0,mobile
2099,control,0,desktop
4844,control,0,desktop
11913,treatment,0,desktop
4143,control,0,desktop
9393,treatment,0,desktop
4627,control,0,mobile
326,control,0,desktop
6245,control,0,mobile
11520,treatment,0,mobile
4749,control,0,mobile
1387,control,0,mobile
8233,treatment,0,mobile
9056,treatment,0,mobile
12041,treatment,0,mobile
11175,treatment,1,desktop
3733,control,0,mobile
10800,treatment,0,mobile
7096,control,0,mobile
2315,control,0,desktop
5788,control,1,mobile
11915,treatment,0,mobile
1303,control,0,desktop
2243,control,0,mobile
5592,control,0,desktop
3389,control,0,mobile
12611,treatment,0,desktop
15733,treatment,0,mobile
9743,treatment,0,mobile
2340,control,0,mobile
10639,treatment,0,mobile
5784,control,0,desktop
10596,treatment,0,desktop
497,control,0,mobile
2009,control,0,mobile
5812,control,0,mobile
13215,treatment,0,desktop
10785,treatment,0,mobile
937,control,0,mobile
8515,treatment,0,desktop
3762,control,0,desktop
112,control,0,mobile
4398,control,0,mobile
375,control,0,desktop
9022,treatment,0,mobile
10666,treatment,0,mobile
14909,treatment,0,mobile
1343,control,0,desktop
13249,treatment,0,desktop
5764,control,0,desktop
2474,control,0,mobile
4010,control,0,mobile
6907,control,0,desktop
6816,control,1,desktop
13509,treatment,0,mobile
4766,control,0,mobile
11848,treatment,0,desktop
5967,control,0,mobile
3811,control,0,desktop
603,control,1,mobile
5998,control,0,mobile
13587,treatment,0,mobile
8936,treatment,1,mobile
7540,control,0,mobile
6088,control,0,mobile
15903,treatment,0,mobile
9071,treatment,0,mobile
12451,treatment,0,mobile
91,control,0,mobile
14872,treatment,0,mobile
12063,treatment,0,mobile
9409,treatment,0,mobile
8215,treatment,0,mobile
7971,control,0,desktop
1135,control,0,desktop
13152,treatment,0,mobile
7313,control,0,mobile
5208,control,0,mobile
284,control,0,mobile
13753,treatment,0,mobile
15277,treatment,0,desktop
14108,treatment,0,mobile
9607,treatment,0,desktop
11100,treatment,0,desktop
701,control,1,desktop
12466,treatment,0,mobile
11482,treatment,0,mobile
5190,control,0,mobile
4020,control,0,mobile
4146,control,1,desktop
13311,treatment,0,desktop
8894,treatment,0,mobile
15474,treatment,0,desktop
8888,treatment,0,desktop
7747,control,0,mobile
3397,control,0,desktop
12512,treatment,0,desktop
5721,control,1,mobile
13789,treatment,0,mobile
170,control,0,mobile
15547,treatment,0,desktop
5541,control,0,mobile
13844,treatment,0,desktop
11744,treatment,0,mobile
9759,treatment,0,desktop
679,control,0,mobile
14188,treatment,0,mobile
8535,treatment,0,desktop
8694,treatment,0,desktop
8719,treatment,0,mobile
14210,treatment,0,mobile
6229,control,0,desktop
7978,control,0,mobile
12150,treatment,0,mobile
13058,treatment,0,desktop
5161,control,0,mobile
10681,treatment,0,mobile
8025,treatment,0,mobile
434,control,0,mobile
9267,treatment,0,mobile
13086,treatment,0,mobile
1484,control,0,mobile
5728,control,0,desktop
6956,control,0,mobile
3582,control,0,desktop
15209,treatment,0,mobile
10111,treatment,0,mobile
8453,treatment,0,mobile
15692,treatment,0,mobile
13410,treatment,0,desktop
4538,control,0,desktop
2967,control,0,mobile
7097,control,0,mobile
3000,control,0,mobile
13054,treatment,0,mobile
12928,treatment,0,mobile
2127,control,1,mobile
1424,control,0,mobile
4437,control,0,desktop
10043,treatment,0,desktop
11643,treatment,0,desktop
1691,control,0,desktop
7785,control,0,mobile
10490,treatment,0,desktop
4913,control,0,desktop
13169,treatment,0,desktop
8213,treatment,0,mobile
15233,treatment,0,mobile
13216,treatment,0,desktop
8284,treatment,0,mobile
4269,control,0,mobile
6230,control,0,mobile
9371,treatment,0,desktop
15109,treatment,0,mobile
3514,control,0,desktop
15968,treatment,1,mobile
15325,treatment,0,mobile
2395,control,0,mobile
6137,control,0,mobile
10108,treatment,0,mobile
11082,treatment,0,desktop
9979,treatment,0,mobile
12844,treatment,1,mobile
7181,control,0,desktop
1820,control,0,desktop
6307,control,1,desktop
9348,treatment,1,desktop
6238,control,0,desktop
12925,treatment,1,mobile
13288,treatment,0,mobile
11460,treatment,0,desktop
2689,control,0,desktop
2823,control,0,desktop
12891,treatment,1,mobile
9519,treatment,0,mobile
10538,treatment,1,mobile
11725,treatment,0,mobile
15857,treatment,0,desktop
2169,control,0,desktop
11564,treatment,0,desktop
811,control,0,mobile
3172,control,0,desktop
8339,treatment,0,desktop
5486,control,0,desktop
1996,control,0,mobile
5138,control,0,desktop
15194,treatment,0,mobile
1384,control,0,desktop
13859,treatment,0,mobile
12921,treatment,0,desktop
2262,control,0,mobile
13658,treatment,0,mobile
4251,control,0,mobile
3945,control,0,desktop
7492,control,0,mobile
5165,control,0,mobile
2840,control,0,desktop
1150,control,1,desktop
8034,treatment,0,mobile
7601,control,0,mobile
7307,control,0,mobile
6636,control,0,desktop
305,control,0,mobile
9509,treatment,0,mobile
102,control,0,mobile
3360,control,0,mobile
14772,treatment,0,mobile
4600,control,0,mobile
15139,treatment,1,mobile
1040,control,0,desktop
6700,control,0,mobile
299,control,0,mobile
9370,treatment,0,mobile
2568,control,0,desktop
10213,treatment,0,mobile
5925,control,0,desktop
8926,treatment,0,mobile
5459,control,0,mobile
11088,treatment,0,mobile
6923,control,0,mobile
9231,treatment,0,mobile
13746,treatment,0,desktop
12942,treatment,0,mobile
4959,control,0,mobile
4497,control,1,desktop
1382,control,0,mobile
15825,treatment,0,mobile
1856,control,0,desktop
2775,control,0,mobile
4568,control,0,mobile
7076,control,0,desktop
11267,treatment,0,mobile
2499,control,0,desktop
4447,control,0,mobile
9533,treatment,0,mobile
8350,treatment,0,mobile
14986,treatment,0,desktop
4799,control,0,desktop
14700,treatment,0,mobile
4998,control,0,mobile
12501,treatment,0,mobile
11616,treatment,0,mobile
4995,control,0,desktop
9916,treatment,0,mobile
6183,control,0,mobile
166,control,0,mobile
4641,control,0,mobile
5850,control,0,desktop
6319,control,0,mobile
4916,control,0,mobile
6647,control,0,desktop
12029,treatment,0,mobile
26,control,0,desktop
13385,treatment,0,mobile
4250,control,0,desktop
10440,treatment,0,desktop
2065,control,0,mobile
12388,treatment,1,desktop
4663,control,0,mobile
12929,treatment,0,mobile
15951,treatment,0,desktop
4705,control,1,mobile
824,control,1,mobile
14954,treatment,0,mobile
15877,treatment,0,mobile
14409,treatment,1,mobile
4934,control,0,mobile
14354,treatment,0,mobile
1746,control,1,mobile
10246,treatment,0,mobile
11940,treatment,0,mobile
6417,control,0,desktop
13617,treatment,0,mobile
3668,control,0,mobile
635,control,0,desktop
9873,treatment,0,mobile
7458,control,0,mobile
4328,control,0,mobile
10841,treatment,0,desktop
12467,treatment,0,desktop
4937,control,0,mobile
4136,control,1,desktop
6987,control,0,mobile
2585,control,0,mobile
13628,treatment,0,mobile
9338,treatment,0,desktop
10294,treatment,0,mobile
3491,control,0,mobile
6421,control,0,mobile
1156,control,1,mobile
13409,treatment,0,mobile
11928,treatment,0,mobile
12288,treatment,0,desktop
4386,control,0,desktop
2571,control,0,mobile
10258,treatment,0,desktop
727,control,0,mobile
6446,control,0,desktop
5496,control,0,mobile
4883,control,0,mobile
47,control,0,mobile
3296,control,0,mobile
13516,treatment,0,mobile
15992,treatment,1,mobile
2533,control,0,mobile
13505,treatment,0,mobile
9626,treatment,0,desktop
2616,control,0,mobile
5293,control,0,desktop
9194,treatment,0,mobile
2934,control,0,desktop
15376,treatment,0,mobile
6710,control,0,mobile
9511,treatment,0,mobile
6285,control,0,mobile
14312,treatment,0,mobile
11656,treatment,0,desktop
8347,treatment,0,desktop
12967,treatment,0,mobile
6938,control,0,desktop
3369,control,0,mobile
15946,treatment,0,mobile
13153,treatment,0,mobile
3709,control,0,desktop
10595,treatment,0,mobile
8997,treatment,0,mobile
12598,treatment,0,mobile
14743,treatment,0,mobile
11157,treatment,0,mobile
4539,control,0,mobile
1323,control,0,desktop
5024,control,0,mobile
2120,control,1,desktop
7169,control,0,desktop
6915,control,0,desktop
6801,control,0,mobile
2829,control,0,desktop
14450,treatment,0,mobile
14439,treatment,0,mobile
3555,control,1,mobile
5468,control,0,mobile
10385,treatment,0,desktop
10249,treatment,0,mobile
2198,control,0,desktop
13605,treatment,1,mobile
9510,treatment,0,desktop
6129,control,0,desktop
13366,treatment,0,mobile
1794,control,0,mobile
4614,control,0,desktop
8127,treatment,0,mobile
10672,treatment,0,desktop
8075,treatment,0,mobile
4187,control,0,mobile
8169,treatment,0,mobile
2016,control,0,desktop
5946,control,0,desktop
6876,control,0,desktop
12678,treatment,0,mobile
15172,treatment,1,mobile
1250,control,0,desktop
10732,treatment,0,mobile
9987,treatment,0,desktop
9875,treatment,0,mobile
1396,control,0,mobile
8199,treatment,0,mobile
9534,treatment,0,mobile
8724,treatment,0,mobile
9699,treatment,0,desktop
12660,treatment,0,mobile
11853,treatment,0,desktop
800,control,0,mobile
12606,treatment,1,mobile
12615,treatment,0,desktop
1930,control,0,mobile
7688,control,1,mobile
14443,treatment,0,mobile
8900,treatment,0,mobile
5597,control,0,desktop
9579,treatment,1,desktop
9603,treatment,0,mobile
3748,control,0,mobile
15572,treatment,0,desktop
8737,treatment,0,mobile
6240,control,0,mobile
11494,treatment,0,desktop
14897,treatment,0,desktop
5616,control,0,mobile
775,control,0,mobile
2721,control,0,desktop
9401,treatment,0,desktop
3723,control,0,desktop
1562,control,0,desktop
9164,treatment,0,desktop
3331,control,1,mobile
1567,control,0,mobile
5803,control,0,mobile
1013,control,0,mobile
801,control,0,mobile
3776,control,0,mobile
5915,control,0,mobile
14299,treatment,0,mobile
12488,treatment,1,desktop
7842,control,0,mobile
9151,treatment,0,desktop
10696,treatment,0,mobile
15511,treatment,0,desktop
13166,treatment,0,desktop
5425,control,0,mobile
2238,control,0,desktop
14604,treatment,0,mobile
687,control,1,desktop
7355,control,0,desktop
8235,treatment,1,mobile
6576,control,1,desktop
15101,treatment,0,mobile
15502,treatment,0,mobile
10116,treatment,0,mobile
14805,treatment,0,mobile
15148,treatment,0,desktop
95,control,0,mobile
12764,treatment,0,mobile
14301,treatment,0,mobile
10667,treatment,0,mobile
3865,control,0,mobile
1318,control,0,mobile
12044,treatment,0,mobile
4810,control,0,mobile
13708,treatment,0,mobile
13469,treatment,0,mobile
9067,treatment,0,mobile
10408,treatment,0,mobile
8582,treatment,0,mobile
15781,treatment,0,mobile
8700,treatment,0,mobile
14001,treatment,0,desktop
2264,control,0,mobile
15448,treatment,1,desktop
9884,treatment,0,desktop
4329,control,0,desktop
3858,control,1,desktop
11682,treatment,1,desktop
13904,treatment,0,desktop
9945,treatment,1,mobile
4737,control,0,desktop
14429,treatment,0,mobile
2046,control,0,mobile
2442,control,0,mobile
13560,treatment,0,mobile
10467,treatment,0,mobile
7693,control,0,desktop
12885,treatment,0,mobile
7547,control,1,mobile
10056,treatment,1,desktop
13949,treatment,0,desktop
8393,treatment,0,desktop
9372,treatment,0,mobile
10818,treatment,0,mobile
10916,treatment,0,mobile
10452,treatment,0,mobile
14191,treatment,1,mobile
11622,treatment,1,mobile
2773,control,0,mobile
8190,treatment,0,desktop
15783,treatment,1,mobile
3836,control,0,mobile
3586,control,0,desktop
14506,treatment,0,mobile
14271,treatment,1,mobile
7325,control,1,desktop
12177,treatment,1,desktop
5377,control,0,mobile
9475,treatment,0,mobile
7043,control,0,mobile
1383,control,0,desktop
14473,treatment,0,mobile
10117,treatment,0,desktop
13411,treatment,0,desktop
9254,treatment,0,mobile
6795,control,0,mobile
6570,control,0,mobile
3556,control,0,mobile
3418,control,0,desktop
2652,control,0,desktop
5240,control,0,desktop
9685,treatment,0,mobile
4465,control,1,desktop
13905,treatment,0,desktop
14323,treatment,0,mobile
7094,control,0,desktop
4907,control,0,desktop
7682,control,0,desktop
15314,treatment,0,mobile
719,control,0,mobile
1220,control,0,desktop
478,control,0,mobile
14748,treatment,1,mobile
11872,treatment,0,desktop
7129,control,0,desktop
15923,treatment,0,mobile
12412,treatment,1,mobile
12947,treatment,0,desktop
12990,treatment,1,mobile
4637,control,0,desktop
11937,treatment,0,mobile
8540,treatment,0,mobile
758,control,0,mobile
1717,control,0,mobile
7188,control,0,mobile
13342,treatment,0,desktop
6664,control,0,mobile
13678,treatment,0,mobile
6257,control,0,desktop
8762,treatment,0,mobile
15669,treatment,0,mobile
8622,treatment,0,desktop
6062,control,0,mobile
5365,control,0,mobile
10805,treatment,0,mobile
10512,treatment,0,mobile
101,control,0,desktop
8095,treatment,0,mobile
11440,treatment,0,mobile
3064,control,0,mobile
7928,control,0,desktop
2344,control,0,desktop
13777,treatment,0,desktop
9224,treatment,0,mobile
5520,control,0,mobile
4190,control,1,desktop
6071,control,1,mobile
1510,control,0,desktop
12001,treatment,0,mobile
2416,control,0,mobile
10192,treatment,0,desktop
12587,treatment,0,desktop
958,control,0,desktop
3671,control,0,desktop
513,control,1,mobile
9410,treatment,0,desktop
4363,control,0,desktop
4145,control,0,desktop
2614,control,0,desktop
5120,control,0,mobile
10020,treatment,0,mobile
6597,control,1,desktop
49,control,0,desktop
6790,control,0,desktop
11458,treatment,0,mobile
5476,control,0,mobile
13841,treatment,1,mobile
13243,treatment,0,mobile
4526,control,0,desktop
9990,treatment,0,mobile
15359,treatment,1,desktop
3915,control,0,mobile
7769,control,0,desktop
4818,control,0,desktop
12805,treatment,1,desktop
2576,control,0,desktop
8562,treatment,1,desktop
13818,treatment,0,mobile
4863,control,0,mobile
10319,treatment,0,desktop
14256,treatment,1,mobile
9283,treatment,0,mobile
3812,control,0,mobile
1955,control,0,mobile
14137,treatment,0,desktop
10370,treatment,0,desktop
3006,control,0,mobile
6493,control,0,mobile
9373,treatment,0,mobile
8432,treatment,0,mobile
14658,treatment,0,mobile
10683,treatment,0,desktop
4688,control,0,mobile
7538,control,0,mobile
9580,treatment,0,desktop
14616,treatment,0,mobile
15334,treatment,0,mobile
756,control,0,mobile
2946,control,1,desktop
2488,control,1,desktop
12154,treatment,0,desktop
8879,treatment,0,desktop
3270,control,0,mobile
1867,control,0,mobile
5679,control,0,mobile
14283,treatment,0,mobile
1066,control,0,desktop
15952,treatment,0,mobile
5769,control,0,mobile
7507,control,0,mobile
6648,control,0,desktop
9868,treatment,0,desktop
5130,control,0,mobile
12368,treatment,1,desktop
3950,control,0,mobile
12269,treatment,0,desktop
6819,control,1,mobile
10700,treatment,0,mobile
3505,control,0,mobile
3269,control,0,mobile
15083,treatment,0,mobile
4855,control,0,mobile
6215,control,0,desktop
15140,treatment,0,mobile
11532,treatment,0,mobile
8362,treatment,1,mobile
6387,control,0,desktop
4690,control,0,mobile
15169,treatment,1,mobile
2776,control,0,mobile
14275,treatment,0,mobile
7340,control,0,mobile
2452,control,0,mobile
12901,treatment,0,desktop
6431,control,0,mobile
2993,control,0,desktop
4827,control,0,desktop
943,control,0,mobile
7638,control,1,desktop
5310,control,0,desktop
5286,control,0,mobile
1945,control,0,desktop
12166,treatment,0,desktop
8478,treatment,0,mobile
14668,treatment,0,desktop
5571,control,0,desktop
9961,treatment,0,desktop
13895,treatment,0,desktop
13147,treatment,0,mobile
14131,treatment,0,mobile
394,control,0,desktop
2569,control,0,mobile
15346,treatment,0,mobile
12779,treatment,0,desktop
12585,treatment,0,desktop
10762,treatment,0,desktop
6481,control,0,mobile
4053,control,0,desktop
5797,control,0,mobile
10412,treatment,0,mobile
9942,treatment,0,desktop
5205,control,0,mobile
10184,treatment,0,mobile
5757,control,0,desktop
6352,control,0,desktop
9196,treatment,0,desktop
9582,treatment,0,mobile
1929,control,0,desktop
15017,treatment,0,desktop
7261,control,0,mobile
12071,treatment,0,mobile
13368,treatment,0,mobile
1910,control,0,mobile
3802,control,0,desktop
13130,treatment,0,desktop
457,control,0,desktop
788,control,0,mobile
5304,control,0,mobile
6454,control,0,mobile
12864,treatment,0,mobile
2531,control,0,desktop
8807,treatment,0,mobile
6144,control,0,desktop
7977,control,0,mobile
11539,treatment,0,desktop
11387,treatment,1,mobile
9356,treatment,0,mobile
12310,treatment,0,mobile
1615,control,0,mobile
694,control,0,mobile
8208,treatment,0,mobile
13185,treatment,0,mobile
10179,treatment,0,mobile
15591,treatment,0,desktop
4954,control,0,mobile
9573,treatment,0,desktop
7504,control,0,desktop
8436,treatment,0,mobile
9952,treatment,0,desktop
12006,treatment,0,mobile
9896,treatment,0,mobile
6778,control,0,mobile
14196,treatment,1,mobile
12238,treatment,1,mobile
111,control,0,mobile
9138,treatment,0,mobile
1256,control,0,mobile
15472,treatment,0,desktop
5437,control,0,desktop
9958,treatment,1,mobile
895,control,0,desktop
10339,treatment,0,mobile
4242,control,0,mobile
10171,treatment,0,mobile
15757,treatment,0,mobile
11087,treatment,0,mobile
6108,control,0,desktop
5609,control,0,mobile
3472,control,0,mobile
4299,control,0,mobile
12341,treatment,1,desktop
4034,control,0,desktop
13327,treatment,0,mobile
14045,treatment,0,mobile
12751,treatment,0,desktop
11842,treatment,0,mobile
8764,treatment,0,desktop
597,control,0,desktop
12852,treatment,0,mobile
8413,treatment,0,mobile
14198,treatment,0,mobile
15702,treatment,0,desktop
13369,treatment,0,desktop
1759,control,0,mobile
300,control,0,mobile
566,control,0,mobile
14769,treatment,0,desktop
2199,control,0,mobile
9357,treatment,0,mobile
14924,treatment,0,desktop
8919,treatment,0,mobile
1826,control,0,desktop
1007,control,0,desktop
2583,control,0,mobile
8454,treatment,0,desktop
15635,treatment,0,desktop
15275,treatment,0,mobile
9697,treatment,0,mobile
4668,control,0,mobile
2301,control,0,mobile
11538,treatment,0,mobile
1279,control,0,desktop
12896,treatment,0,mobile
13248,treatment,1,mobile
2370,control,0,desktop
5003,control,0,mobile
4210,control,0,mobile
11607,treatment,0,mobile
11198,treatment,0,desktop
13660,treatment,0,mobile
1676,control,0,desktop
12671,treatment,0,mobile
3859,control,0,desktop
3693,control,0,desktop
8912,treatment,0,desktop
5636,control,0,mobile
8323,treatment,0,mobile
3097,control,0,mobile
5048,control,0,mobile
10730,treatment,0,desktop
10333,treatment,0,desktop
4478,control,0,desktop
9878,treatment,0,desktop
11738,treatment,0,mobile
15096,treatment,0,mobile
1729,control,0,desktop
1999,control,0,mobile
5702,control,0,mobile
3925,control,0,mobile
13922,treatment,0,mobile
4290,control,0,desktop
5954,control,0,mobile
15374,treatment,0,desktop
5846,control,0,desktop
7282,control,0,mobile
2528,control,1,mobile
63,control,0,mobile
4113,control,0,desktop
8382,treatment,0,mobile
7715,control,0,desktop
5774,control,0,mobile
10349,treatment,0,desktop
14093,treatment,1,mobile
11586,treatment,0,desktop
3124,control,0,mobile
1659,control,0,desktop
12489,treatment,0,desktop
7337,control,0,mobile
2889,control,0,mobile
15488,treatment,0,mobile
3203,control,0,mobile
14204,treatment,0,desktop
14498,treatment,0,desktop
1409,control,0,mobile
5703,control,0,mobile
8029,treatment,0,mobile
3144,control,0,mobile
15905,treatment,0,mobile
10527,treatment,0,desktop
12618,treatment,0,mobile
10651,treatment,0,desktop
964,control,0,mobile
10237,treatment,1,mobile
10480,treatment,0,mobile
10211,treatment,0,mobile
6272,control,0,desktop
6965,control,0,mobile
2690,control,0,mobile
1654,control,0,desktop
10308,treatment,0,mobile
15089,treatment,0,mobile
10259,treatment,0,mobile
11,control,0,desktop
4401,control,0,desktop
11260,treatment,0,mobile
6789,control,0,mobile
6444,control,0,mobile
9780,treatment,0,desktop
6727,control,1,mobile
7114,control,0,desktop
12414,treatment,0,mobile
2958,control,1,desktop
5938,control,0,mobile
14837,treatment,0,desktop
7862,control,0,mobile
5037,control,0,mobile
6883,control,0,desktop
14818,treatment,0,desktop
13218,treatment,1,desktop
10282,treatment,0,mobile
2151,control,0,mobile
1822,control,0,desktop
7801,control,0,mobile
10479,treatment,0,mobile
3783,control,1,desktop
15107,treatment,0,desktop
1670,control,1,mobile
8693,treatment,0,mobile
8379,treatment,0,desktop
4253,control,0,desktop
5955,control,0,mobile
6244,control,0,mobile
2362,control,0,desktop
11409,treatment,0,mobile
1103,control,0,mobile
12614,treatment,0,desktop
8806,treatment,0,mobile
1139,control,1,mobile
5885,control,0,mobile
5780,control,0,desktop
10069,treatment,0,desktop
665,control,0,desktop
5473,control,1,desktop
3988,control,0,mobile
11315,treatment,0,desktop
8831,treatment,0,mobile
13517,treatment,0,mobile
1458,control,1,mobile
8482,treatment,0,mobile
8751,treatment,0,mobile
1485,control,0,desktop
8795,treatment,0,mobile
14673,treatment,0,mobile
4017,control,0,mobile
12766,treatment,0,mobile
3302,control,0,mobile
13100,treatment,0,desktop
12125,treatment,0,mobile
264,control,0,mobile
4504,control,1,desktop
5568,control,0,desktop
8150,treatment,0,mobile
4097,control,0,desktop
730,control,0,mobile
7777,control,0,desktop
7678,control,0,mobile
5551,control,0,desktop
3696,control,0,mobile
1005,control,0,mobile
5087,control,0,mobile
3978,control,0,desktop
5118,control,0,mobile
3224,control,0,mobile
6639,control,0,mobile
853,control,0,desktop
10484,treatment,0,desktop
15318,treatment,0,mobile
4815,control,0,desktop
15337,treatment,0,mobile
11194,treatment,0,mobile
1814,control,0,desktop
8463,treatment,0,desktop
5263,control,0,desktop
11811,treatment,0,desktop
2250,control,0,desktop
14815,treatment,0,mobile
5147,control,0,mobile
1177,control,0,desktop
12726,treatment,0,mobile
12597,treatment,0,mobile
2916,control,1,desktop
11679,treatment,1,mobile
13451,treatment,0,desktop
7362,control,0,mobile
13388,treatment,0,mobile
14216,treatment,0,desktop
12432,treatment,0,mobile
8514,treatment,0,mobile
13586,treatment,0,mobile
9150,treatment,0,mobile
1467,control,0,desktop
10650,treatment,0,desktop
3633,control,0,desktop
11161,treatment,0,mobile
7249,control,0,mobile
6116,control,0,mobile
10827,treatment,0,mobile
7164,control,0,mobile
6879,control,0,mobile
13055,treatment,0,mobile
8027,treatment,0,mobile
3377,control,0,desktop
4762,control,0,desktop
2254,control,0,mobile
13300,treatment,0,mobile
12081,treatment,0,mobile
9747,treatment,0,desktop
2150,control,0,mobile
3060,control,0,mobile
11361,treatment,0,mobile
1535,control,0,mobile
804,control,0,mobile
10394,treatment,0,desktop
321,control,0,mobile
12452,treatment,0,mobile
11301,treatment,0,mobile
12757,treatment,0,mobile
7027,control,0,mobile
5369,control,0,desktop
4837,control,0,mobile
5164,control,0,desktop
404,control,0,desktop
5128,control,0,mobile
6572,control,0,desktop
10004,treatment,0,desktop
7815,control,0,desktop
2456,control,0,desktop
9299,treatment,0,mobile
652,control,0,desktop
13985,treatment,1,mobile
10494,treatment,0,mobile
4728,control,0,mobile
306,control,0,desktop
9081,treatment,0,desktop
5661,control,0,mobile
6474,control,0,desktop
2910,control,0,desktop
8606,treatment,0,desktop
2496,control,1,mobile
8736,treatment,0,mobile
3999,control,0,mobile
15771,treatment,0,desktop
7331,control,0,desktop
5466,control,0,desktop
3949,control,0,desktop
5415,control,1,desktop
8944,treatment,0,mobile
9915,treatment,1,mobile
2641,control,0,mobile
1404,control,1,mobile
11512,treatment,0,mobile
1838,control,0,desktop
2587,control,0,mobile
7887,control,1,desktop
15645,treatment,0,mobile
14770,treatment,0,mobile
2715,control,0,mobile
4286,control,0,mobile
6201,control,0,mobile
8998,treatment,0,mobile
6948,control,0,desktop
15002,treatment,0,desktop
2352,control,1,desktop
10831,treatment,1,mobile
5979,control,0,desktop
6439,control,0,mobile
5228,control,0,mobile
3158,control,0,mobile
11138,treatment,1,desktop
9192,treatment,1,desktop
8745,treatment,0,mobile
9680,treatment,0,mobile
10000,treatment,0,mobile
10812,treatment,0,desktop
3938,control,0,desktop
10291,treatment,0,mobile
11647,treatment,0,desktop
3596,control,0,desktop
9693,treatment,1,mobile
13850,treatment,0,mobile
6974,control,0,mobile
8783,treatment,0,desktop
9752,treatment,1,mobile
15250,treatment,0,mobile
13488,treatment,0,mobile
12893,treatment,0,mobile
3994,control,0,desktop
10881,treatment,0,mobile
6278,control,0,desktop
4866,control,0,desktop
10899,treatment,0,mobile
11297,treatment,0,mobile
8397,treatment,0,mobile
11637,treatment,0,mobile
5345,control,0,desktop
6133,control,0,desktop
3681,control,0,desktop
5488,control,0,desktop
9903,treatment,0,mobile
10434,treatment,0,mobile
7085,control,0,mobile
10485,treatment,0,mobile
7508,control,0,mobile
13211,treatment,0,mobile
607,control,0,mobile
9785,treatment,0,desktop
2473,control,0,desktop
11522,treatment,0,mobile
13444,treatment,0,desktop
12312,treatment,0,mobile
10628,treatment,0,mobile
14528,treatment,0,desktop
6263,control,0,desktop
13687,treatment,0,desktop
13919,treatment,1,mobile
14576,treatment,0,mobile
13473,treatment,0,desktop
9572,treatment,0,desktop
8523,treatment,0,desktop
10326,treatment,1,mobile
11089,treatment,1,mobile
9366,treatment,0,mobile
13697,treatment,0,desktop
15543,treatment,0,desktop
9696,treatment,0,mobile
7268,control,0,mobile
15288,treatment,1,desktop
6266,control,0,desktop
1003,control,0,mobile
4261,control,0,mobile
389,control,0,desktop
11781,treatment,0,mobile
4700,control,0,mobile
441,control,0,desktop
12421,treatment,0,mobile
10756,treatment,1,mobile
6026,control,0,desktop
10540,treatment,0,desktop
3770,control,1,desktop
10939,treatment,0,mobile
7658,control,1,mobile
10481,treatment,0,desktop
13161,treatment,0,mobile
1517,control,0,desktop
13804,treatment,0,desktop
5547,control,1,desktop
2449,control,0,mobile
3085,control,0,desktop
8790,treatment,1,mobile
4275,control,0,desktop
9614,treatment,0,desktop
10911,treatment,0,desktop
7708,control,0,desktop
11624,treatment,0,mobile
5684,control,0,mobile
14321,treatment,0,mobile
13625,treatment,1,desktop
8443,treatment,0,desktop
10646,treatment,0,mobile
13355,treatment,0,desktop
15380,treatment,0,mobile
9234,treatment,1,desktop
12999,treatment,0,mobile
4392,control,0,desktop
12673,treatment,0,mobile
12927,treatment,0,mobile
486,control,0,desktop
6546,control,1,desktop
7414,control,0,desktop
11061,treatment,0,mobile
13770,treatment,0,desktop
14154,treatment,0,mobile
7719,control,0,mobile
3879,control,0,mobile
9830,treatment,0,desktop
15679,treatment,1,mobile
10007,treatment,0,mobile
4628,control,0,mobile
5676,control,0,mobile
8578,treatment,0,mobile
3336,control,0,desktop
15100,treatment,0,desktop
15973,treatment,0,mobile
15272,treatment,0,desktop
6599,control,0,desktop
14130,treatment,1,mobile
6243,control,0,mobile
2050,control,0,mobile
2090,control,0,mobile
1952,control,0,desktop
2720,control,0,mobile
13623,treatment,0,mobile
1557,control,0,mobile
3683,control,0,mobile
13412,treatment,0,mobile
14934,treatment,0,mobile
4216,control,0,mobile
15775,treatment,0,mobile
3509,control,0,desktop
7011,control,0,desktop
11976,treatment,0,mobile
10365,treatment,0,desktop
6666,control,0,desktop
6463,control,1,mobile
3186,control,0,mobile
227,control,0,mobile
3477,control,0,desktop
15601,treatment,0,desktop
3266,control,0,mobile
2285,control,0,mobile
10669,treatment,0,mobile
8081,treatment,0,mobile
6709,control,0,mobile
8422,treatment,0,mobile
13802,treatment,0,desktop
2722,control,0,mobile
1029,control,0,mobile
4962,control,0,mobile
3319,control,0,mobile
4590,control,0,mobile
12172,treatment,0,desktop
10955,treatment,0,mobile
10630,treatment,0,desktop
13442,treatment,0,mobile
4285,control,0,mobile
8702,treatment,0,desktop
2409,control,1,mobile
11840,treatment,0,mobile
9822,treatment,0,desktop
3916,control,0,desktop
10830,treatment,0,desktop
1649,control,0,mobile
7680,control,0,desktop
5124,control,0,desktop
773,control,0,mobile
7473,control,0,mobile
13595,treatment,0,mobile
9504,treatment,1,mobile
985,control,0,mobile
4683,control,0,mobile
11021,treatment,0,desktop
1761,control,0,desktop
15418,treatment,0,mobile
14621,treatment,1,desktop
3552,control,0,mobile
3109,control,0,mobile
3198,control,0,desktop
2736,control,0,desktop
121,control,1,mobile
12808,treatment,0,mobile
10998,treatment,0,desktop
10548,treatment,0,mobile
3385,control,0,mobile
5215,control,0,desktop
7285,control,0,desktop
10947,treatment,0,mobile
5884,control,0,mobile
1499,control,1,desktop
12394,treatment,0,desktop
3220,control,0,mobile
13226,treatment,0,desktop
8538,treatment,1,desktop
5716,control,0,mobile
14416,treatment,0,mobile
4801,control,0,desktop
14075,treatment,0,mobile
7312,control,0,mobile
14685,treatment,0,desktop
2143,control,0,desktop
3841,control,0,mobile
13285,treatment,0,desktop
12986,treatment,0,mobile
12231,treatment,0,mobile
9794,treatment,0,mobile
123,control,0,mobile
11739,treatment,0,desktop
12156,treatment,0,desktop
1720,control,0,desktop
1231,control,0,mobile
10201,treatment,0,mobile
1607,control,0,mobile
2240,control,0,desktop
15257,treatment,1,mobile
12670,treatment,0,mobile
2547,control,0,mobile
2032,control,0,mobile
2359,control,0,desktop
5109,control,1,mobile
15652,treatment,0,mobile
1358,control,0,mobile
15836,treatment,0,mobile
7588,control,0,desktop
15305,treatment,0,desktop
5621,control,0,desktop
11694,treatment,0,desktop
3127,control,0,desktop
14317,treatment,0,mobile
11237,treatment,1,mobile
2719,control,0,desktop
661,control,0,desktop
4101,control,0,mobile
9845,treatment,0,mobile
7526,control,0,mobile
9473,treatment,0,mobile
3728,control,0,mobile
3689,control,0,desktop
1310,control,0,desktop
11902,treatment,0,mobile
2327,control,0,desktop
15898,treatment,0,mobile
2462,control,0,desktop
12850,treatment,1,desktop
15152,treatment,1,mobile
8860,treatment,0,mobile
983,control,0,desktop
2339,control,0,desktop
15132,treatment,0,mobile
9828,treatment,0,mobile
6786,control,0,desktop
11163,treatment,0,desktop
9640,treatment,0,desktop
11698,treatment,0,desktop
2890,control,0,mobile
9649,treatment,0,mobile
9382,treatment,0,desktop
5863,control,1,mobile
7579,control,0,desktop
3851,control,1,desktop
7521,control,0,mobile
4657,control,0,mobile
2,control,0,mobile
11451,treatment,0,desktop
55,control,0,desktop
9206,treatment,0,mobile
7991,control,0,desktop
2502,control,0,desktop
1087,control,0,desktop
6809,control,0,desktop
3840,control,0,desktop
5631,control,0,mobile
8178,treatment,0,mobile
10094,treatment,0,mobile
8680,treatment,0,mobile
12485,treatment,0,desktop
1628,control,0,desktop
5877,control,1,mobile
12656,treatment,0,desktop
4936,control,0,desktop
904,control,0,desktop
10420,treatment,0,desktop
7033,control,1,desktop
1462,control,0,desktop
2403,control,0,desktop
15824,treatment,0,mobile
11824,treatment,0,desktop
11688,treatment,0,desktop
9956,treatment,0,desktop
6702,control,0,desktop
3905,control,0,desktop
11579,treatment,1,mobile
9169,treatment,0,mobile
1777,control,1,mobile
11709,treatment,0,mobile
2346,control,0,mobile
7683,control,0,mobile
594,control,0,desktop
3122,control,0,mobile
2696,control,0,desktop
13952,treatment,1,desktop
4314,control,0,mobile
11316,treatment,0,mobile
5564,control,0,desktop
12647,treatment,0,desktop
5524,control,0,desktop
1919,control,0,desktop
539,control,0,mobile
1432,control,0,mobile
3205,control,0,desktop
8468,treatment,0,mobile
11543,treatment,1,mobile
1702,control,0,desktop
13085,treatment,1,mobile
9498,treatment,0,mobile
1565,control,0,desktop
9319,treatment,0,mobile
6453,control,1,mobile
455,control,1,desktop
4918,control,0,desktop
6667,control,0,mobile
4858,control,0,desktop
10230,treatment,0,mobile
5809,control,0,mobile
6326,control,1,mobile
2229,control,0,desktop
7896,control,0,mobile
9125,treatment,0,desktop
10498,treatment,0,mobile
9960,treatment,0,desktop
13423,treatment,0,mobile
1288,control,0,mobile
14096,treatment,0,mobile
463,control,0,mobile
1172,control,0,desktop
5438,control,0,mobile
14839,treatment,0,mobile
15224,treatment,0,mobile
5398,control,0,mobile
6626,control,0,desktop
6507,control,0,mobile
9284,treatment,1,mobile
4898,control,0,mobile
13689,treatment,0,desktop
5506,control,0,desktop
14062,treatment,0,desktop
12932,treatment,0,mobile
9542,treatment,0,desktop
7883,control,0,mobile
12824,treatment,0,desktop
12224,treatment,0,desktop
7053,control,0,desktop
7179,control,1,mobile
12519,treatment,0,desktop
1972,control,0,mobile
10009,treatment,1,desktop
9507,treatment,0,mobile
1703,control,0,mobile
5747,control,0,mobile
6160,control,0,desktop
966,control,0,desktop
10362,treatment,0,mobile
2109,control,0,mobile
5982,control,0,mobile
3772,control,0,desktop
5298,control,0,mobile
4382,control,0,mobile
15790,treatment,1,mobile
5949,control,0,desktop
13167,treatment,1,mobile
4201,control,0,desktop
7133,control,0,desktop
5141,control,0,desktop
12493,treatment,0,desktop
13195,treatment,0,mobile
7054,control,0,desktop
11278,treatment,0,mobile
9324,treatment,0,mobile
7514,control,0,mobile
1041,control,0,desktop
4986,control,1,desktop
140,control,0,mobile
4418,control,0,mobile
6103,control,0,mobile
15535,treatment,0,mobile
15807,treatment,0,desktop
12867,treatment,0,desktop
9085,treatment,0,mobile
1818,control,0,desktop
1076,control,1,desktop
3760,control,0,mobile
146,control,0,mobile
13333,treatment,0,mobile
8755,treatment,0,desktop
6878,control,0,mobile
2756,control,0,desktop
518,control,1,desktop
8954,treatment,0,mobile
13910,treatment,0,desktop
14669,treatment,1,mobile
12240,treatment,0,mobile
13096,treatment,0,desktop
7710,control,0,mobile
10793,treatment,0,mobile
7093,control,0,desktop
8747,treatment,0,mobile
13925,treatment,0,mobile
10186,treatment,0,mobile
4459,control,0,desktop
14863,treatment,0,mobile
14257,treatment,0,mobile
8466,treatment,0,mobile
15522,treatment,0,desktop
2167,control,0,mobile
7865,control,1,mobile
11702,treatment,0,mobile
14326,treatment,1,desktop
6458,control,0,mobile
12662,treatment,1,mobile
2084,control,0,desktop
4003,control,0,mobile
1920,control,0,mobile
8949,treatment,0,desktop
10656,treatment,0,desktop
11247,treatment,0,desktop
15629,treatment,0,desktop
10343,treatment,0,mobile
13139,treatment,1,mobile
14292,treatment,1,mobile
13523,treatment,0,mobile
11471,treatment,0,mobile
12950,treatment,0,desktop
466,control,0,desktop
13111,treatment,0,mobile
2471,control,0,mobile
13271,treatment,0,mobile
9982,treatment,0,mobile
4508,control,0,desktop
15681,treatment,0,desktop
8649,treatment,0,desktop
12534,treatment,1,mobile
9557,treatment,0,mobile
2887,control,0,desktop
6764,control,0,desktop
9737,treatment,0,mobile
5430,control,0,mobile
4888,control,1,mobile
1830,control,1,mobile
8510,treatment,0,desktop
7100,control,0,desktop
7023,control,0,desktop
4522,control,0,mobile
12578,treatment,0,desktop
14331,treatment,0,mobile
2521,control,0,desktop
7663,control,0,mobile
15217,treatment,0,mobile
2175,control,0,desktop
2108,control,0,mobile
8114,treatment,0,mobile
7417,control,0,mobile
158,control,0,mobile
5798,control,0,mobile
9270,treatment,0,mobile
362,control,0,desktop
6337,control,0,desktop
5514,control,0,desktop
14926,treatment,0,desktop
2530,control,1,mobile
14751,treatment,1,mobile
9344,treatment,0,mobile
2816,control,0,desktop
15623,treatment,0,mobile
11760,treatment,0,mobile
11208,treatment,0,mobile
9816,treatment,0,mobile
11894,treatment,0,mobile
7685,control,0,desktop
1067,control,1,mobile
327,control,0,mobile
13309,treatment,0,mobile
10216,treatment,1,mobile
13235,treatment,0,desktop
5981,control,0,mobile
4069,control,0,desktop
9615,treatment,0,mobile
10321,treatment,0,desktop
5927,control,0,mobile
5319,control,0,mobile
14850,treatment,1,mobile
7784,control,0,desktop
3511,control,0,mobile
253,control,0,mobile
7602,control,0,desktop
4045,control,0,mobile
5104,control,0,desktop
9719,treatment,0,desktop
4852,control,0,desktop
1551,control,0,mobile
10360,treatment,1,desktop
4198,control,0,desktop
3976,control,0,desktop
7757,control,0,mobile
8904,treatment,0,mobile
15661,treatment,0,mobile
3053,control,0,mobile
15844,treatment,1,mobile
12361,treatment,0,desktop
3207,control,0,mobile
8791,treatment,0,mobile
5924,control,0,mobile
14350,treatment,0,mobile
4638,control,0,desktop
6347,control,0,mobile
10158,treatment,0,desktop
7348,control,0,desktop
8800,treatment,0,desktop
10970,treatment,0,mobile
2704,control,0,mobile
9144,treatment,0,desktop
5077,control,0,desktop
12639,treatment,0,mobile
5479,control,0,desktop
7071,control,0,mobile
5929,control,1,mobile
9437,treatment,0,desktop
12545,treatment,0,mobile
544,control,0,mobile
1587,control,0,desktop
2962,control,1,desktop
13515,treatment,0,mobile
12672,treatment,0,mobile
3247,control,0,desktop
4946,control,0,desktop
4325,control,1,desktop
417,control,0,mobile
13116,treatment,0,mobile
11371,treatment,0,desktop
12424,treatment,0,mobile
5833,control,0,desktop
6697,control,0,desktop
11999,treatment,0,desktop
6600,control,0,mobile
14684,treatment,0,mobile
14575,treatment,0,desktop
14744,treatment,0,desktop
7565,control,0,mobile
8042,treatment,0,mobile
7794,control,0,desktop
14516,treatment,0,desktop
12406,treatment,0,desktop
12300,treatment,0,mobile
851,control,0,mobile
8049,treatment,0,desktop
14741,treatment,0,desktop
13809,treatment,1,mobile
4821,control,0,desktop
8559,treatment,0,desktop
13654,treatment,0,mobile
6567,control,0,mobile
5930,control,0,desktop
9091,treatment,0,desktop
8381,treatment,0,desktop
2342,control,0,mobile
6847,control,1,desktop
13950,treatment,0,mobile
347,control,0,mobile
14328,treatment,0,mobile
9973,treatment,0,mobile
6734,control,0,desktop
638,control,1,mobile
6517,control,0,desktop
928,control,0,desktop
196,control,0,desktop
11459,treatment,0,desktop
9154,treatment,0,mobile
8593,treatment,0,mobile
10546,treatment,0,mobile
11065,treatment,0,mobile
6823,control,1,desktop
4639,control,0,mobile
1348,control,0,mobile
1752,control,1,mobile
15098,treatment,0,mobile
8287,treatment,0,desktop
10204,treatment,0,desktop
8665,treatment,0,mobile
6711,control,0,mobile
1317,control,0,desktop
13456,treatment,0,mobile
2850,control,0,mobile
15119,treatment,0,mobile
4453,control,0,mobile
14013,treatment,0,desktop
15590,treatment,0,desktop
14277,treatment,0,desktop
14019,treatment,0,mobile
14217,treatment,0,desktop
12564,treatment,0,mobile
3860,control,0,desktop
9133,treatment,0,desktop
10010,treatment,0,desktop
12784,treatment,0,desktop
13171,treatment,0,mobile
12532,treatment,0,mobile
14775,treatment,0,mobile
12701,treatment,0,mobile
4193,control,0,mobile
13445,treatment,1,mobile
11140,treatment,0,mobile
6903,control,1,mobile
8857,treatment,0,mobile
14556,treatment,0,mobile
3941,control,0,mobile
11788,treatment,0,mobile
8663,treatment,1,mobile
11606,treatment,0,mobile
2380,control,0,desktop
1578,control,0,desktop
1249,control,0,desktop
11177,treatment,0,mobile
15708,treatment,0,desktop
13375,treatment,0,desktop
4347,control,0,mobile
8341,treatment,0,mobile
3731,control,0,mobile
2906,control,0,mobile
1710,control,0,desktop
13317,treatment,0,mobile
10716,treatment,0,mobile
12912,treatment,0,mobile
9245,treatment,0,mobile
14467,treatment,0,mobile
1395,control,0,desktop
7646,control,0,mobile
6261,control,0,mobile
12836,treatment,0,mobile
728,control,1,mobile
13132,treatment,0,mobile
8569,treatment,0,desktop
7706,control,0,mobile
7946,control,0,desktop
6761,control,0,mobile
6276,control,0,mobile
4096,control,0,mobile
13432,treatment,0,mobile
88,control,0,mobile
547,control,0,desktop
7318,control,0,mobile
6186,control,0,mobile
4607,control,1,desktop
5548,control,0,desktop
13441,treatment,1,desktop
15787,treatment,0,desktop
5144,control,0,mobile
1112,control,1,desktop
5337,control,0,mobile
4169,control,0,mobile
12703,treatment,0,mobile
1262,control,0,mobile
1693,control,0,mobile
6435,control,0,mobile
3376,control,0,desktop
10445,treatment,0,mobile
2590,control,0,desktop
3660,control,0,desktop
12425,treatment,0,desktop
12060,treatment,0,mobile
3551,control,0,desktop
699,control,0,desktop
13619,treatment,0,mobile
2735,control,0,mobile
13836,treatment,0,mobile
10549,treatment,1,mobile
13436,treatment,0,desktop
3888,control,0,desktop
4535,control,0,mobile
2969,control,1,desktop
4429,control,0,mobile
4499,control,0,mobile
15323,treatment,0,desktop
10273,treatment,0,desktop
2915,control,0,desktop
11565,treatment,0,mobile
9694,treatment,0,mobile
12365,treatment,0,desktop
14921,treatment,0,mobile
6313,control,0,desktop
10671,treatment,0,desktop
14735,treatment,0,mobile
13043,treatment,1,mobile
1580,control,0,mobile
8731,treatment,1,desktop
8470,treatment,0,desktop
1017,control,0,mobile
4165,control,1,desktop
6249,control,0,mobile
3286,control,0,mobile
7392,control,0,desktop
2389,control,0,mobile
12474,treatment,0,mobile
4790,control,0,mobile
12487,treatment,0,mobile
14563,treatment,0,mobile
8079,treatment,0,mobile
4849,control,0,mobile
9316,treatment,0,mobile
6168,control,0,mobile
127,control,0,mobile
2257,control,0,mobile
3041,control,0,mobile
11220,treatment,0,mobile
12626,treatment,0,desktop
13903,treatment,1,mobile
12232,treatment,0,desktop
9919,treatment,0,mobile
3226,control,0,desktop
14820,treatment,0,mobile
286,control,0,mobile
8507,treatment,0,mobile
3328,control,0,mobile
1722,control,0,mobile
4555,control,0,desktop
681,control,0,mobile
978,control,0,desktop
5933,control,1,desktop
7955,control,0,desktop
9177,treatment,0,mobile
2724,control,0,mobile
10466,treatment,0,mobile
11265,treatment,0,desktop
3884,control,0,mobile
4155,control,0,desktop
1682,control,0,mobile
12575,treatment,0,mobile
6994,control,0,desktop
780,control,0,mobile
2426,control,0,mobile
9378,treatment,0,desktop
6906,control,0,mobile
5423,control,0,desktop
14219,treatment,0,desktop
2635,control,1,mobile
13585,treatment,0,mobile
4552,control,0,desktop
2479,control,0,mobile
7868,control,1,mobile
608,control,0,desktop
717,control,0,desktop
8557,treatment,0,mobile
14424,treatment,0,mobile
10796,treatment,0,mobile
10737,treatment,0,mobile
15620,treatment,0,desktop
5447,control,0,mobile
2068,control,0,mobile
7736,control,0,desktop
15136,treatment,1,desktop
1356,control,0,mobile
4967,control,0,desktop
4035,control,0,mobile
1419,control,0,desktop
6638,control,0,mobile
9486,treatment,0,desktop
12169,treatment,0,mobile
15986,treatment,0,mobile
1795,control,1,mobile
7398,control,0,desktop
4557,control,0,desktop
11296,treatment,0,desktop
2539,control,0,desktop
12763,treatment,0,mobile
1504,control,0,mobile
15045,treatment,0,mobile
6689,control,0,mobile
5439,control,0,mobile
4817,control,0,desktop
9172,treatment,0,mobile
2441,control,1,desktop
2492,control,0,mobile
8140,treatment,0,mobile
14605,treatment,0,mobile
6981,control,0,mobile
9446,treatment,0,mobile
7452,control,0,desktop
15464,treatment,0,desktop
979,control,0,desktop
5353,control,0,desktop
1555,control,0,mobile
13864,treatment,0,mobile
11095,treatment,0,mobile
662,control,1,mobile
1233,control,0,desktop
10863,treatment,0,mobile
4558,control,0,mobile
1785,control,0,mobile
11210,treatment,0,mobile
2163,control,0,mobile
14161,treatment,1,mobile
4342,control,0,mobile
2501,control,0,desktop
1010,control,0,desktop
13892,treatment,0,mobile
9399,treatment,1,mobile
7533,control,0,desktop
6944,control,1,mobile
731,control,0,mobile
9971,treatment,0,mobile
10029,treatment,0,mobile
2069,control,0,mobile
13641,treatment,1,mobile
11513,treatment,0,mobile
5495,control,1,mobile
1939,control,0,desktop
4,control,0,mobile
14651,treatment,0,desktop
7328,control,0,desktop
15639,treatment,0,desktop
13699,treatment,0,desktop
11511,treatment,0,mobile
7483,control,1,mobile
14318,treatment,0,desktop
4033,control,0,desktop
5059,control,0,mobile
4403,control,0,desktop
4795,control,0,mobile
4718,control,0,mobile
12210,treatment,0,mobile
9349,treatment,0,mobile
7227,control,0,desktop
6115,control,0,mobile
13359,treatment,0,mobile
195,control,0,desktop
6768,control,0,desktop
7532,control,0,desktop
2515,control,0,desktop
3554,control,0,mobile
7802,control,1,mobile
10674,treatment,0,mobile
423,control,1,desktop
9253,treatment,0,desktop
1096,control,0,mobile
2310,control,0,desktop
11101,treatment,0,desktop
7360,control,1,desktop
8444,treatment,0,mobile
14297,treatment,0,desktop
5513,control,0,desktop
9332,treatment,0,desktop
2044,control,0,mobile
4449,control,0,desktop
4268,control,1,mobile
5554,control,0,mobile
9946,treatment,1,mobile
2335,control,0,mobile
5796,control,0,mobile
14404,treatment,0,mobile
280,control,0,desktop
1212,control,1,mobile
11910,treatment,0,mobile
15930,treatment,0,desktop
5140,control,1,mobile
7475,control,1,desktop
5449,control,0,desktop
13547,treatment,1,mobile
1028,control,0,desktop
5014,control,0,mobile
13129,treatment,0,mobile
13830,treatment,0,desktop
10351,treatment,0,desktop
11754,treatment,0,mobile
3422,control,0,mobile
10691,treatment,0,desktop
12068,treatment,0,mobile
10572,treatment,1,desktop
2406,control,0,desktop
9524,treatment,0,mobile
4230,control,0,desktop
14834,treatment,0,mobile
2957,control,0,mobile
12792,treatment,0,desktop
11365,treatment,0,mobile
15340,treatment,0,desktop
12253,treatment,0,mobile
238,control,1,mobile
4050,control,0,desktop
15228,treatment,0,mobile
11830,treatment,1,desktop
10653,treatment,1,mobile
4651,control,0,desktop
13554,treatment,1,desktop
11822,treatment,0,mobile
12627,treatment,0,desktop
11340,treatment,0,desktop
8394,treatment,0,mobile
1102,control,0,mobile
5212,control,0,mobile
13694,treatment,0,mobile
3528,control,0,desktop
13221,treatment,0,mobile
2058,control,0,desktop
3651,control,0,mobile
746,control,0,mobile
15478,treatment,0,mobile
15342,treatment,0,mobile
11467,treatment,0,desktop
13191,treatment,0,mobile
2797,control,0,desktop
14489,treatment,0,mobile
3459,control,0,mobile
142,control,0,mobile
6970,control,1,desktop
6687,control,0,desktop
8978,treatment,0,mobile
2147,control,0,mobile
348,control,0,desktop
13491,treatment,0,mobile
10224,treatment,1,mobile
710,control,0,desktop
14519,treatment,0,mobile
10247,treatment,0,mobile
6814,control,0,desktop
7996,control,0,mobile
10692,treatment,0,desktop
2128,control,0,mobile
2326,control,0,desktop
2711,control,1,mobile
12595,treatment,0,mobile
5736,control,0,desktop
6477,control,0,mobile
6134,control,0,mobile
8824,treatment,0,desktop
1667,control,0,mobile
9362,treatment,0,mobile
3448,control,0,mobile
15324,treatment,1,desktop
15660,treatment,0,desktop
12539,treatment,1,desktop
3288,control,0,desktop
5614,control,0,mobile
9261,treatment,0,mobile
14377,treatment,0,desktop
15335,treatment,0,mobile
11636,treatment,1,mobile
11307,treatment,0,mobile
14776,treatment,0,desktop
12738,treatment,0,mobile
3627,control,0,desktop
8794,treatment,0,mobile
6651,control,0,desktop
11019,treatment,0,mobile
6634,control,0,desktop
167,control,0,desktop
2725,control,0,mobile
189,control,1,mobile
3609,control,0,mobile
14715,treatment,0,desktop
6436,control,0,mobile
13567,treatment,0,mobile
13890,treatment,0,desktop
705,control,0,mobile
34,control,0,desktop
1529,control,0,desktop
6194,control,0,mobile
8958,treatment,0,mobile
3077,control,0,mobile
15231,treatment,1,desktop
13060,treatment,0,desktop
11084,treatment,0,desktop
6853,control,0,desktop
1923,control,0,mobile
2364,control,1,desktop
4742,control,0,mobile
4532,control,0,desktop
13424,treatment,0,desktop
12,control,0,mobile
7542,control,0,mobile
1683,control,0,desktop
4073,control,0,mobile
7580,control,0,desktop
13943,treatment,0,mobile
577,control,0,desktop
15501,treatment,1,mobile
14607,treatment,0,mobile
1216,control,0,desktop
9907,treatment,0,mobile
5335,control,0,desktop
4496,control,0,mobile
770,control,0,mobile
7690,control,0,desktop
14017,treatment,0,desktop
1836,control,1,desktop
7149,control,0,mobile
5800,control,0,desktop
4996,control,0,mobile
3075,control,0,desktop
11638,treatment,1,mobile
7377,control,1,mobile
13597,treatment,0,desktop
12962,treatment,0,desktop
3820,control,1,mobile
3141,control,0,desktop
14242,treatment,0,desktop
13584,treatment,0,mobile
11878,treatment,0,desktop
5452,control,0,mobile
11382,treatment,0,mobile
5360,control,0,mobile
2928,control,0,mobile
2868,control,0,desktop
4436,control,0,desktop
12434,treatment,0,desktop
4352,control,1,mobile
1672,control,0,desktop
12859,treatment,0,mobile
5431,control,0,mobile
4949,control,1,mobile
4024,control,1,mobile
1744,control,1,desktop
11724,treatment,0,mobile
10690,treatment,0,mobile
15453,treatment,0,desktop
6043,control,0,mobile
1503,control,1,mobile
13917,treatment,0,mobile
12957,treatment,1,mobile
5213,control,0,desktop
13316,treatment,0,mobile
7544,control,0,desktop
5999,control,0,mobile
14527,treatment,0,desktop
3350,control,0,mobile
10455,treatment,0,desktop
15468,treatment,0,desktop
3757,control,0,mobile
6502,control,0,desktop
10710,treatment,1,mobile
7675,control,0,desktop
10238,treatment,0,mobile
12272,treatment,1,mobile
845,control,1,mobile
126,control,1,desktop
13225,treatment,1,desktop
3067,control,0,desktop
6170,control,0,mobile
5830,control,0,mobile
11956,treatment,1,mobile
8434,treatment,0,mobile
9628,treatment,1,desktop
10654,treatment,0,mobile
1803,control,0,desktop
13134,treatment,0,mobile
15066,treatment,0,mobile
3128,control,0,desktop
5093,control,0,mobile
12552,treatment,0,mobile
2846,control,0,desktop
13372,treatment,1,desktop
3365,control,0,desktop
14376,treatment,0,mobile
2116,control,0,mobile
8968,treatment,0,mobile
1128,control,0,mobile
4933,control,0,desktop
8196,treatment,0,mobile
12045,treatment,0,mobile
13186,treatment,0,mobile
8124,treatment,0,mobile
3876,control,0,mobile
3684,control,0,desktop
9853,treatment,0,desktop
10940,treatment,1,desktop
13267,treatment,0,mobile
6023,control,0,desktop
353,control,0,mobile
8372,treatment,0,mobile
13803,treatment,0,mobile
9212,treatment,0,mobile
2596,control,0,desktop
2866,control,0,desktop
2290,control,0,desktop
5026,control,0,desktop
7993,control,0,desktop
2498,control,0,mobile
1993,control,0,mobile
14745,treatment,0,desktop
2422,control,0,mobile
10410,treatment,0,mobile
12725,treatment,0,desktop
8555,treatment,0,desktop
13993,treatment,0,mobile
4948,control,0,desktop
15927,treatment,0,mobile
10203,treatment,1,desktop
5820,control,1,mobile
138,control,0,desktop
6713,control,0,mobile
13068,treatment,0,mobile
3523,control,0,desktop
1593,control,0,mobile
11901,treatment,0,mobile
12880,treatment,0,mobile
14542,treatment,1,mobile
5197,control,0,desktop
7549,control,0,desktop
14447,treatment,0,desktop
9493,treatment,0,mobile
2255,control,0,desktop
15123,treatment,0,mobile
7866,control,0,desktop
5010,control,0,mobile
5875,control,0,mobile
215,control,0,desktop
15260,treatment,0,desktop
13618,treatment,0,mobile
10016,treatment,0,mobile
866,control,0,desktop
2351,control,0,mobile
3946,control,0,desktop
6293,control,0,mobile
7111,control,0,mobile
10487,treatment,0,mobile
6221,control,0,mobile
7437,control,0,desktop
3403,control,0,mobile
2341,control,0,mobile
9014,treatment,0,mobile
7817,control,0,mobile
3953,control,0,desktop
3515,control,0,desktop
11951,treatment,1,desktop
3747,control,0,mobile
5126,control,0,mobile
12353,treatment,0,mobile
9789,treatment,0,mobile
14364,treatment,0,desktop
7456,control,0,mobile
3790,control,0,mobile
15201,treatment,1,desktop
911,control,0,mobile
4851,control,0,desktop
15776,treatment,0,desktop
69,control,0,desktop
15001,treatment,1,mobile
3600,control,0,mobile
2176,control,1,mobile
15682,treatment,0,mobile
8992,treatment,0,desktop
1345,control,0,desktop
6573,control,0,mobile
1015,control,0,desktop
13099,treatment,0,desktop
7110,control,0,mobile
3468,control,0,desktop
10627,treatment,0,mobile
493,control,1,desktop
714,control,0,desktop
7904,control,0,desktop
3657,control,0,mobile
3722,control,0,mobile
6281,control,0,desktop
10151,treatment,1,mobile
14009,treatment,0,mobile
12120,treatment,0,mobile
2098,control,0,desktop
15015,treatment,0,desktop
9327,treatment,0,desktop
11104,treatment,0,mobile
15532,treatment,0,mobile
3105,control,0,mobile
6575,control,0,desktop
4278,control,0,mobile
749,control,1,mobile
530,control,0,mobile
9001,treatment,1,mobile
8342,treatment,0,desktop
2994,control,0,desktop
990,control,0,mobile
9773,treatment,0,desktop
14620,treatment,0,mobile
11421,treatment,0,mobile
1604,control,0,mobile
11372,treatment,0,desktop
1747,control,0,mobile
14280,treatment,0,mobile
11078,treatment,0,mobile
11280,treatment,0,desktop
3936,control,0,mobile
2035,control,0,mobile
1661,control,0,mobile
673,control,1,mobile
13957,treatment,0,mobile
3049,control,0,mobile
885,control,0,mobile
7703,control,0,mobile
10599,treatment,0,mobile
453,control,0,mobile
6368,control,0,mobile
12072,treatment,0,desktop
9238,treatment,1,desktop
10180,treatment,0,desktop
11017,treatment,0,mobile
2033,control,0,desktop
647,control,0,mobile
11094,treatment,0,mobile
540,control,0,mobile
6206,control,0,desktop
10891,treatment,0,desktop
11284,treatment,0,mobile
13303,treatment,0,mobile
8477,treatment,0,desktop
13084,treatment,0,desktop
10107,treatment,0,mobile
4897,control,1,mobile
5325,control,0,desktop
12095,treatment,0,mobile
3219,control,0,mobile
3025,control,0,mobile
15484,treatment,0,mobile
14418,treatment,0,mobile
5713,control,0,mobile
14374,treatment,0,desktop
12820,treatment,0,desktop
6941,control,0,mobile
548,control,0,mobile
668,control,0,mobile
10642,treatment,0,mobile
5184,control,0,desktop
11266,treatment,0,mobile
11949,treatment,0,mobile
8924,treatment,1,mobile
8181,treatment,0,desktop
12494,treatment,0,mobile
5522,control,0,desktop
1057,control,0,desktop
5601,control,0,desktop
15919,treatment,0,desktop
14218,treatment,1,mobile
12219,treatment,1,mobile
5962,control,0,mobile
11020,treatment,1,mobile
5523,control,0,desktop
9900,treatment,1,mobile
15117,treatment,0,mobile
12105,treatment,0,mobile
7702,control,0,mobile
14126,treatment,0,mobile
319,control,0,desktop
15278,treatment,0,desktop
5864,control,0,mobile
10810,treatment,0,desktop
5174,control,0,desktop
680,control,0,desktop
3478,control,0,mobile
15196,treatment,0,mobile
13970,treatment,1,mobile
6340,control,0,mobile
3704,control,0,mobile
6745,control,1,desktop
1846,control,0,desktop
211,control,0,desktop
9749,treatment,0,mobile
9618,treatment,0,mobile
6252,control,0,desktop
12263,treatment,0,mobile
2588,control,0,desktop
8773,treatment,0,desktop
9129,treatment,0,desktop
9725,treatment,0,desktop
4463,control,0,desktop
13328,treatment,1,desktop
8219,treatment,0,mobile
3081,control,0,mobile
8031,treatment,0,mobile
8461,treatment,1,desktop
10022,treatment,0,desktop
5179,control,0,desktop
6301,control,0,desktop
3136,control,0,desktop
13234,treatment,0,mobile
15086,treatment,1,mobile
12027,treatment,0,desktop
5851,control,0,desktop
12362,treatment,0,mobile
3862,control,0,mobile
9321,treatment,0,desktop
15138,treatment,0,mobile
14097,treatment,0,mobile
2535,control,0,mobile
487,control,0,desktop
14329,treatment,0,desktop
4537,control,0,mobile
2843,control,0,mobile
14393,treatment,0,mobile
6130,control,0,desktop
8699,treatment,0,mobile
15674,treatment,0,mobile
13323,treatment,0,desktop
8987,treatment,0,mobile
1739,control,0,mobile
14477,treatment,0,mobile
6856,control,0,desktop
12183,treatment,0,desktop
13609,treatment,1,mobile
15214,treatment,0,mobile
1637,control,0,mobile
14332,treatment,1,mobile
14568,treatment,0,mobile
15796,treatment,0,mobile
13247,treatment,0,mobile
7893,control,0,mobile
12731,treatment,0,desktop
6012,control,0,desktop
2390,control,0,mobile
13212,treatment,0,mobile
14965,treatment,1,mobile
13429,treatment,0,desktop
809,control,0,desktop
3412,control,1,desktop
9424,treatment,0,desktop
5775,control,0,desktop
1992,control,0,mobile
8043,treatment,0,mobile
8896,treatment,0,desktop
15144,treatment,0,mobile
11461,treatment,0,mobile
6569,control,0,desktop
9439,treatment,0,mobile
15785,treatment,1,desktop
15713,treatment,0,mobile
14521,treatment,0,desktop
4083,control,0,mobile
11143,treatment,0,mobile
10977,treatment,0,mobile
8426,treatment,0,mobile
9470,treatment,0,mobile
15182,treatment,0,desktop
10534,treatment,0,mobile
3294,control,0,mobile
3758,control,0,mobile
5234,control,0,desktop
12630,treatment,0,desktop
13332,treatment,0,mobile
10139,treatment,0,desktop
14112,treatment,0,desktop
12249,treatment,0,mobile
350,control,0,mobile
5705,control,0,desktop
5897,control,0,mobile
8596,treatment,0,desktop
13373,treatment,0,desktop
5131,control,0,mobile
14020,treatment,0,desktop
5211,control,0,desktop
561,control,0,desktop
8367,treatment,0,desktop
2595,control,0,desktop
10969,treatment,0,desktop
1767,control,0,mobile
6676,control,0,mobile
3970,control,0,mobile
1887,control,0,mobile
11621,treatment,0,mobile
14442,treatment,1,desktop
7727,control,0,mobile
10578,treatment,1,mobile
2768,control,0,mobile
2414,control,0,desktop
9548,treatment,0,mobile
9235,treatment,0,mobile
11116,treatment,0,desktop
10860,treatment,0,mobile
8609,treatment,0,desktop
9560,treatment,0,desktop
15246,treatment,1,desktop
14448,treatment,0,desktop
6254,control,0,desktop
10304,treatment,0,desktop
8198,treatment,0,desktop
4013,control,0,mobile
15959,treatment,0,mobile
8648,treatment,0,mobile
8834,treatment,0,desktop
8846,treatment,0,desktop
8490,treatment,0,desktop
15859,treatment,0,desktop
1498,control,0,mobile
3275,control,0,desktop
1863,control,0,mobile
997,control,0,mobile
10297,treatment,0,desktop
8418,treatment,0,desktop
11578,treatment,0,desktop
12514,treatment,0,desktop
8861,treatment,0,mobile
11595,treatment,0,mobile
7692,control,0,desktop
8717,treatment,0,desktop
8708,treatment,0,mobile
3143,control,0,desktop
12582,treatment,0,desktop
8047,treatment,0,desktop
14114,treatment,0,mobile
15492,treatment,0,mobile
8950,treatment,0,mobile
9605,treatment,1,mobile
10372,treatment,0,mobile
7418,control,0,desktop
1666,control,0,mobile
1325,control,0,mobile
415,control,0,desktop
5598,control,0,desktop
8966,treatment,0,desktop
1098,control,0,desktop
8289,treatment,0,mobile
9612,treatment,0,desktop
6317,control,1,mobile
740,control,0,mobile
13206,treatment,0,mobile
549,control,0,mobile
8497,treatment,1,mobile
14166,treatment,0,mobile
15386,treatment,0,mobile
14380,treatment,0,mobile
9865,treatment,0,desktop
8804,treatment,0,mobile
2968,control,1,desktop
11160,treatment,0,mobile
11086,treatment,0,mobile
1073,control,0,desktop
1388,control,0,mobile
5009,control,0,mobile
998,control,0,mobile
5302,control,0,desktop
5552,control,0,mobile
3804,control,0,desktop
986,control,0,mobile
15509,treatment,0,mobile
411,control,0,desktop
3637,control,0,mobile
5734,control,1,desktop
13759,treatment,0,desktop
3779,control,0,desktop
7934,control,0,mobile
2638,control,0,mobile
15655,treatment,0,desktop
14079,treatment,0,mobile
9922,treatment,0,desktop
9166,treatment,0,desktop
9567,treatment,0,mobile
7315,control,0,mobile
56,control,0,desktop
335,control,0,mobile
13466,treatment,0,desktop
6432,control,1,mobile
15450,treatment,1,desktop
13990,treatment,0,desktop
13822,treatment,0,mobile
4049,control,0,mobile
6381,control,0,desktop
15297,treatment,0,desktop
14054,treatment,0,desktop
10982,treatment,0,desktop
5049,control,0,desktop
12267,treatment,0,mobile
12236,treatment,0,desktop
12096,treatment,0,desktop
13499,treatment,0,mobile
1792,control,0,mobile
12197,treatment,0,mobile
1559,control,0,desktop
15860,treatment,0,desktop
12909,treatment,1,mobile
12732,treatment,0,mobile
11722,treatment,0,desktop
2541,control,1,desktop
11120,treatment,0,desktop
2170,control,0,mobile
10850,treatment,1,desktop
7259,control,0,mobile
8829,treatment,0,mobile
2232,control,1,desktop
8274,treatment,0,mobile
11540,treatment,0,mobile
5301,control,0,desktop
3148,control,0,desktop
14920,treatment,1,mobile
14184,treatment,0,mobile
15551,treatment,0,mobile
12491,treatment,0,mobile
12533,treatment,0,mobile
12449,treatment,0,desktop
213,control,0,desktop
2195,control,0,mobile
7223,control,0,mobile
9076,treatment,0,mobile
1385,control,0,desktop
13553,treatment,0,mobile
4239,control,0,mobile
757,control,0,desktop
840,control,0,desktop
13870,treatment,0,desktop
10047,treatment,0,mobile
11844,treatment,0,mobile
14633,treatment,0,mobile
6818,control,0,mobile
9216,treatment,0,mobile
8588,treatment,1,mobile
10897,treatment,0,mobile
13426,treatment,1,desktop
1346,control,0,mobile
11950,treatment,0,desktop
12777,treatment,0,desktop
1014,control,0,desktop
9929,treatment,0,mobile
12128,treatment,0,mobile
2936,control,0,mobile
15210,treatment,1,mobile
10463,treatment,0,mobile
11939,treatment,1,mobile
4752,control,0,mobile
12997,treatment,0,mobile
2328,control,0,mobile
3054,control,0,desktop
13528,treatment,0,mobile
10182,treatment,0,mobile
10147,treatment,0,mobile
11973,treatment,0,desktop
7852,control,1,desktop
13632,treatment,0,desktop
13712,treatment,1,desktop
11192,treatment,0,desktop
3716,control,0,desktop
9403,treatment,0,mobile
5940,control,0,mobile
8930,treatment,0,desktop
13631,treatment,0,mobile
1882,control,0,mobile
13807,treatment,1,mobile
11918,treatment,0,mobile
7648,control,0,mobile
8620,treatment,0,desktop
8815,treatment,0,mobile
12301,treatment,0,mobile
446,control,1,desktop
15303,treatment,0,mobile
6760,control,0,mobile
1400,control,0,desktop
11156,treatment,0,desktop
9664,treatment,0,mobile
10845,treatment,0,desktop
243,control,1,mobile
5525,control,0,desktop
11536,treatment,0,desktop
14929,treatment,0,mobile
7854,control,0,mobile
6750,control,0,mobile
12308,treatment,0,mobile
15768,treatment,1,mobile
5550,control,0,desktop
12339,treatment,1,mobile
9852,treatment,0,desktop
3191,control,0,mobile
3608,control,0,desktop
4456,control,0,desktop
12974,treatment,0,mobile
12652,treatment,0,mobile
14866,treatment,1,mobile
6631,control,0,desktop
4279,control,0,mobile
452,control,0,mobile
8618,treatment,0,mobile
6719,control,0,desktop
1626,control,0,mobile
13081,treatment,0,mobile
502,control,0,mobile
11851,treatment,0,desktop
9814,treatment,0,mobile
7670,control,0,mobile
15557,treatment,0,desktop
13927,treatment,0,mobile
11531,treatment,0,mobile
6207,control,0,desktop
13107,treatment,0,mobile
3664,control,0,mobile
7915,control,0,mobile
8389,treatment,0,desktop
12594,treatment,0,desktop
7347,control,1,mobile
2316,control,0,mobile
10497,treatment,0,mobile
7880,control,0,desktop
7637,control,0,mobile
12991,treatment,0,mobile
15197,treatment,0,desktop
11066,treatment,0,mobile
6437,control,0,mobile
3687,control,0,mobile
9165,treatment,0,mobile
7806,control,0,mobile
14851,treatment,0,mobile
14015,treatment,0,desktop
4525,control,0,mobile
2992,control,0,desktop
1701,control,1,mobile
7877,control,0,desktop
7205,control,0,desktop
7015,control,0,mobile
4305,control,0,desktop
4679,control,0,desktop
11353,treatment,0,desktop
8825,treatment,0,desktop
10427,treatment,0,mobile
2838,control,1,mobile
8813,treatment,0,mobile
3663,control,0,desktop
13648,treatment,0,mobile
447,control,0,desktop
1299,control,0,mobile
5739,control,0,mobile
15063,treatment,0,mobile
13041,treatment,0,mobile
7751,control,0,desktop
2668,control,0,desktop
6496,control,0,mobile
15714,treatment,1,desktop
2841,control,0,mobile
10834,treatment,0,mobile
13709,treatment,0,desktop
7612,control,0,mobile
5129,control,0,desktop
6081,control,0,mobile
8423,treatment,0,mobile
6196,control,0,mobile
7255,control,0,mobile
4758,control,1,mobile
13080,treatment,0,mobile
4904,control,0,desktop
6401,control,0,desktop
8560,treatment,0,mobile
4207,control,0,mobile
5674,control,0,mobile
454,control,0,desktop
3243,control,0,desktop
6336,control,0,mobile
10609,treatment,0,desktop
5267,control,0,desktop
11411,treatment,0,mobile
13607,treatment,0,mobile
6611,control,0,desktop
5029,control,0,desktop
3677,control,0,mobile
13736,treatment,0,desktop
2247,control,0,mobile
9731,treatment,0,mobile
3240,control,0,desktop
4982,control,0,desktop
14264,treatment,0,mobile
1021,control,0,mobile
15118,treatment,0,mobile
4978,control,1,desktop
7148,control,0,mobile
5085,control,0,desktop
10303,treatment,0,mobile
9983,treatment,0,mobile
2188,control,0,desktop
10464,treatment,0,mobile
13561,treatment,0,desktop
6587,control,0,mobile
6957,control,0,mobile
796,control,0,mobile
1335,control,1,desktop
11691,treatment,1,mobile
9920,treatment,0,mobile
3866,control,0,desktop
4079,control,1,desktop
9924,treatment,0,mobile
1963,control,0,mobile
4099,control,0,mobile
3337,control,0,mobile
13282,treatment,0,mobile
6141,control,0,mobile
1808,control,0,desktop
5759,control,1,mobile
7603,control,0,desktop
3561,control,0,mobile
10096,treatment,0,mobile
1018,control,0,desktop
5994,control,0,desktop
6737,control,0,mobile
11895,treatment,0,desktop
509,control,1,desktop
15155,treatment,0,desktop
10519,treatment,0,desktop
3713,control,0,desktop
12786,treatment,0,desktop
8399,treatment,0,desktop
3901,control,0,mobile
6084,control,0,mobile
5521,control,0,desktop
15808,treatment,0,mobile
15456,treatment,0,mobile
14279,treatment,0,mobile
7170,control,1,mobile
5649,control,0,mobile
1878,control,0,mobile
9073,treatment,0,desktop
6707,control,0,desktop
12127,treatment,0,mobile
9550,treatment,1,desktop
12024,treatment,0,desktop
8016,treatment,0,mobile
15774,treatment,0,desktop
3386,control,1,desktop
7373,control,0,mobile
5348,control,0,desktop
3460,control,0,desktop
14577,treatment,1,mobile
7756,control,0,desktop
8279,treatment,1,mobile
6242,control,0,mobile
6541,control,0,desktop
13440,treatment,0,desktop
11961,treatment,0,desktop
751,control,0,desktop
10327,treatment,0,desktop
8155,treatment,0,mobile
8595,treatment,0,mobile
1246,control,0,mobile
13123,treatment,0,desktop
14183,treatment,0,desktop
10561,treatment,0,mobile
10001,treatment,0,mobile
8061,treatment,0,mobile
9286,treatment,0,mobile
12875,treatment,0,mobile
1365,control,0,mobile
3751,control,0,mobile
789,control,0,mobile
12621,treatment,0,mobile
2076,control,0,desktop
14783,treatment,0,mobile
9912,treatment,0,mobile
8431,treatment,0,mobile
2353,control,0,mobile
8353,treatment,0,mobile
12838,treatment,0,desktop
323,control,1,desktop
12739,treatment,0,desktop
5767,control,0,mobile
12560,treatment,1,mobile
15161,treatment,0,mobile
11997,treatment,0,desktop
10429,treatment,0,mobile
2376,control,0,mobile
2156,control,0,desktop
7047,control,0,mobile
7018,control,0,mobile
8727,treatment,0,desktop
15309,treatment,0,mobile
13276,treatment,0,desktop
2832,control,0,desktop
15035,treatment,0,mobile
8585,treatment,0,desktop
4262,control,0,mobile
13849,treatment,0,desktop
11667,treatment,0,mobile
2000,control,0,mobile
5358,control,0,desktop
2856,control,0,desktop
15068,treatment,0,mobile
14092,treatment,0,mobile
4377,control,0,mobile
1027,control,0,mobile
4654,control,0,desktop
3512,control,0,desktop
14347,treatment,0,desktop
2157,control,0,mobile
3481,control,0,mobile
1801,control,0,mobile
9209,treatment,0,mobile
8946,treatment,0,mobile
11613,treatment,0,mobile
7591,control,1,mobile
3539,control,0,desktop
12292,treatment,0,desktop
9123,treatment,0,desktop
8257,treatment,0,desktop
12972,treatment,0,mobile
5578,control,0,desktop
13639,treatment,0,mobile
3824,control,0,desktop
3817,control,0,desktop
3452,control,0,desktop
263,control,1,mobile
7080,control,0,desktop
7517,control,0,desktop
13790,treatment,0,desktop
9039,treatment,0,mobile
15716,treatment,0,desktop
4876,control,0,mobile
11356,treatment,0,mobile
6153,control,0,mobile
4354,control,0,desktop
3591,control,0,desktop
5028,control,0,mobile
1239,control,0,mobile
5108,control,1,mobile
13728,treatment,0,mobile
1643,control,0,mobile
3344,control,0,mobile
11183,treatment,0,mobile
5483,control,0,desktop
3894,control,0,mobile
11036,treatment,1,desktop
11463,treatment,0,desktop
8864,treatment,0,mobile
10435,treatment,0,mobile
13575,treatment,0,desktop
10663,treatment,0,mobile
10974,treatment,0,desktop
12655,treatment,1,mobile
14156,treatment,1,desktop
3487,control,0,mobile
1454,control,0,mobile
6682,control,1,desktop
7855,control,0,desktop
15413,treatment,0,desktop
1698,control,0,mobile
862,control,1,mobile
15496,treatment,1,desktop
12383,treatment,0,mobile
1906,control,0,mobile
15022,treatment,0,desktop
3399,control,0,desktop
11742,treatment,0,mobile
14829,treatment,0,desktop
13497,treatment,0,desktop
15895,treatment,0,mobile
9024,treatment,0,desktop
7722,control,0,desktop
14405,treatment,0,desktop
2556,control,0,desktop
9562,treatment,1,desktop
3899,control,0,mobile
6304,control,0,mobile
8325,treatment,0,mobile
4549,control,0,desktop
6397,control,0,desktop
15862,treatment,0,mobile
1550,control,0,desktop
10335,treatment,0,desktop
14886,treatment,1,mobile
10851,treatment,0,desktop
12192,treatment,0,mobile
8149,treatment,0,desktop
13544,treatment,0,mobile
2881,control,1,mobile
14226,treatment,1,mobile
10296,treatment,0,desktop
8913,treatment,0,mobile
5834,control,0,mobile
13828,treatment,0,desktop
9186,treatment,0,desktop
11052,treatment,0,mobile
14026,treatment,0,mobile
10799,treatment,0,desktop
7707,control,0,mobile
14431,treatment,0,mobile
15573,treatment,1,mobile
5136,control,0,mobile
13527,treatment,1,desktop
8983,treatment,0,desktop
15199,treatment,0,mobile
7924,control,0,desktop
935,control,0,mobile
1784,control,0,mobile
1427,control,0,mobile
1735,control,0,desktop
8893,treatment,0,mobile
13306,treatment,0,mobile
4938,control,0,mobile
345,control,0,mobile
9856,treatment,1,mobile
418,control,0,desktop
9274,treatment,0,mobile
1044,control,0,desktop
3038,control,0,desktop
15530,treatment,1,desktop
12255,treatment,0,mobile
7926,control,0,mobile
11425,treatment,1,desktop
7274,control,0,mobile
324,control,0,mobile
3897,control,0,mobile
2269,control,1,mobile
2221,control,0,desktop
12200,treatment,0,mobile
6150,control,0,desktop
3778,control,0,mobile
15219,treatment,0,mobile
7442,control,0,desktop
720,control,0,mobile
13196,treatment,0,desktop
14846,treatment,0,desktop
15220,treatment,0,mobile
11794,treatment,0,mobile
6784,control,0,desktop
8053,treatment,0,mobile
7770,control,0,mobile
12334,treatment,0,mobile
13947,treatment,0,mobile
3877,control,0,mobile
10688,treatment,0,mobile
778,control,0,desktop
5276,control,0,desktop
6433,control,0,mobile
15954,treatment,0,mobile
9036,treatment,0,desktop
1386,control,0,mobile
8625,treatment,0,mobile
11414,treatment,0,desktop
2637,control,0,mobile
6606,control,0,mobile
451,control,0,desktop
5632,control,0,mobile
4159,control,0,desktop
4787,control,0,desktop
11466,treatment,0,desktop
2566,control,0,mobile
4074,control,0,desktop
2697,control,1,mobile
3421,control,0,mobile
15412,treatment,1,desktop
10680,treatment,0,mobile
2747,control,0,desktop
8103,treatment,0,desktop
3235,control,0,desktop
4854,control,0,mobile
15422,treatment,0,desktop
14229,treatment,1,mobile
3378,control,0,mobile
9232,treatment,0,mobile
14765,treatment,0,desktop
2118,control,0,mobile
8627,treatment,0,desktop
10269,treatment,0,mobile
5534,control,0,mobile
15369,treatment,0,mobile
12782,treatment,0,desktop
4445,control,0,mobile
10772,treatment,0,mobile
5362,control,1,desktop
1834,control,0,desktop
1943,control,0,mobile
5510,control,0,desktop
11396,treatment,0,mobile
910,control,0,mobile
8157,treatment,1,mobile
702,control,0,mobile
2427,control,0,desktop
134,control,0,desktop
6831,control,0,desktop
3342,control,0,mobile
12938,treatment,0,mobile
271,control,0,desktop
9591,treatment,0,mobile
4740,control,0,mobile
15287,treatment,0,mobile
6327,control,0,desktop
11892,treatment,0,mobile
6642,control,0,mobile
1840,control,0,desktop
8108,treatment,0,mobile
1020,control,0,desktop
2611,control,0,mobile
7099,control,0,mobile
10722,treatment,0,mobile
7631,control,1,mobile
9153,treatment,0,mobile
11182,treatment,0,mobile
7350,control,0,mobile
7413,control,0,mobile
11412,treatment,0,desktop
12632,treatment,0,desktop
5709,control,0,desktop
9544,treatment,0,desktop
6145,control,0,desktop
15027,treatment,1,desktop
13400,treatment,1,mobile
1932,control,1,mobile
15354,treatment,0,desktop
9772,treatment,0,desktop
5137,control,0,desktop
5171,control,0,desktop
4867,control,0,mobile
11045,treatment,0,desktop
11732,treatment,0,mobile
2293,control,0,mobile
6556,control,0,desktop
15845,treatment,0,mobile
2194,control,0,mobile
6361,control,0,mobile
6895,control,0,mobile
9408,treatment,0,desktop
12944,treatment,0,desktop
1266,control,0,mobile
5155,control,1,desktop
1457,control,0,mobile
5977,control,0,mobile
7321,control,0,desktop
10559,treatment,0,desktop
12287,treatment,0,mobile
820,control,0,desktop
7345,control,0,desktop
11933,treatment,0,mobile
8437,treatment,0,mobile
14729,treatment,0,mobile
14553,treatment,0,mobile
435,control,0,desktop
14173,treatment,0,mobile
6218,control,1,desktop
12034,treatment,0,mobile
11076,treatment,0,mobile
5848,control,0,desktop
13322,treatment,0,mobile
658,control,0,mobile
6202,control,1,mobile
8670,treatment,0,mobile
4808,control,1,desktop
11854,treatment,0,mobile
15494,treatment,0,desktop
6320,control,0,desktop
2686,control,0,desktop
8688,treatment,0,mobile
11729,treatment,0,mobile
846,control,0,mobile
9087,treatment,0,mobile
1273,control,0,desktop
13821,treatment,0,mobile
6805,control,1,desktop
7051,control,0,desktop
13319,treatment,0,mobile
10828,treatment,0,mobile
908,control,1,desktop
564,control,0,desktop
13507,treatment,0,mobile
2880,control,0,mobile
8874,treatment,0,mobile
14490,treatment,0,mobile
20,control,0,mobile
5881,control,0,mobile
10253,treatment,0,desktop
9902,treatment,1,desktop
124,control,0,desktop
15691,treatment,0,desktop
9032,treatment,0,mobile
10946,treatment,0,mobile
6107,control,1,desktop
5367,control,0,mobile
2393,control,0,desktop
13143,treatment,0,desktop
4875,control,0,mobile
6294,control,0,mobile
5472,control,0,desktop
6034,control,0,mobile
2213,control,1,desktop
9050,treatment,1,desktop
4064,control,0,mobile
6369,control,0,mobile
4203,control,1,mobile
1237,control,0,mobile
2700,control,0,desktop
6997,control,1,mobile
7399,control,0,mobile
3175,control,0,desktop
3489,control,0,mobile
4126,control,1,mobile
1674,control,0,mobile
11071,treatment,0,mobile
276,control,0,mobile
3620,control,0,desktop
7095,control,0,mobile
2633,control,0,mobile
12592,treatment,0,mobile
13745,treatment,0,mobile
13541,treatment,0,mobile
330,control,1,desktop
11566,treatment,1,mobile
14266,treatment,0,mobile
3372,control,0,mobile
13885,treatment,0,mobile
6277,control,0,mobile
4206,control,0,mobile
7535,control,0,mobile
3045,control,0,desktop
5966,control,0,desktop
13155,treatment,0,mobile
4893,control,0,mobile
3697,control,0,desktop
10637,treatment,0,mobile
14969,treatment,0,mobile
13283,treatment,0,mobile
571,control,0,mobile
11712,treatment,0,desktop
7968,control,0,desktop
1866,control,0,mobile
9740,treatment,0,desktop
15706,treatment,0,mobile
684,control,0,desktop
7721,control,0,mobile
2191,control,0,desktop
11717,treatment,0,mobile
15693,treatment,0,desktop
4170,control,0,mobile
7543,control,0,desktop
12213,treatment,0,desktop
3409,control,0,desktop
9145,treatment,0,mobile
8803,treatment,0,mobile
12676,treatment,0,mobile
15996,treatment,0,desktop
10489,treatment,0,mobile
8753,treatment,0,mobile
11030,treatment,0,mobile
8628,treatment,0,mobile
11300,treatment,0,mobile
1597,control,0,mobile
2766,control,0,mobile
15574,treatment,0,desktop
14989,treatment,0,desktop
7647,control,0,desktop
3239,control,0,mobile
13776,treatment,0,mobile
6978,control,0,mobile
2602,control,0,mobile
9359,treatment,0,mobile
14726,treatment,0,mobile
5526,control,0,desktop
10795,treatment,0,mobile
13229,treatment,0,desktop
8854,treatment,0,desktop
13205,treatment,0,mobile
12654,treatment,0,desktop
8293,treatment,0,desktop
1468,control,0,mobile
4987,control,1,desktop
3773,control,0,desktop
11168,treatment,0,mobile
6356,control,0,mobile
982,control,0,desktop
14460,treatment,0,desktop
8093,treatment,0,desktop
7116,control,0,desktop
7061,control,0,desktop
14703,treatment,0,desktop
4490,control,1,mobile
2970,control,0,mobile
11166,treatment,1,mobile
1241,control,0,desktop
10966,treatment,1,desktop
10829,treatment,0,desktop
8981,treatment,0,mobile
3027,control,0,desktop
3216,control,0,mobile
12198,treatment,0,mobile
2421,control,1,desktop
3013,control,0,mobile
6353,control,0,mobile
4360,control,0,mobile
11171,treatment,0,desktop
2883,control,1,mobile
7479,control,0,mobile
14155,treatment,0,desktop
7746,control,0,desktop
3989,control,0,desktop
6926,control,0,mobile
1743,control,0,mobile
9568,treatment,0,mobile
6861,control,0,mobile
8398,treatment,0,mobile
1376,control,0,desktop
9199,treatment,1,mobile
14857,treatment,0,desktop
5944,control,0,mobile
14985,treatment,0,mobile
10914,treatment,0,mobile
1143,control,1,mobile
4160,control,0,mobile
2217,control,0,mobile
15466,treatment,0,mobile
8574,treatment,0,mobile
13403,treatment,0,mobile
12753,treatment,0,mobile
13964,treatment,1,mobile
9246,treatment,0,mobile
7229,control,0,desktop
3335,control,0,mobile
2981,control,1,desktop
5900,control,0,desktop
6581,control,0,desktop
9823,treatment,0,mobile
12025,treatment,0,mobile
5538,control,0,desktop
6013,control,0,mobile
10298,treatment,0,mobile
9545,treatment,0,mobile
8928,treatment,0,desktop
14870,treatment,0,mobile
13637,treatment,0,mobile
5107,control,0,desktop
15195,treatment,0,desktop
15090,treatment,0,desktop
10379,treatment,0,mobile
15032,treatment,0,desktop
3195,control,0,mobile
15361,treatment,0,mobile
5328,control,0,mobile
14239,treatment,0,desktop
9078,treatment,0,mobile
1651,control,0,mobile
3110,control,0,desktop
13715,treatment,0,desktop
12174,treatment,0,mobile
8965,treatment,0,mobile
5393,control,0,mobile
6447,control,0,desktop
6348,control,1,mobile
1008,control,0,desktop
8711,treatment,0,mobile
9996,treatment,0,desktop
12304,treatment,0,desktop
13289,treatment,0,desktop
9641,treatment,0,mobile
14487,treatment,0,desktop
472,control,0,mobile
3126,control,0,mobile
6205,control,0,desktop
1108,control,0,mobile
1797,control,0,desktop
10175,treatment,1,mobile
11832,treatment,0,mobile
10900,treatment,0,desktop
12495,treatment,0,mobile
14938,treatment,0,mobile
4100,control,0,desktop
6334,control,0,desktop
15929,treatment,0,desktop
1062,control,1,desktop
11313,treatment,0,mobile
14129,treatment,1,mobile
191,control,0,desktop
6892,control,0,desktop
8057,treatment,0,desktop
7409,control,0,mobile
5456,control,1,desktop
7270,control,0,desktop
10127,treatment,0,desktop
14251,treatment,0,mobile
1371,control,1,mobile
15356,treatment,1,desktop
11770,treatment,0,mobile
10763,treatment,0,mobile
8687,treatment,0,desktop
8303,treatment,0,desktop
3739,control,1,mobile
9248,treatment,0,desktop
790,control,0,desktop
14672,treatment,0,desktop
3221,control,0,mobile
8205,treatment,0,mobile
15724,treatment,0,mobile
12179,treatment,0,desktop
2929,control,0,mobile
1915,control,0,desktop
13151,treatment,0,mobile
12931,treatment,0,mobile
13027,treatment,0,mobile
11452,treatment,0,mobile
9126,treatment,1,mobile
5142,control,0,mobile
11152,treatment,0,desktop
5953,control,0,desktop
11200,treatment,0,desktop
10607,treatment,0,mobile
8230,treatment,1,mobile
9753,treatment,0,desktop
6073,control,0,mobile
4067,control,0,mobile
7811,control,0,mobile
13898,treatment,0,desktop
5235,control,0,mobile
5100,control,0,mobile
2458,control,0,desktop
1022,control,0,mobile
11780,treatment,1,desktop
13348,treatment,0,mobile
13336,treatment,1,desktop
9479,treatment,0,mobile
1285,control,0,mobile
4059,control,0,desktop
5036,control,0,desktop
10113,treatment,0,mobile
3768,control,0,mobile
8297,treatment,0,mobile
7836,control,0,mobile
3393,control,0,desktop
12536,treatment,0,desktop
14262,treatment,1,desktop
7295,control,0,mobile
1269,control,0,desktop
4616,control,1,mobile
4613,control,0,desktop
4725,control,0,mobile
927,control,0,desktop
5268,control,0,desktop
8856,treatment,0,mobile
14077,treatment,0,mobile
6743,control,0,desktop
9536,treatment,0,mobile
5992,control,0,mobile
11649,treatment,0,mobile
8851,treatment,0,desktop
4144,control,0,desktop
5902,control,0,mobile
13419,treatment,0,mobile
9554,treatment,0,desktop
6063,control,0,mobile
14136,treatment,0,desktop
7674,control,0,mobile
12444,treatment,0,mobile
5334,control,0,mobile
15436,treatment,0,desktop
13598,treatment,1,mobile
15252,treatment,0,mobile
7725,control,0,mobile
15259,treatment,0,mobile
8871,treatment,1,mobile
7809,control,0,mobile
10735,treatment,0,desktop
11534,treatment,0,mobile
15626,treatment,0,desktop
8358,treatment,0,desktop
11470,treatment,0,mobile
7813,control,0,mobile
10225,treatment,0,desktop
10624,treatment,0,mobile
14149,treatment,0,desktop
10727,treatment,0,mobile
12069,treatment,0,mobile
9799,treatment,0,mobile
231,control,0,desktop
11501,treatment,0,desktop
11843,treatment,0,mobile
12230,treatment,0,mobile
13604,treatment,0,desktop
15806,treatment,0,mobile
14160,treatment,0,mobile
3484,control,0,mobile
3508,control,0,desktop
13165,treatment,0,mobile
7949,control,0,mobile
9841,treatment,0,mobile
1927,control,1,desktop
11727,treatment,0,mobile
15544,treatment,0,mobile
15892,treatment,0,mobile
1851,control,0,desktop
15983,treatment,0,mobile
886,control,0,desktop
15627,treatment,1,mobile
13897,treatment,0,desktop
10501,treatment,0,mobile
5255,control,0,mobile
3234,control,0,mobile
14813,treatment,0,desktop
4027,control,0,desktop
7758,control,0,mobile
5993,control,0,mobile
7825,control,0,mobile
15102,treatment,0,desktop
6065,control,0,mobile
15419,treatment,0,mobile
10348,treatment,0,mobile
14572,treatment,0,mobile
7455,control,0,mobile
5607,control,0,mobile
3277,control,0,desktop
580,control,1,mobile
4116,control,0,mobile
12022,treatment,0,mobile
15024,treatment,0,mobile
14756,treatment,0,desktop
5110,control,0,mobile
4618,control,0,desktop
771,control,1,mobile
14395,treatment,0,desktop
1766,control,0,desktop
15296,treatment,0,desktop
7309,control,0,mobile
12669,treatment,1,desktop
495,control,0,desktop
1084,control,0,mobile
419,control,0,desktop
2549,control,0,mobile
14639,treatment,1,mobile
14133,treatment,0,desktop
15559,treatment,0,mobile
14057,treatment,1,mobile
13727,treatment,1,desktop
15357,treatment,1,mobile
11487,treatment,1,mobile
4698,control,0,mobile
11005,treatment,0,desktop
15221,treatment,0,desktop
6469,control,0,desktop
2319,control,1,mobile
13562,treatment,0,desktop
1725,control,0,mobile
2139,control,0,mobile
10457,treatment,0,desktop
5635,control,1,desktop
7263,control,0,mobile
481,control,0,desktop
4706,control,1,desktop
6302,control,0,mobile
2951,control,0,mobile
10397,treatment,0,mobile
12992,treatment,0,mobile
11869,treatment,0,desktop
13706,treatment,0,mobile
10332,treatment,0,mobile
1045,control,0,desktop
10819,treatment,0,mobile
13294,treatment,0,mobile
14667,treatment,0,mobile
6619,control,0,mobile
6759,control,0,mobile
6323,control,0,mobile
6386,control,0,mobile
7058,control,1,desktop
13764,treatment,0,mobile
8962,treatment,0,desktop
6375,control,0,mobile
5585,control,0,desktop
1420,control,0,mobile
11044,treatment,0,desktop
3754,control,0,mobile
5101,control,0,desktop
5062,control,0,mobile
7605,control,0,desktop
5210,control,0,mobile
627,control,0,mobile
10801,treatment,0,mobile
9381,treatment,0,desktop
6282,control,0,desktop
14502,treatment,0,desktop
639,control,0,desktop
5018,control,0,desktop
9745,treatment,1,mobile
6838,control,0,mobile
13711,treatment,0,desktop
27,control,0,desktop
12756,treatment,0,desktop
13503,treatment,0,mobile
13661,treatment,0,desktop
4984,control,0,desktop
13935,treatment,1,desktop
5450,control,1,mobile
11399,treatment,0,mobile
8271,treatment,0,mobile
8586,treatment,0,desktop
1635,control,0,mobile
12849,treatment,0,mobile
3588,control,0,desktop
4648,control,0,desktop
1564,control,0,desktop
4306,control,0,mobile
15595,treatment,0,desktop
14788,treatment,0,mobile
12699,treatment,0,desktop
12144,treatment,0,desktop
13037,treatment,0,mobile
10347,treatment,0,desktop
14193,treatment,0,mobile
6968,control,0,mobile
11404,treatment,0,mobile
8246,treatment,0,mobile
7322,control,0,mobile
12696,treatment,0,desktop
3423,control,0,desktop
8074,treatment,0,desktop
10359,treatment,0,mobile
14006,treatment,0,desktop
2950,control,0,mobile
7895,control,0,desktop
5763,control,0,mobile
1336,control,0,desktop
11027,treatment,0,mobile
2739,control,0,mobile
12337,treatment,0,mobile
8387,treatment,1,mobile
13774,treatment,1,mobile
1789,control,0,desktop
13867,treatment,0,mobile
8786,treatment,0,desktop
8554,treatment,0,mobile
6524,control,0,desktop
5317,control,0,desktop
11925,treatment,0,mobile
10926,treatment,0,desktop
7816,control,0,mobile
2275,control,0,desktop
12682,treatment,0,mobile
10459,treatment,0,mobile
2514,control,0,mobile
7558,control,0,mobile
5071,control,0,desktop
8964,treatment,0,mobile
3678,control,0,mobile
14,control,0,desktop
14011,treatment,0,mobile
3209,control,0,mobile
8313,treatment,0,desktop
4158,control,0,mobile
2085,control,0,mobile
9020,treatment,0,mobile
3169,control,0,mobile
2383,control,0,mobile
12499,treatment,0,mobile
12217,treatment,0,desktop
13926,treatment,0,mobile
7568,control,1,desktop
7251,control,0,mobile
4588,control,0,mobile
7790,control,0,desktop
12378,treatment,0,mobile
15561,treatment,1,mobile
15939,treatment,0,mobile
623,control,0,mobile
1681,control,0,mobile
2655,control,0,mobile
4324,control,0,desktop
9223,treatment,0,mobile
2636,control,0,mobile
3173,control,0,desktop
1971,control,0,desktop
12297,treatment,0,mobile
6802,control,1,mobile
11013,treatment,0,mobile
14177,treatment,1,desktop
899,control,0,mobile
12418,treatment,0,desktop
13112,treatment,0,mobile
10115,treatment,0,desktop
4052,control,0,desktop
4540,control,0,desktop
359,control,0,mobile
5390,control,0,desktop
3724,control,0,desktop
9191,treatment,0,mobile
9326,treatment,0,mobile
2333,control,0,desktop
11303,treatment,0,mobile
188,control,0,mobile
15047,treatment,0,mobile
3956,control,1,mobile
13831,treatment,0,desktop
2007,control,0,desktop
13420,treatment,0,mobile
8384,treatment,0,desktop
9086,treatment,0,mobile
1875,control,0,mobile
10325,treatment,0,mobile
10644,treatment,0,mobile
8141,treatment,1,mobile
2764,control,0,desktop
7937,control,0,desktop
6466,control,0,mobile
15684,treatment,0,mobile
3138,control,0,mobile
12796,treatment,1,mobile
8449,treatment,0,mobile
4625,control,0,mobile
1063,control,0,desktop
9336,treatment,0,mobile
6391,control,1,mobile
1833,control,1,desktop
7734,control,0,desktop
5860,control,0,desktop
5134,control,0,desktop
8664,treatment,0,mobile
4999,control,1,desktop
14868,treatment,0,mobile
760,control,0,mobile
3091,control,0,desktop
3416,control,0,mobile
11797,treatment,0,desktop
15394,treatment,0,desktop
3642,control,1,mobile
14545,treatment,1,mobile
4487,control,0,mobile
5461,control,0,desktop
5719,control,1,desktop
4988,control,0,desktop
6418,control,0,mobile
1632,control,1,desktop
653,control,0,desktop
6817,control,0,mobile
13354,treatment,0,desktop
10340,treatment,0,mobile
12036,treatment,0,desktop
13877,treatment,0,mobile
13371,treatment,0,mobile
15518,treatment,0,mobile
10281,treatment,0,mobile
152,control,0,desktop
10506,treatment,0,mobile
11598,treatment,1,mobile
3809,control,0,mobile
5886,control,0,desktop
11701,treatment,0,mobile
6881,control,0,mobile
920,control,0,mobile
6407,control,0,mobile
2580,control,0,mobile
3004,control,0,desktop
10906,treatment,0,mobile
5825,control,0,mobile
14334,treatment,0,mobile
9442,treatment,1,desktop
3993,control,0,mobile
2851,control,0,mobile
13305,treatment,0,mobile
6591,control,0,desktop
12284,treatment,0,mobile
11783,treatment,0,desktop
10894,treatment,0,mobile
6698,control,0,mobile
3795,control,0,mobile
5889,control,0,desktop
11735,treatment,0,mobile
3023,control,1,desktop
12129,treatment,0,desktop
10060,treatment,0,mobile
2237,control,0,mobile
8903,treatment,0,desktop
4000,control,0,mobile
15073,treatment,0,mobile
11398,treatment,0,mobile
1130,control,0,mobile
5434,control,0,mobile
3567,control,0,desktop
6830,control,0,mobile
11849,treatment,0,desktop
15253,treatment,0,mobile
7353,control,0,mobile
9205,treatment,0,mobile
842,control,0,desktop
15078,treatment,0,mobile
10305,treatment,0,mobile
6414,control,0,mobile
11771,treatment,1,mobile
4514,control,0,mobile
11133,treatment,0,mobile
3164,control,0,mobile
1442,control,0,desktop
9806,treatment,0,mobile
10709,treatment,0,mobile
4871,control,0,desktop
13936,treatment,1,mobile
3867,control,0,mobile
3451,control,0,mobile
8509,treatment,0,mobile
7500,control,0,desktop
2998,control,0,mobile
880,control,0,desktop
6346,control,0,mobile
3679,control,1,desktop
7019,control,0,mobile
11908,treatment,0,desktop
331,control,0,mobile
9866,treatment,0,mobile
8979,treatment,0,mobile
5975,control,1,desktop
9691,treatment,0,desktop
4129,control,0,desktop
14351,treatment,0,mobile
12984,treatment,0,mobile
14002,treatment,0,mobile
2418,control,0,mobile
1439,control,0,mobile
1982,control,0,desktop
13460,treatment,0,mobile
6315,control,0,desktop
4760,control,0,mobile
12688,treatment,0,desktop
9203,treatment,0,mobile
9526,treatment,0,desktop
6366,control,0,desktop
11441,treatment,0,mobile
5238,control,0,mobile
7217,control,0,desktop
10242,treatment,0,mobile
1849,control,0,mobile
11031,treatment,0,mobile
15908,treatment,0,mobile
12317,treatment,0,mobile
3769,control,0,mobile
2926,control,0,desktop
7257,control,0,desktop
14789,treatment,0,desktop
7341,control,0,mobile
8083,treatment,1,mobile
2847,control,0,mobile
10396,treatment,0,mobile
14099,treatment,0,mobile
2789,control,0,desktop
8548,treatment,0,desktop
5237,control,0,desktop
11110,treatment,0,desktop
14324,treatment,0,mobile
2759,control,1,mobile
14595,treatment,1,mobile
13274,treatment,1,mobile
8134,treatment,0,desktop
10300,treatment,0,mobile
4543,control,0,desktop
4869,control,0,mobile
14592,treatment,0,mobile
12774,treatment,0,desktop
7045,control,0,mobile
5630,control,0,mobile
9620,treatment,0,desktop
11024,treatment,0,mobile
6999,control,0,desktop
3441,control,0,mobile
4528,control,1,mobile
11589,treatment,0,desktop
12496,treatment,0,mobile
6722,control,0,desktop
7748,control,1,desktop
9994,treatment,0,mobile
8942,treatment,0,mobile
7291,control,0,desktop
379,control,0,mobile
8276,treatment,0,mobile
15469,treatment,0,mobile
5623,control,0,desktop
4225,control,0,desktop
2524,control,0,desktop
9624,treatment,0,mobile
6279,control,0,desktop
10045,treatment,1,mobile
13088,treatment,0,desktop
7316,control,0,desktop
7975,control,0,mobile
14319,treatment,0,mobile
6288,control,0,mobile
4308,control,0,desktop
523,control,1,desktop
5642,control,0,desktop
14988,treatment,0,mobile
7368,control,0,mobile
2296,control,0,mobile
11035,treatment,0,mobile
9494,treatment,0,desktop
7740,control,0,desktop
8304,treatment,0,mobile
14691,treatment,0,mobile
8881,treatment,0,desktop
9781,treatment,0,desktop
11896,treatment,0,mobile
5804,control,0,mobile
4727,control,0,mobile
9049,treatment,0,desktop
3322,control,0,mobile
11209,treatment,0,desktop
10376,treatment,0,mobile
470,control,0,desktop
3147,control,0,desktop
15982,treatment,0,mobile
3937,control,0,mobile
11232,treatment,0,desktop
6426,control,0,mobile
13816,treatment,0,mobile
15956,treatment,0,desktop
7833,control,0,desktop
10223,treatment,0,mobile
7152,control,0,mobile
14357,treatment,0,mobile
11499,treatment,0,desktop
12083,treatment,0,desktop
4211,control,0,desktop
6016,control,0,mobile
11437,treatment,0,mobile
8546,treatment,0,desktop
14670,treatment,0,desktop
8300,treatment,1,mobile
11212,treatment,0,mobile
13525,treatment,0,mobile
4461,control,0,mobile
9,control,0,mobile
7301,control,0,mobile
9837,treatment,0,desktop
7422,control,0,desktop
14618,treatment,0,desktop
873,control,0,desktop
2674,control,1,desktop
4066,control,0,mobile
2753,control,0,desktop
1850,control,1,desktop
13477,treatment,1,desktop
9520,treatment,0,mobile
8244,treatment,0,desktop
12747,treatment,0,desktop
4046,control,0,desktop
629,control,0,mobile
3241,control,1,desktop
3714,control,0,desktop
6936,control,0,desktop
12530,treatment,0,desktop
5422,control,0,mobile
10941,treatment,0,mobile
9499,treatment,1,desktop
15853,treatment,0,mobile
15758,treatment,0,mobile
9717,treatment,0,desktop
9684,treatment,1,mobile
2030,control,0,mobile
6057,control,0,desktop
6124,control,1,mobile
14787,treatment,0,desktop
5098,control,0,mobile
11145,treatment,0,mobile
9714,treatment,0,desktop
4333,control,0,mobile
12251,treatment,0,desktop
13981,treatment,0,mobile
12920,treatment,1,mobile
2236,control,0,mobile
8248,treatment,1,mobile
6260,control,0,mobile
9454,treatment,0,mobile
10520,treatment,0,desktop
341,control,1,mobile
4629,control,0,mobile
3827,control,0,mobile
10679,treatment,0,desktop
15204,treatment,0,mobile
3535,control,0,mobile
9518,treatment,0,desktop
9385,treatment,0,mobile
14824,treatment,0,mobile
8675,treatment,0,mobile
14103,treatment,0,mobile
4836,control,0,mobile
476,control,0,desktop
9303,treatment,0,desktop
10003,treatment,0,desktop
7572,control,0,desktop
672,control,0,mobile
13983,treatment,0,mobile
5518,control,0,mobile
13340,treatment,0,mobile
8380,treatment,1,mobile
11259,treatment,0,mobile
8716,treatment,0,mobile
5574,control,1,mobile
14798,treatment,0,mobile
7117,control,0,mobile
1129,control,0,desktop
2472,control,1,mobile
8009,treatment,0,desktop
5899,control,0,mobile
2100,control,0,desktop
6316,control,0,mobile
15029,treatment,0,desktop
7513,control,0,mobile
1205,control,0,mobile
616,control,0,desktop
7130,control,1,mobile
237,control,0,desktop
15400,treatment,0,mobile
12802,treatment,0,mobile
12770,treatment,0,desktop
3524,control,0,desktop
11886,treatment,0,desktop
12462,treatment,1,desktop
8315,treatment,0,desktop
13589,treatment,0,desktop
14927,treatment,0,mobile
6752,control,1,desktop
1445,control,0,mobile
10121,treatment,0,mobile
15613,treatment,0,mobile
8661,treatment,0,mobile
4391,control,0,mobile
5746,control,0,desktop
7856,control,0,desktop
9723,treatment,0,mobile
7144,control,0,desktop
6119,control,0,desktop
14411,treatment,1,desktop
6708,control,0,mobile
8611,treatment,0,mobile
9895,treatment,0,mobile
4915,control,0,mobile
4186,control,0,mobile
9143,treatment,1,desktop
13007,treatment,0,mobile
14888,treatment,0,desktop
9102,treatment,0,mobile
13977,treatment,0,mobile
2266,control,1,desktop
13209,treatment,0,mobile
7165,control,0,mobile
7453,control,1,desktop
3042,control,0,desktop
10695,treatment,1,mobile
11547,treatment,0,mobile
7212,control,0,desktop
5533,control,0,mobile
14922,treatment,0,mobile
8059,treatment,0,desktop
1138,control,0,desktop
2824,control,0,mobile
15046,treatment,0,desktop
12384,treatment,0,mobile
4631,control,0,mobile
5668,control,0,desktop
8916,treatment,0,desktop
14466,treatment,1,desktop
15304,treatment,0,mobile
15446,treatment,1,mobile
2375,control,0,mobile
1418,control,0,desktop
13223,treatment,0,mobile
7945,control,0,mobile
9258,treatment,1,desktop
4019,control,0,mobile
14628,treatment,0,desktop
15416,treatment,0,mobile
14356,treatment,0,mobile
15255,treatment,0,desktop
8084,treatment,0,mobile
8686,treatment,0,desktop
14371,treatment,0,desktop
6731,control,0,mobile
4368,control,1,mobile
1543,control,0,mobile
217,control,0,desktop
12261,treatment,0,desktop
9478,treatment,1,mobile
1603,control,0,desktop
8823,treatment,0,desktop
11196,treatment,0,desktop
3623,control,0,desktop
14565,treatment,0,desktop
6022,control,0,desktop
12982,treatment,0,desktop
15276,treatment,1,desktop
4750,control,0,mobile
3694,control,0,desktop
14849,treatment,1,mobile
1843,control,0,desktop
6513,control,1,desktop
11850,treatment,0,mobile
4310,control,0,mobile
11344,treatment,0,desktop
65,control,0,desktop
2067,control,0,desktop
12131,treatment,0,desktop
11831,treatment,0,mobile
14259,treatment,0,mobile
913,control,0,desktop
4927,control,0,mobile
11179,treatment,0,mobile
6624,control,0,desktop
5289,control,0,desktop
14847,treatment,0,mobile
98,control,0,desktop
14067,treatment,1,mobile
5416,control,0,desktop
3465,control,0,desktop
13645,treatment,0,mobile
461,control,0,mobile
10200,treatment,0,mobile
7145,control,0,mobile
9140,treatment,1,mobile
3184,control,0,mobile
8460,treatment,1,mobile
12194,treatment,0,mobile
2874,control,0,desktop
2972,control,1,desktop
1522,control,0,mobile
8872,treatment,1,mobile
15189,treatment,0,mobile
9010,treatment,0,mobile
6914,control,0,desktop
12643,treatment,0,mobile
11660,treatment,1,desktop
8228,treatment,0,mobile
6379,control,1,mobile
5400,control,0,mobile
13026,treatment,0,mobile
9484,treatment,0,mobile
8194,treatment,0,mobile
10592,treatment,1,desktop
7627,control,0,mobile
1753,control,0,desktop
12222,treatment,0,desktop
2762,control,0,mobile
674,control,0,mobile
10912,treatment,0,mobile
14462,treatment,0,mobile
11218,treatment,0,mobile
13679,treatment,0,mobile
7620,control,0,desktop
141,control,0,desktop
7564,control,0,mobile
10207,treatment,0,mobile
3264,control,0,mobile
4977,control,0,mobile
7162,control,0,mobile
14488,treatment,1,desktop
1788,control,0,mobile
12905,treatment,0,mobile
9201,treatment,0,desktop
7661,control,0,mobile
3610,control,1,desktop
7781,control,0,mobile
3308,control,0,desktop
15985,treatment,0,mobile
15585,treatment,0,desktop
15435,treatment,0,mobile
11644,treatment,0,desktop
9619,treatment,0,mobile
9313,treatment,0,desktop
10562,treatment,0,desktop
6530,control,0,mobile
9388,treatment,0,desktop
11796,treatment,0,mobile
6614,control,1,desktop
13775,treatment,0,mobile
7650,control,0,mobile
5427,control,0,desktop
1862,control,0,mobile
5027,control,0,desktop
4028,control,0,mobile
7142,control,0,mobile
15010,treatment,0,desktop
6988,control,0,desktop
5619,control,0,mobile
2660,control,1,mobile
15280,treatment,0,mobile
1242,control,0,mobile
2219,control,0,desktop
8072,treatment,0,desktop
15911,treatment,0,mobile
5818,control,0,desktop
7870,control,1,mobile
10734,treatment,0,mobile
4493,control,0,desktop
15999,treatment,0,mobile
15077,treatment,0,mobile
6684,control,0,mobile
3595,control,1,desktop
8023,treatment,0,mobile
12423,treatment,0,mobile
1536,control,0,mobile
11876,treatment,0,desktop
8252,treatment,0,mobile
4023,control,0,mobile
10152,treatment,0,desktop
291,control,0,desktop
4630,control,0,mobile
991,control,0,desktop
5475,control,0,mobile
2361,control,0,desktop
12724,treatment,0,desktop
13638,treatment,0,desktop
2666,control,0,mobile
2288,control,0,mobile
4747,control,0,desktop
12141,treatment,0,mobile
1560,control,0,mobile
3380,control,0,mobile
2971,control,0,desktop
4584,control,0,desktop
6670,control,0,mobile
11074,treatment,0,desktop
1773,control,1,desktop
10971,treatment,1,desktop
2291,control,0,mobile
1679,control,0,mobile
4442,control,0,mobile
9506,treatment,0,desktop
6557,control,0,mobile
1582,control,0,mobile
9045,treatment,0,mobile
7311,control,0,desktop
12257,treatment,1,mobile
8285,treatment,1,mobile
3382,control,0,desktop
12447,treatment,0,desktop
10161,treatment,1,mobile
1451,control,0,mobile
8220,treatment,0,mobile
7221,control,0,mobile
15480,treatment,0,desktop
7105,control,0,mobile
12469,treatment,0,desktop
10633,treatment,0,mobile
5297,control,1,desktop
6413,control,0,desktop
9683,treatment,0,mobile
2391,control,0,mobile
4553,control,0,desktop
15343,treatment,0,mobile
7485,control,0,desktop
1775,control,0,desktop
2470,control,0,desktop
12546,treatment,0,mobile
13520,treatment,0,desktop
14263,treatment,0,mobile
7038,control,0,desktop
10936,treatment,0,mobile
9398,treatment,0,mobile
13034,treatment,0,desktop
9305,treatment,0,mobile
13290,treatment,0,desktop
14456,treatment,0,mobile
5622,control,0,desktop
6588,control,1,desktop
3699,control,0,mobile
3752,control,0,mobile
9229,treatment,0,desktop
12787,treatment,0,desktop
3056,control,1,mobile
8623,treatment,0,mobile
8112,treatment,0,mobile
3244,control,0,desktop
15736,treatment,0,desktop
2544,control,0,desktop
11972,treatment,0,desktop
5299,control,0,desktop
12407,treatment,1,mobile
11856,treatment,0,desktop
5458,control,0,desktop
9208,treatment,1,desktop
3940,control,0,mobile
1758,control,0,mobile
3317,control,1,desktop
14288,treatment,1,desktop
5836,control,0,desktop
5225,control,0,mobile
10295,treatment,0,mobile
12126,treatment,0,desktop
8513,treatment,1,desktop
10588,treatment,1,desktop
10310,treatment,0,desktop
12987,treatment,0,desktop
2343,control,0,desktop
578,control,0,mobile
4770,control,0,desktop
7022,control,0,mobile
6932,control,0,desktop
9273,treatment,0,mobile
13182,treatment,0,desktop
10474,treatment,0,desktop
8400,treatment,0,mobile
13825,treatment,0,mobile
6297,control,0,desktop
9594,treatment,1,mobile
14018,treatment,1,mobile
6554,control,0,mobile
6523,control,0,desktop
6929,control,0,mobile
6427,control,0,desktop
984,control,0,mobile
11555,treatment,0,mobile
5772,control,0,desktop
786,control,1,mobile
9892,treatment,0,mobile
2573,control,0,mobile
6859,control,0,mobile
10166,treatment,0,mobile
11374,treatment,0,mobile
11308,treatment,0,desktop
11326,treatment,0,mobile
501,control,0,mobile
3653,control,1,desktop
7766,control,0,mobile
1995,control,0,mobile
364,control,0,mobile
6214,control,0,desktop
11098,treatment,0,mobile
6398,control,0,desktop
1362,control,1,desktop
293,control,0,mobile
6680,control,0,mobile
11514,treatment,0,mobile
12933,treatment,0,desktop
94,control,0,desktop
4148,control,0,mobile
9906,treatment,0,mobile
1713,control,0,desktop
13380,treatment,0,mobile
7562,control,1,mobile
4376,control,0,desktop
13698,treatment,0,mobile
11934,treatment,0,desktop
10898,treatment,0,mobile
7583,control,0,desktop
7421,control,0,mobile
15688,treatment,0,mobile
9556,treatment,0,mobile
3935,control,0,desktop
11395,treatment,0,mobile
9054,treatment,0,desktop
15512,treatment,0,mobile
939,control,0,mobile
2136,control,0,desktop
15290,treatment,0,mobile
11888,treatment,0,desktop
11969,treatment,0,mobile
10723,treatment,1,desktop
5760,control,0,mobile
7248,control,0,desktop
225,control,1,desktop
7104,control,0,desktop
1524,control,0,desktop
10581,treatment,0,mobile
3276,control,0,mobile
437,control,1,mobile
13916,treatment,1,desktop
14874,treatment,0,desktop
3310,control,0,mobile
9236,treatment,1,mobile
13046,treatment,1,mobile
11298,treatment,0,desktop
5558,control,0,mobile
4974,control,0,mobile
6608,control,1,desktop
9775,treatment,0,desktop
5435,control,0,mobile
6267,control,0,mobile
7073,control,0,desktop
5950,control,0,mobile
769,control,0,desktop
7960,control,0,desktop
6176,control,0,mobile
2597,control,0,mobile
5320,control,0,mobile
7115,control,0,mobile
14643,treatment,0,mobile
9529,treatment,1,desktop
6935,control,0,desktop
11634,treatment,1,desktop
2105,control,0,mobile
3044,control,0,desktop
12176,treatment,1,desktop
10124,treatment,0,mobile
303,control,0,mobile
15473,treatment,0,mobile
6132,control,0,desktop
465,control,0,desktop
7021,control,0,mobile
569,control,0,desktop
12516,treatment,0,mobile
10011,treatment,0,mobile
1527,control,0,mobile
2989,control,0,desktop
1965,control,0,desktop
2280,control,1,mobile
6468,control,0,mobile
7686,control,0,desktop
13222,treatment,0,mobile
2102,control,0,desktop
1144,control,0,desktop
9228,treatment,0,mobile
13909,treatment,0,desktop
13914,treatment,0,desktop
4122,control,0,desktop
1824,control,0,mobile
8495,treatment,0,desktop
15910,treatment,0,desktop
15164,treatment,0,desktop
10008,treatment,1,desktop
7890,control,0,mobile
13546,treatment,0,mobile
2448,control,0,mobile
10155,treatment,1,desktop
5862,control,0,mobile
774,control,0,desktop
12665,treatment,0,mobile
1088,control,1,desktop
5640,control,0,desktop
12046,treatment,0,mobile
5154,control,0,mobile
12996,treatment,0,mobile
5251,control,0,mobile
6167,control,0,mobile
9659,treatment,1,mobile
14898,treatment,0,desktop
5917,control,0,mobile
3541,control,0,mobile
9722,treatment,0,desktop
4887,control,0,mobile
10539,treatment,0,mobile
8332,treatment,0,desktop
10079,treatment,0,mobile
7665,control,0,desktop
339,control,0,mobile
4357,control,0,desktop
15425,treatment,0,mobile
14641,treatment,0,desktop
2617,control,1,mobile
254,control,0,mobile
15396,treatment,0,desktop
3893,control,1,desktop
10718,treatment,0,mobile
12286,treatment,0,mobile
12157,treatment,0,mobile
12911,treatment,0,mobile
12749,treatment,0,desktop
4008,control,0,desktop
6715,control,0,mobile
5802,control,0,desktop
11351,treatment,0,mobile
8902,treatment,0,mobile
9758,treatment,0,mobile
765,control,0,desktop
15398,treatment,0,mobile
12258,treatment,1,mobile
734,control,0,mobile
9146,treatment,0,mobile
6766,control,0,desktop
2475,control,0,mobile
8465,treatment,0,desktop
15034,treatment,0,desktop
8654,treatment,0,desktop
3513,control,0,desktop
2882,control,0,desktop
8779,treatment,0,mobile
12389,treatment,0,mobile
5465,control,0,mobile
4806,control,0,mobile
1986,control,0,mobile
13847,treatment,0,mobile
13358,treatment,1,desktop
1284,control,0,desktop
11042,treatment,0,desktop
1194,control,1,mobile
3854,control,0,mobile
6958,control,0,mobile
7974,control,0,mobile
15647,treatment,0,desktop
2209,control,0,mobile
6091,control,0,mobile
9558,treatment,0,mobile
8683,treatment,0,desktop
7057,control,0,desktop
3575,control,0,mobile
6089,control,0,desktop
14831,treatment,0,mobile
4448,control,0,mobile
2235,control,0,desktop
3076,control,0,desktop
9411,treatment,0,mobile
11911,treatment,0,desktop
13810,treatment,0,desktop
13600,treatment,0,desktop
8592,treatment,0,mobile
9068,treatment,1,desktop
1190,control,0,mobile
1101,control,0,mobile
342,control,1,desktop
12600,treatment,0,mobile
2025,control,0,desktop
3061,control,0,mobile
3806,control,0,desktop
15081,treatment,0,mobile
3114,control,0,mobile
8614,treatment,0,mobile
14581,treatment,0,desktop
5498,control,0,mobile
11994,treatment,0,desktop
15316,treatment,0,mobile
6886,control,0,mobile
7308,control,0,desktop
9294,treatment,0,desktop
4362,control,0,desktop
10708,treatment,1,desktop
14828,treatment,0,mobile
2536,control,0,desktop
11764,treatment,1,mobile
10496,treatment,0,mobile
15330,treatment,0,mobile
830,control,1,desktop
3974,control,0,desktop
2973,control,0,desktop
4769,control,0,mobile
13555,treatment,0,mobile
12109,treatment,0,mobile
7998,control,0,desktop
3755,control,0,desktop
1131,control,0,mobile
7578,control,0,mobile
10266,treatment,0,mobile
3647,control,0,mobile
13278,treatment,0,desktop
1452,control,0,mobile
11056,treatment,1,mobile
1106,control,0,mobile
5069,control,0,desktop
9963,treatment,0,desktop
8591,treatment,0,mobile
839,control,1,desktop
8990,treatment,0,mobile
12760,treatment,0,mobile
14412,treatment,0,mobile
15644,treatment,0,mobile
11413,treatment,1,desktop
5063,control,1,mobile
4173,control,0,mobile
7590,control,0,mobile
11602,treatment,0,mobile
5555,control,0,desktop
9527,treatment,0,desktop
8258,treatment,0,desktop
1748,control,0,mobile
4215,control,0,desktop
14881,treatment,0,desktop
9351,treatment,0,mobile
4123,control,1,mobile
3052,control,0,mobile
8718,treatment,0,mobile
12830,treatment,0,mobile
3194,control,0,mobile
13824,treatment,0,mobile
9867,treatment,0,desktop
13287,treatment,0,desktop
11422,treatment,0,mobile
12277,treatment,0,mobile
13662,treatment,0,mobile
6553,control,0,mobile
5318,control,0,mobile
9935,treatment,1,mobile
8525,treatment,0,mobile
11445,treatment,0,desktop
6668,control,0,desktop
11829,treatment,0,desktop
3102,control,0,desktop
599,control,0,mobile
9834,treatment,1,mobile
4015,control,1,mobile
3155,control,0,desktop
12973,treatment,0,mobile
5556,control,0,mobile
13343,treatment,0,mobile
1416,control,0,desktop
4573,control,0,desktop
229,control,0,mobile
7173,control,0,desktop
4723,control,1,mobile
499,control,0,desktop
4104,control,0,mobile
6074,control,0,mobile
903,control,0,desktop
6110,control,0,mobile
7476,control,1,desktop
13826,treatment,0,mobile
15099,treatment,0,desktop
6385,control,0,mobile
13963,treatment,0,desktop
2366,control,0,desktop
13886,treatment,0,mobile
5021,control,1,mobile
1238,control,0,desktop
893,control,0,desktop
11479,treatment,0,mobile
9412,treatment,0,mobile
9142,treatment,0,desktop
15802,treatment,0,mobile
79,control,0,mobile
10769,treatment,0,desktop
10875,treatment,0,mobile
14265,treatment,0,desktop
4348,control,0,desktop
13459,treatment,0,mobile
8151,treatment,0,mobile
4218,control,0,mobile
15385,treatment,0,desktop
10209,treatment,0,mobile
13315,treatment,1,desktop
13038,treatment,0,mobile
11959,treatment,0,desktop
15971,treatment,0,mobile
9105,treatment,0,desktop
14513,treatment,0,desktop
6512,control,0,mobile
9682,treatment,0,mobile
1282,control,0,mobile
6779,control,0,mobile
2308,control,0,desktop
2119,control,0,desktop
5008,control,0,mobile
4932,control,0,mobile
15493,treatment,1,mobile
6255,control,1,desktop
3585,control,0,desktop
6767,control,0,mobile
9434,treatment,0,mobile
8086,treatment,1,desktop
11170,treatment,0,desktop
159,control,0,mobile
1709,control,0,mobile
8071,treatment,0,mobile
10618,treatment,0,mobile
5033,control,0,desktop
5209,control,0,mobile
15331,treatment,0,desktop
6757,control,0,desktop
9443,treatment,0,mobile
5644,control,0,mobile
9301,treatment,0,mobile
10284,treatment,0,desktop
14110,treatment,0,mobile
5051,control,0,desktop
3156,control,0,desktop
8476,treatment,0,desktop
13569,treatment,1,desktop
6850,control,0,mobile
11438,treatment,0,mobile
1979,control,0,mobile
13906,treatment,0,mobile
1793,control,0,mobile
7939,control,0,desktop
14024,treatment,0,desktop
755,control,0,mobile
2095,control,0,mobile
3780,control,0,mobile
12239,treatment,0,desktop
15701,treatment,0,mobile
10198,treatment,0,mobile
9786,treatment,0,mobile
2476,control,0,mobile
2481,control,0,mobile
12968,treatment,0,desktop
10322,treatment,0,mobile
13521,treatment,0,mobile
2645,control,0,desktop
5669,control,0,desktop
15178,treatment,0,desktop
12889,treatment,0,desktop
1671,control,1,mobile
9918,treatment,1,mobile
13649,treatment,0,desktop
6148,control,1,desktop
968,control,0,desktop
14680,treatment,0,mobile
12040,treatment,1,desktop
10239,treatment,0,mobile
15388,treatment,0,mobile
8243,treatment,0,mobile
5771,control,0,mobile
7973,control,1,desktop
12336,treatment,0,mobile
2553,control,0,desktop
4655,control,0,desktop
13857,treatment,1,mobile
2023,control,0,desktop
1209,control,0,desktop
1152,control,0,mobile
10,control,0,mobile
13540,treatment,0,desktop
1708,control,0,desktop
14996,treatment,0,mobile
13181,treatment,0,mobile
4128,control,0,desktop
15873,treatment,0,desktop
5963,control,0,desktop
6093,control,0,mobile
10089,treatment,1,mobile
12861,treatment,0,mobile
3445,control,0,mobile
11472,treatment,0,mobile
13188,treatment,0,mobile
15894,treatment,0,desktop
6220,control,0,mobile
5908,control,0,mobile
1673,control,0,desktop
14709,treatment,0,mobile
15833,treatment,0,mobile
7717,control,0,mobile
3636,control,0,mobile
428,control,0,mobile
7523,control,0,desktop
13020,treatment,0,desktop
2537,control,0,mobile
15444,treatment,0,desktop
8739,treatment,0,mobile
14041,treatment,0,mobile
4359,control,0,mobile
4351,control,0,mobile
2534,control,0,desktop
6658,control,0,mobile
3961,control,0,desktop
172,control,0,mobile
5273,control,0,desktop
1540,control,0,mobile
15179,treatment,0,desktop
9675,treatment,0,mobile
10099,treatment,0,mobile
13072,treatment,0,mobile
13279,treatment,0,mobile
13263,treatment,1,mobile
1901,control,0,desktop
8886,treatment,0,desktop
14937,treatment,0,mobile
4903,control,0,mobile
12483,treatment,0,desktop
6212,control,0,mobile
15513,treatment,0,desktop
10289,treatment,0,desktop
12268,treatment,0,mobile
13292,treatment,0,mobile
7972,control,0,desktop
4878,control,0,desktop
15628,treatment,0,mobile
12781,treatment,1,desktop
542,control,0,desktop
13220,treatment,0,mobile
15868,treatment,0,mobile
6659,control,0,desktop
2679,control,0,desktop
11936,treatment,0,desktop
15779,treatment,0,desktop
2729,control,0,desktop
9075,treatment,0,desktop
14055,treatment,0,desktop
3289,control,0,desktop
9343,treatment,0,mobile
14974,treatment,0,desktop
9364,treatment,0,mobile
7052,control,1,mobile
1447,control,0,mobile
11449,treatment,0,desktop
6733,control,0,mobile
2839,control,0,mobile
7519,control,0,mobile
7289,control,0,desktop
9522,treatment,0,desktop
9062,treatment,0,desktop
15730,treatment,0,mobile
76,control,0,mobile
6780,control,0,desktop
827,control,0,mobile
13978,treatment,0,mobile
9724,treatment,0,desktop
12710,treatment,0,mobile
10943,treatment,0,desktop
6762,control,0,desktop
3784,control,0,mobile
11342,treatment,0,desktop
2388,control,0,desktop
2463,control,0,mobile
15403,treatment,0,mobile
13635,treatment,0,desktop
13376,treatment,1,mobile
946,control,0,mobile
12716,treatment,0,mobile
5853,control,0,desktop
7113,control,0,desktop
10918,treatment,0,desktop
15122,treatment,1,mobile
14981,treatment,0,desktop
2873,control,0,mobile
1116,control,0,desktop
4219,control,0,desktop
5689,control,0,mobile
7426,control,0,desktop
226,control,0,desktop
8459,treatment,0,mobile
6900,control,0,mobile
10049,treatment,0,desktop
13298,treatment,0,desktop
15888,treatment,0,desktop
6774,control,1,desktop
7174,control,0,mobile
9038,treatment,1,mobile
573,control,0,mobile
14212,treatment,0,mobile
11992,treatment,0,mobile
3180,control,0,mobile
3233,control,0,desktop
3673,control,0,mobile
155,control,0,desktop
8669,treatment,0,mobile
3711,control,0,desktop
4088,control,0,mobile
6226,control,0,desktop
3088,control,0,mobile
3952,control,0,mobile
5787,control,0,desktop
4375,control,0,desktop
13184,treatment,0,mobile
15667,treatment,1,mobile
15955,treatment,0,mobile
9280,treatment,0,mobile
4682,control,0,mobile
4479,control,0,mobile
9292,treatment,0,desktop
13571,treatment,0,mobile
11430,treatment,0,mobile
648,control,0,desktop
15900,treatment,0,desktop
12330,treatment,0,desktop
9111,treatment,0,mobile
208,control,0,mobile
10714,treatment,1,mobile
14571,treatment,0,desktop
15222,treatment,1,mobile
14780,treatment,0,mobile
3740,control,0,mobile
7536,control,0,desktop
12553,treatment,0,desktop
4394,control,0,desktop
5587,control,0,desktop
4624,control,0,mobile
7829,control,0,mobile
13070,treatment,0,desktop
12624,treatment,0,mobile
13858,treatment,0,mobile
12011,treatment,1,mobile
12565,treatment,0,mobile
13992,treatment,0,mobile
11428,treatment,0,mobile
6471,control,0,mobile
6228,control,0,mobile
6654,control,0,mobile
3417,control,0,mobile
1837,control,0,desktop
7470,control,0,desktop
2454,control,0,desktop
3030,control,0,desktop
168,control,1,desktop
6105,control,0,mobile
9665,treatment,0,desktop
48,control,1,desktop
6298,control,0,desktop
14481,treatment,0,mobile
15516,treatment,0,mobile
9700,treatment,0,mobile
13626,treatment,0,desktop
2613,control,0,mobile
13233,treatment,0,mobile
9811,treatment,0,mobile
5366,control,1,desktop
2222,control,0,desktop
9179,treatment,0,mobile
15592,treatment,1,mobile
1435,control,0,desktop
6629,control,1,desktop
14764,treatment,0,mobile
2287,control,0,desktop
10307,treatment,1,mobile
5201,control,0,mobile
1783,control,0,desktop
4899,control,0,desktop
2051,control,0,desktop
3959,control,0,desktop
1351,control,1,desktop
7738,control,0,mobile
15037,treatment,0,mobile
11277,treatment,0,mobile
3922,control,0,mobile
13245,treatment,0,desktop
1738,control,0,mobile
14811,treatment,0,mobile
6945,control,1,desktop
5613,control,0,mobile
9662,treatment,0,mobile
12874,treatment,0,mobile
12139,treatment,1,mobile
1469,control,0,desktop
14367,treatment,1,mobile
13067,treatment,0,mobile
8757,treatment,0,mobile
13254,treatment,0,desktop
14539,treatment,0,mobile
11971,treatment,0,desktop
856,control,0,desktop
8502,treatment,0,mobile
1781,control,0,mobile
4379,control,0,mobile
13120,treatment,0,mobile
3307,control,1,mobile
8740,treatment,0,desktop
12847,treatment,1,desktop
14724,treatment,1,desktop
15159,treatment,0,desktop
10774,treatment,1,mobile
3977,control,0,desktop
721,control,0,desktop
2932,control,0,mobile
541,control,0,mobile
8658,treatment,0,mobile
10425,treatment,0,desktop
13244,treatment,0,desktop
13542,treatment,0,desktop
9240,treatment,0,mobile
12170,treatment,0,mobile
10508,treatment,0,desktop
7017,control,0,mobile
8015,treatment,0,desktop
8253,treatment,0,mobile
5696,control,0,desktop
4850,control,0,mobile
3537,control,0,mobile
8089,treatment,0,mobile
6623,control,0,mobile
328,control,0,desktop
11757,treatment,0,mobile
6540,control,0,mobile
11408,treatment,0,mobile
8808,treatment,0,mobile
8728,treatment,0,mobile
15728,treatment,0,desktop
12788,treatment,0,mobile
12547,treatment,0,desktop
909,control,0,desktop
582,control,0,desktop
14445,treatment,0,mobile
9456,treatment,0,desktop
173,control,0,desktop
13168,treatment,0,desktop
11015,treatment,0,desktop
7837,control,0,mobile
3458,control,0,desktop
11063,treatment,0,desktop
9117,treatment,0,mobile
5380,control,0,mobile
15154,treatment,0,mobile
5270,control,0,desktop
3496,control,0,mobile
5738,control,0,mobile
13018,treatment,0,desktop
13959,treatment,0,mobile
15740,treatment,1,mobile
12599,treatment,1,mobile
1431,control,0,mobile
9953,treatment,0,mobile
5446,control,0,mobile
1001,control,0,mobile
1644,control,0,desktop
4175,control,0,desktop
8797,treatment,0,mobile
1240,control,0,mobile
13557,treatment,0,desktop
8608,treatment,0,mobile
50,control,0,mobile
11214,treatment,0,desktop
2811,control,0,desktop
1165,control,0,mobile
1780,control,0,desktop
739,control,0,mobile
9005,treatment,0,desktop
8063,treatment,1,mobile
13980,treatment,0,desktop
8788,treatment,1,desktop
1812,control,0,desktop
813,control,0,mobile
15605,treatment,0,mobile
3119,control,0,mobile
5264,control,0,desktop
14073,treatment,0,desktop
15795,treatment,1,mobile
13207,treatment,0,desktop
12977,treatment,0,mobile
11368,treatment,0,desktop
5162,control,0,mobile
6607,control,1,desktop
15659,treatment,0,mobile
5012,control,0,mobile
13378,treatment,0,mobile
2014,control,0,mobile
15006,treatment,0,desktop
12801,treatment,0,mobile
8967,treatment,0,mobile
11576,treatment,0,desktop
4402,control,0,mobile
11745,treatment,0,desktop
13128,treatment,0,desktop
440,control,0,desktop
8906,treatment,0,desktop
4551,control,1,desktop
8416,treatment,0,mobile
7254,control,0,desktop
3550,control,0,desktop
13548,treatment,0,desktop
1083,control,0,desktop
2728,control,0,mobile
5785,control,1,mobile
6390,control,0,desktop
8927,treatment,0,mobile
6311,control,0,mobile
9679,treatment,0,desktop
3257,control,1,mobile
14914,treatment,0,desktop
12037,treatment,0,desktop
11383,treatment,0,mobile
8369,treatment,0,desktop
3379,control,0,mobile
15835,treatment,0,mobile
12629,treatment,0,desktop
10306,treatment,0,desktop
3256,control,0,mobile
12401,treatment,0,mobile
5707,control,1,mobile
9836,treatment,0,desktop
7619,control,0,mobile
5316,control,0,desktop
5701,control,1,desktop
8550,treatment,0,mobile
4476,control,1,mobile
8723,treatment,0,mobile
4732,control,0,mobile
9648,treatment,0,mobile
13601,treatment,0,mobile
1094,control,0,mobile
11753,treatment,0,desktop
11378,treatment,0,desktop
12342,treatment,0,desktop
14063,treatment,0,desktop
7522,control,1,mobile
7403,control,0,desktop
15584,treatment,0,mobile
5082,control,0,desktop
14095,treatment,0,mobile
8189,treatment,0,mobile
6622,control,0,desktop
13006,treatment,0,desktop
6905,control,0,mobile
10240,treatment,0,mobile
2338,control,0,desktop
4082,control,0,mobile
5499,control,0,mobile
12697,treatment,0,desktop
13743,treatment,0,mobile
15307,treatment,0,desktop
3504,control,0,desktop
11407,treatment,1,mobile
5385,control,0,desktop
12868,treatment,0,mobile
5070,control,0,desktop
15080,treatment,0,mobile
7515,control,0,mobile
3132,control,0,desktop
13159,treatment,0,mobile
14454,treatment,0,desktop
4712,control,1,mobile
15490,treatment,0,mobile
10051,treatment,1,desktop
6661,control,0,desktop
14779,treatment,0,desktop
6365,control,1,desktop
15794,treatment,0,desktop
5392,control,0,mobile
2425,control,0,desktop
3621,control,0,mobile
12246,treatment,0,mobile
15772,treatment,0,mobile
9559,treatment,0,mobile
8607,treatment,0,mobile
3587,control,0,desktop
10523,treatment,1,desktop
11775,treatment,0,desktop
6868,control,0,mobile
10433,treatment,1,mobile
10890,treatment,0,mobile
14135,treatment,0,mobile
8377,treatment,0,desktop
6616,control,0,mobile
12151,treatment,0,desktop
3558,control,0,mobile
10252,treatment,0,mobile
4828,control,0,mobile
11680,treatment,0,desktop
8701,treatment,0,mobile
8349,treatment,0,desktop
8020,treatment,0,mobile
7030,control,0,mobile
9590,treatment,0,mobile
10641,treatment,0,desktop
1782,control,1,mobile
12386,treatment,0,desktop
11809,treatment,0,mobile
11187,treatment,1,mobile
13837,treatment,0,desktop
6704,control,0,desktop
12680,treatment,0,mobile
14931,treatment,0,mobile
4640,control,0,mobile
9888,treatment,0,desktop
4320,control,0,mobile
3686,control,0,desktop
1610,control,0,desktop
1403,control,0,desktop
2819,control,0,mobile
1873,control,0,mobile
8634,treatment,0,mobile
6233,control,0,mobile
181,control,0,mobile
12205,treatment,0,mobile
13210,treatment,0,desktop
2174,control,0,mobile
7979,control,0,desktop
2779,control,0,mobile
14716,treatment,1,mobile
3885,control,0,desktop
8280,treatment,0,mobile
5419,control,0,desktop
7280,control,0,desktop
6179,control,1,mobile
8001,treatment,0,mobile
13887,treatment,1,mobile
12070,treatment,0,mobile
8732,treatment,0,desktop
7696,control,0,mobile
3447,control,0,desktop
3570,control,0,desktop
5072,control,0,desktop
4063,control,1,mobile
13074,treatment,0,mobile
6653,control,0,mobile
3280,control,0,mobile
12281,treatment,0,desktop
14800,treatment,0,desktop
42,control,0,mobile
9452,treatment,0,mobile
10473,treatment,0,mobile
5206,control,0,mobile
15804,treatment,0,mobile
14441,treatment,0,mobile
11039,treatment,0,mobile
11123,treatment,0,mobile
15822,treatment,0,desktop
3665,control,1,desktop
7336,control,0,mobile
8044,treatment,0,desktop
4973,control,0,mobile
2384,control,0,desktop
1392,control,1,desktop
7128,control,0,mobile
4150,control,0,desktop
7731,control,0,desktop
14567,treatment,1,mobile
8580,treatment,1,desktop
5433,control,0,mobile
1864,control,1,mobile
1328,control,0,mobile
13724,treatment,0,desktop
12515,treatment,0,mobile
5352,control,0,desktop
14340,treatment,1,desktop
498,control,1,desktop
1802,control,0,desktop
10148,treatment,0,mobile
8973,treatment,0,desktop
15135,treatment,0,mobile
6101,control,0,desktop
7988,control,0,mobile
7552,control,0,desktop
10788,treatment,0,desktop
8940,treatment,0,mobile
8957,treatment,0,desktop
14647,treatment,1,mobile
4156,control,0,desktop
13066,treatment,0,mobile
5600,control,0,mobile
14597,treatment,1,mobile
5958,control,0,desktop
766,control,0,desktop
6579,control,0,mobile
5022,control,1,mobile
6717,control,0,desktop
15610,treatment,0,mobile
9463,treatment,0,mobile
14946,treatment,0,mobile
15540,treatment,0,mobile
3700,control,0,mobile
13900,treatment,0,mobile
10896,treatment,0,mobile
1275,control,0,desktop
13739,treatment,0,mobile
8344,treatment,0,desktop
1033,control,0,mobile
2509,control,1,mobile
1443,control,0,desktop
13264,treatment,0,desktop
8539,treatment,0,mobile
3469,control,0,mobile
10371,treatment,0,mobile
2631,control,0,mobile
9863,treatment,0,mobile
13868,treatment,0,desktop
11877,treatment,0,mobile
11500,treatment,0,mobile
8899,treatment,0,mobile
15542,treatment,1,mobile
12331,treatment,0,mobile
4993,control,0,desktop
3435,control,0,desktop
14655,treatment,0,desktop
14479,treatment,0,mobile
11863,treatment,0,mobile
1401,control,1,desktop
6984,control,0,desktop
3160,control,0,mobile
4687,control,0,mobile
2241,control,0,mobile
489,control,0,mobile
5599,control,0,mobile
4184,control,0,mobile
522,control,0,mobile
15223,treatment,0,desktop
14830,treatment,0,desktop
13330,treatment,0,mobile
12719,treatment,1,desktop
4596,control,0,desktop
15206,treatment,0,desktop
12883,treatment,0,mobile
9394,treatment,0,desktop
11671,treatment,0,mobile
6232,control,0,desktop
9468,treatment,0,mobile
8777,treatment,0,mobile
15389,treatment,0,desktop
9702,treatment,0,mobile
11817,treatment,0,desktop
3467,control,1,desktop
2225,control,0,mobile
6832,control,0,mobile
14111,treatment,0,desktop
13591,treatment,0,mobile
9335,treatment,0,mobile
12427,treatment,0,desktop
8203,treatment,0,desktop
11703,treatment,0,mobile
11711,treatment,0,desktop
7042,control,0,mobile
9851,treatment,0,desktop
5088,control,0,mobile
2965,control,0,desktop
7629,control,0,desktop
11199,treatment,0,mobile
1182,control,0,desktop
6393,control,0,desktop
6982,control,0,desktop
10864,treatment,0,desktop
5942,control,0,mobile
11462,treatment,0,desktop
10292,treatment,0,desktop
11986,treatment,0,mobile
4666,control,0,mobile
4634,control,1,desktop
13000,treatment,0,mobile
14671,treatment,0,mobile
7284,control,0,mobile
3574,control,0,desktop
11406,treatment,0,mobile
12050,treatment,0,desktop
3367,control,0,desktop
4071,control,0,mobile
2277,control,0,mobile
7818,control,1,desktop
9601,treatment,0,mobile
15537,treatment,0,mobile
14104,treatment,0,mobile
10689,treatment,0,mobile
1668,control,0,desktop
3388,control,0,mobile
11103,treatment,0,desktop
14958,treatment,0,mobile
9840,treatment,0,desktop
6798,control,0,mobile
4673,control,0,mobile
13446,treatment,0,mobile
8116,treatment,0,desktop
7198,control,0,mobile
7882,control,1,desktop
14227,treatment,0,desktop
689,control,0,desktop
7582,control,0,mobile
3356,control,0,desktop
15315,treatment,0,mobile
3674,control,0,mobile
14702,treatment,0,mobile
5935,control,1,mobile
15408,treatment,0,mobile
5742,control,1,mobile
1678,control,0,mobile
9342,treatment,0,mobile
4006,control,0,desktop
12211,treatment,0,mobile
12771,treatment,0,mobile
13640,treatment,0,desktop
1494,control,0,desktop
13293,treatment,0,desktop
6211,control,0,mobile
1324,control,0,mobile
13146,treatment,1,mobile
9083,treatment,0,desktop
13148,treatment,0,mobile
8361,treatment,0,mobile
11139,treatment,0,mobile
9021,treatment,0,mobile
11386,treatment,0,desktop
7245,control,0,mobile
10280,treatment,0,mobile
918,control,0,mobile
12902,treatment,1,desktop
15084,treatment,0,desktop
4609,control,0,mobile
6872,control,0,desktop
3542,control,0,mobile
3540,control,0,desktop
7395,control,0,mobile
8019,treatment,1,mobile
10302,treatment,0,mobile
3890,control,0,mobile
708,control,1,mobile
15442,treatment,0,desktop
584,control,0,mobile
5576,control,0,mobile
2634,control,0,mobile
4005,control,0,mobile
13098,treatment,0,mobile
14861,treatment,0,desktop
15162,treatment,0,mobile
391,control,0,mobile
14235,treatment,0,desktop
12497,treatment,0,desktop
14032,treatment,0,desktop
5663,control,0,desktop
14578,treatment,0,desktop
15322,treatment,0,desktop
5280,control,0,mobile
14708,treatment,0,mobile
13763,treatment,1,mobile
10447,treatment,0,mobile
15720,treatment,0,desktop
10514,treatment,0,desktop
7039,control,0,mobile
7905,control,0,mobile
9829,treatment,0,desktop
14749,treatment,1,mobile
5686,control,0,mobile
4092,control,0,mobile
11879,treatment,0,mobile
7366,control,0,desktop
6246,control,0,desktop
1608,control,1,mobile
5287,control,0,mobile
8005,treatment,0,mobile
5408,control,0,mobile
9762,treatment,0,mobile
10353,treatment,0,mobile
3094,control,0,mobile
1809,control,0,desktop
6489,control,0,desktop
6788,control,0,desktop
10673,treatment,0,mobile
500,control,0,mobile
3685,control,0,desktop
7412,control,0,mobile
4214,control,0,mobile
11188,treatment,0,mobile
1412,control,0,desktop
817,control,0,desktop
5413,control,0,mobile
3446,control,0,mobile
6656,control,0,desktop
4606,control,0,desktop
4243,control,0,desktop
14649,treatment,0,desktop
15458,treatment,0,desktop
8822,treatment,1,mobile
5633,control,0,mobile
15671,treatment,0,desktop
9389,treatment,0,desktop
12649,treatment,0,desktop
13823,treatment,0,desktop
5827,control,1,desktop
4859,control,0,mobile
205,control,0,mobile
6919,control,0,desktop
3121,control,0,mobile
12007,treatment,0,mobile
3090,control,0,desktop
7985,control,1,mobile
6102,control,1,mobile
8566,treatment,0,mobile
5549,control,0,mobile
10843,treatment,0,mobile
2748,control,1,mobile
15965,treatment,0,desktop
11309,treatment,0,desktop
6449,control,0,desktop
1755,control,0,mobile
5312,control,0,desktop
1482,control,0,mobile
8991,treatment,0,mobile
4571,control,0,desktop
8007,treatment,0,desktop
6312,control,0,desktop
12814,treatment,0,mobile
6000,control,0,mobile
980,control,0,desktop
3529,control,0,desktop
550,control,0,desktop
7264,control,0,desktop
15966,treatment,0,mobile
14159,treatment,0,desktop
14960,treatment,0,mobile
1426,control,0,desktop
2907,control,0,mobile
3320,control,0,desktop
8769,treatment,0,mobile
8065,treatment,0,desktop
6904,control,0,desktop
9645,treatment,0,mobile
7196,control,0,mobile
1321,control,0,mobile
4542,control,0,desktop
13262,treatment,0,desktop
14663,treatment,1,mobile
4724,control,0,desktop
4444,control,0,mobile
8534,treatment,0,mobile
6169,control,0,desktop
14600,treatment,0,mobile
4744,control,0,mobile
1872,control,0,desktop
10740,treatment,0,mobile
13620,treatment,0,desktop
8496,treatment,0,desktop
8100,treatment,0,mobile
6174,control,0,desktop
6405,control,0,desktop
7072,control,0,mobile
4681,control,0,mobile
11433,treatment,0,mobile
13519,treatment,0,desktop
3046,control,0,desktop
4393,control,0,mobile
7595,control,0,mobile
8568,treatment,0,mobile
11062,treatment,0,desktop
242,control,0,desktop
15160,treatment,0,mobile
5959,control,0,mobile
1480,control,0,mobile
14385,treatment,0,mobile
15127,treatment,0,mobile
787,control,1,desktop
9790,treatment,0,mobile
8363,treatment,0,mobile
6633,control,0,mobile
3267,control,0,desktop
678,control,0,mobile
897,control,0,mobile
9320,treatment,0,mobile
15438,treatment,0,desktop
10968,treatment,0,mobile
1377,control,0,mobile
12319,treatment,0,mobile
6031,control,0,desktop
4574,control,0,mobile
1618,control,0,mobile
1896,control,0,mobile
12609,treatment,0,mobile
2130,control,0,mobile
15885,treatment,0,desktop
2793,control,0,mobile
8828,treatment,0,mobile
4717,control,0,mobile
13794,treatment,0,mobile
5755,control,0,desktop
6199,control,0,desktop
13684,treatment,0,mobile
622,control,0,mobile
11874,treatment,0,mobile
4774,control,0,mobile
671,control,0,mobile
15974,treatment,0,mobile
12171,treatment,0,desktop
7231,control,0,desktop
14074,treatment,0,desktop
6380,control,0,mobile
3215,control,0,desktop
10987,treatment,0,desktop
682,control,0,mobile
10505,treatment,0,mobile
4032,control,0,desktop
14611,treatment,0,desktop
4260,control,0,mobile
9832,treatment,0,mobile
11608,treatment,1,mobile
6047,control,0,mobile
12185,treatment,0,mobile
15003,treatment,0,desktop
1646,control,0,mobile
14287,treatment,1,desktop
4832,control,0,desktop
4633,control,1,desktop
13009,treatment,0,mobile
10962,treatment,0,desktop
1586,control,0,mobile
15344,treatment,0,mobile
14614,treatment,0,mobile
8085,treatment,0,mobile
1350,control,0,desktop
7222,control,0,mobile
867,control,0,desktop
14698,treatment,0,mobile
2800,control,0,mobile
15803,treatment,0,mobile
15778,treatment,0,desktop
15762,treatment,0,mobile
916,control,0,desktop
1768,control,0,mobile
4295,control,0,desktop
6562,control,0,mobile
15990,treatment,1,mobile
5704,control,0,desktop
6192,control,1,desktop
15,control,0,desktop
8266,treatment,1,mobile
7976,control,0,desktop
7773,control,0,desktop
6518,control,0,mobile
7411,control,0,desktop
5894,control,0,desktop
13127,treatment,0,desktop
11980,treatment,0,desktop
7207,control,0,mobile
13752,treatment,0,mobile
7694,control,0,mobile
5603,control,0,desktop
10750,treatment,0,mobile
836,control,0,desktop
14599,treatment,0,mobile
1745,control,0,mobile
4264,control,0,mobile
9386,treatment,0,mobile
11130,treatment,0,desktop
11373,treatment,1,mobile
9413,treatment,0,mobile
11946,treatment,0,mobile
13514,treatment,0,desktop
1195,control,0,mobile
10820,treatment,0,desktop
12711,treatment,0,mobile
12140,treatment,0,desktop
14495,treatment,0,desktop
1699,control,0,desktop
13878,treatment,0,mobile
2477,control,0,mobile
12989,treatment,0,desktop
8129,treatment,1,mobile
14121,treatment,0,desktop
6852,control,0,desktop
6287,control,0,mobile
4467,control,0,mobile
8678,treatment,0,mobile
8324,treatment,0,mobile
14438,treatment,0,desktop
11523,treatment,0,desktop
4617,control,0,desktop
10840,treatment,0,desktop
2455,control,0,desktop
2282,control,0,mobile
1944,control,0,desktop
2817,control,0,mobile
11975,treatment,0,desktop
948,control,0,mobile
7216,control,0,mobile
6950,control,0,desktop
6080,control,0,mobile
1490,control,0,desktop
10053,treatment,0,desktop
12993,treatment,1,mobile
1097,control,0,desktop
10317,treatment,0,desktop
13362,treatment,0,desktop
10848,treatment,0,mobile
10876,treatment,0,desktop
14446,treatment,1,mobile
14590,treatment,0,desktop
2825,control,0,mobile
8703,treatment,0,desktop
12228,treatment,0,mobile
10054,treatment,0,desktop
8639,treatment,0,mobile
1360,control,0,mobile
5204,control,0,desktop
8726,treatment,1,mobile
13579,treatment,0,mobile
3253,control,0,mobile
11912,treatment,1,desktop
6299,control,0,mobile
6265,control,0,mobile
2669,control,0,mobile
15747,treatment,0,mobile
15489,treatment,0,desktop
11506,treatment,0,mobile
6318,control,0,desktop
14200,treatment,0,desktop
7810,control,1,mobile
14566,treatment,0,mobile
9384,treatment,0,mobile
10924,treatment,0,mobile
4711,control,0,desktop
3856,control,0,mobile
9923,treatment,0,mobile
3603,control,0,desktop
5536,control,0,mobile
5099,control,1,desktop
8450,treatment,0,desktop
15360,treatment,0,mobile
9653,treatment,0,mobile
15460,treatment,0,mobile
13944,treatment,0,desktop
8132,treatment,0,mobile
12111,treatment,1,mobile
1689,control,0,desktop
4777,control,0,desktop
14069,treatment,0,mobile
161,control,0,desktop
12133,treatment,0,mobile
12642,treatment,0,desktop
14968,treatment,0,mobile
8017,treatment,0,mobile
2680,control,0,desktop
1552,control,0,mobile
6422,control,0,mobile
15170,treatment,0,mobile
14010,treatment,0,mobile
6126,control,1,mobile
8113,treatment,0,desktop
11290,treatment,1,mobile
2226,control,0,desktop
2154,control,0,desktop
12863,treatment,0,mobile
4460,control,0,desktop
10794,treatment,0,mobile
10274,treatment,1,desktop
7454,control,0,mobile
6456,control,1,mobile
6430,control,0,mobile
12403,treatment,0,desktop
615,control,0,mobile
4188,control,1,mobile
5741,control,0,desktop
3838,control,0,mobile
12320,treatment,0,mobile
14821,treatment,0,mobile
3971,control,0,mobile
6061,control,0,desktop
14381,treatment,0,mobile
10194,treatment,0,mobile
10746,treatment,0,desktop
15827,treatment,0,desktop
7063,control,0,mobile
4691,control,0,mobile
9854,treatment,0,mobile
6498,control,0,desktop
15849,treatment,0,desktop
8335,treatment,0,mobile
12758,treatment,1,mobile
8136,treatment,0,mobile
259,control,0,mobile
1497,control,0,mobile
7964,control,0,mobile
9795,treatment,0,mobile
6377,control,0,desktop
10934,treatment,0,mobile
6472,control,0,desktop
8842,treatment,0,desktop
2324,control,0,desktop
11944,treatment,0,mobile
9163,treatment,0,desktop
14244,treatment,0,desktop
7187,control,0,desktop
7821,control,0,mobile
3008,control,0,mobile
7226,control,0,desktop
7662,control,0,desktop
14106,treatment,0,mobile
10693,treatment,0,desktop
1364,control,0,mobile
5565,control,0,mobile
3057,control,1,mobile
6042,control,0,desktop
5078,control,0,mobile
4367,control,0,mobile
1641,control,0,mobile
2270,control,0,mobile
1697,control,0,mobile
8676,treatment,0,mobile
2450,control,0,mobile
10104,treatment,1,mobile
8602,treatment,0,desktop
5916,control,0,mobile
8599,treatment,0,mobile
1806,control,0,desktop
10006,treatment,0,desktop
7359,control,0,desktop
11126,treatment,0,desktop
4930,control,0,mobile
6191,control,0,mobile
14891,treatment,0,mobile
4409,control,0,desktop
7283,control,0,mobile
11672,treatment,0,mobile
464,control,0,mobile
1224,control,0,mobile
12416,treatment,0,desktop
14358,treatment,0,mobile
7673,control,1,mobile
7344,control,0,desktop
5188,control,0,mobile
4788,control,0,mobile
3998,control,0,mobile
4200,control,0,mobile
4378,control,0,desktop
9824,treatment,0,mobile
4789,control,0,mobile
8876,treatment,0,mobile
15061,treatment,0,mobile
11026,treatment,0,mobile
7954,control,1,desktop
14731,treatment,0,mobile
1119,control,0,desktop
14478,treatment,0,desktop
11652,treatment,0,mobile
10773,treatment,0,desktop
5089,control,0,mobile
15953,treatment,0,mobile
6792,control,0,mobile
6082,control,0,desktop
12119,treatment,0,desktop
3341,control,0,mobile
6177,control,0,desktop
200,control,0,desktop
5349,control,1,mobile
2122,control,0,desktop
4420,control,0,desktop
5910,control,0,desktop
10543,treatment,0,mobile
12328,treatment,1,mobile
6769,control,0,desktop
12357,treatment,0,mobile
10603,treatment,0,desktop
9768,treatment,0,mobile
4776,control,0,mobile
5011,control,0,mobile
12335,treatment,0,mobile
10721,treatment,0,mobile
14366,treatment,0,desktop
8558,treatment,0,desktop
5163,control,0,desktop
6438,control,0,desktop
2072,control,0,mobile
11392,treatment,0,mobile
6770,control,0,mobile
12576,treatment,0,mobile
3227,control,0,mobile
3032,control,0,desktop
11257,treatment,1,mobile
10742,treatment,1,mobile
6264,control,0,mobile
9581,treatment,1,mobile
6842,control,0,mobile
6522,control,0,mobile
9774,treatment,0,mobile
6930,control,0,mobile
2063,control,0,mobile
887,control,1,mobile
2610,control,0,mobile
8231,treatment,0,mobile
2953,control,0,desktop
12110,treatment,0,mobile
10749,treatment,0,mobile
7140,control,0,desktop
15867,treatment,0,mobile
3279,control,0,mobile
4911,control,0,desktop
2687,control,0,desktop
15326,treatment,0,mobile
6163,control,0,mobile
1058,control,0,desktop
4890,control,0,mobile
13884,treatment,0,mobile
14767,treatment,0,mobile
5829,control,1,mobile
9290,treatment,0,desktop
3753,control,0,desktop
14343,treatment,0,mobile
1472,control,0,mobile
1258,control,0,desktop
3880,control,0,mobile
8645,treatment,0,desktop
13374,treatment,0,mobile
6227,control,0,mobile
829,control,0,desktop
15463,treatment,0,mobile
11129,treatment,0,desktop
15363,treatment,0,mobile
15497,treatment,0,desktop
723,control,0,desktop
10226,treatment,0,desktop
7560,control,0,mobile
7718,control,1,mobile
10384,treatment,0,desktop
11081,treatment,0,mobile
9788,treatment,0,desktop
6973,control,0,desktop
5965,control,0,desktop
4861,control,0,desktop
14501,treatment,0,desktop
14637,treatment,1,desktop
12164,treatment,0,mobile
11289,treatment,0,mobile
11941,treatment,0,mobile
4431,control,0,desktop
4751,control,0,mobile
9633,treatment,0,desktop
12572,treatment,0,mobile
12270,treatment,1,mobile
351,control,0,desktop
5546,control,1,mobile
13835,treatment,0,mobile
2260,control,0,desktop
7800,control,0,desktop
2027,control,0,desktop
15834,treatment,1,desktop
3353,control,0,desktop
10632,treatment,0,desktop
15379,treatment,0,mobile
1446,control,0,mobile
13482,treatment,0,desktop
5250,control,0,mobile
7739,control,0,desktop
13106,treatment,0,desktop
15969,treatment,0,mobile
12963,treatment,0,mobile
4565,control,0,desktop
5414,control,0,desktop
1612,control,0,desktop
430,control,0,desktop
3951,control,0,mobile
5652,control,0,mobile
5226,control,0,mobile
7724,control,0,desktop
1211,control,0,desktop
9109,treatment,0,desktop
4263,control,0,mobile
13502,treatment,0,mobile
6551,control,0,mobile
10806,treatment,0,mobile
2495,control,0,desktop
9193,treatment,0,desktop
5275,control,0,mobile
57,control,0,desktop
3021,control,0,desktop
12252,treatment,0,mobile
209,control,0,mobile
2112,control,0,desktop
14237,treatment,0,mobile
5404,control,0,desktop
1441,control,0,desktop
426,control,1,mobile
8062,treatment,0,mobile
8890,treatment,1,mobile
9458,treatment,0,desktop
1624,control,1,mobile
4834,control,0,mobile
7676,control,0,desktop
1594,control,0,mobile
2302,control,0,mobile
4589,control,0,mobile
5058,control,1,desktop
5957,control,1,mobile
12472,treatment,0,desktop
15111,treatment,0,mobile
7132,control,0,mobile
14185,treatment,0,mobile
9171,treatment,0,desktop
15345,treatment,0,mobile
13570,treatment,0,desktop
9012,treatment,0,mobile
5923,control,0,desktop
7644,control,0,mobile
15364,treatment,0,mobile
14058,treatment,1,mobile
9660,treatment,0,desktop
14453,treatment,0,mobile
8288,treatment,0,desktop
8814,treatment,0,desktop
9026,treatment,0,mobile
5464,control,0,desktop
7819,control,0,desktop
12199,treatment,0,desktop
11241,treatment,0,desktop
1779,control,0,mobile
12259,treatment,1,mobile
337,control,0,mobile
2643,control,1,mobile
7262,control,1,mobile
9276,treatment,0,mobile
7497,control,0,mobile
2608,control,0,desktop
6962,control,1,desktop
11762,treatment,0,desktop
4025,control,0,desktop
13636,treatment,0,mobile
8583,treatment,0,mobile
738,control,0,mobile
114,control,0,mobile
1069,control,0,desktop
12116,treatment,0,mobile
938,control,0,desktop
2300,control,0,mobile
15349,treatment,0,mobile
7792,control,0,mobile
6980,control,1,mobile
258,control,0,mobile
2239,control,0,mobile
1340,control,0,mobile
9345,treatment,0,mobile
15044,treatment,0,mobile
993,control,0,mobile
1847,control,0,desktop
10751,treatment,0,mobile
5106,control,0,mobile
10165,treatment,0,desktop
12803,treatment,0,desktop
12815,treatment,1,mobile
11857,treatment,0,mobile
3404,control,0,mobile
6525,control,0,desktop
133,control,0,desktop
10655,treatment,0,mobile
4132,control,0,desktop
442,control,0,desktop
4161,control,0,mobile
10222,treatment,0,mobile
9861,treatment,0,mobile
5866,control,0,desktop
5379,control,0,mobile
7681,control,1,mobile
10368,treatment,1,mobile
4735,control,1,mobile
5382,control,0,mobile
5321,control,0,mobile
14538,treatment,0,desktop
15401,treatment,0,mobile
7586,control,0,mobile
5315,control,0,mobile
9791,treatment,0,mobile
2726,control,0,desktop
15711,treatment,1,mobile
14014,treatment,0,desktop
4864,control,0,mobile
10765,treatment,0,mobile
15742,treatment,0,mobile
1295,control,0,mobile
8328,treatment,0,mobile
13572,treatment,1,mobile
1660,control,0,desktop
9937,treatment,0,desktop
9471,treatment,0,mobile
13799,treatment,0,mobile
7056,control,0,mobile
3431,control,0,mobile
3547,control,0,desktop
14742,treatment,0,mobile
12250,treatment,1,mobile
8322,treatment,0,desktop
10893,treatment,0,mobile
28,control,0,desktop
6309,control,0,mobile
492,control,1,mobile
7948,control,0,mobile
12741,treatment,1,desktop
9427,treatment,0,desktop
15187,treatment,0,desktop
8336,treatment,0,mobile
11798,treatment,0,desktop
4044,control,1,desktop
15816,treatment,0,mobile
2126,control,0,mobile
8652,treatment,1,desktop
11751,treatment,0,mobile
10584,treatment,0,mobile
12969,treatment,0,mobile
10202,treatment,0,desktop
11287,treatment,0,mobile
2467,control,0,desktop
14573,treatment,0,desktop
5844,control,0,desktop
6051,control,0,mobile
4458,control,0,mobile
9997,treatment,0,mobile
12608,treatment,0,desktop
8395,treatment,0,mobile
5031,control,0,desktop
7622,control,0,desktop
340,control,0,desktop
4202,control,0,mobile
8126,treatment,0,mobile
3652,control,0,mobile
9157,treatment,0,mobile
125,control,1,desktop
6645,control,0,mobile
3026,control,1,desktop
2387,control,0,desktop
1966,control,0,mobile
11165,treatment,0,mobile
2961,control,0,mobile
7258,control,0,mobile
12735,treatment,0,desktop
9402,treatment,1,desktop
11189,treatment,0,desktop
8840,treatment,0,mobile
970,control,0,desktop
11516,treatment,0,mobile
4309,control,0,desktop
9950,treatment,0,desktop
13675,treatment,1,desktop
1589,control,0,desktop
936,control,0,desktop
9643,treatment,0,mobile
6564,control,1,desktop
524,control,0,desktop
1354,control,0,desktop
6394,control,1,desktop
3139,control,0,mobile
1189,control,0,mobile
8022,treatment,0,desktop
12506,treatment,0,mobile
7713,control,1,mobile
6746,control,0,mobile
8707,treatment,0,mobile
11633,treatment,0,desktop
14962,treatment,1,mobile
878,control,0,desktop
3295,control,0,mobile
10215,treatment,0,mobile
8145,treatment,0,mobile
13532,treatment,0,mobile
8259,treatment,1,desktop
11887,treatment,0,mobile
12550,treatment,0,mobile
9674,treatment,0,mobile
8438,treatment,0,desktop
12085,treatment,0,desktop
4833,control,0,desktop
5943,control,0,desktop
15433,treatment,0,desktop
3430,control,0,mobile
6880,control,1,desktop
13933,treatment,0,mobile
7846,control,0,mobile
6300,control,0,desktop
10952,treatment,0,mobile
10137,treatment,1,mobile
4757,control,0,desktop
15234,treatment,0,desktop
6898,control,1,desktop
13805,treatment,0,mobile
12124,treatment,0,mobile
4385,control,0,mobile
3543,control,0,mobile
5873,control,0,desktop
13757,treatment,0,desktop
783,control,0,mobile
2164,control,0,mobile
12313,treatment,0,desktop
5720,control,0,desktop
8419,treatment,0,desktop
761,control,0,mobile
14652,treatment,1,mobile
515,control,0,desktop
13016,treatment,0,desktop
1606,control,1,desktop
4280,control,0,desktop
7014,control,0,desktop
2892,control,0,mobile
3931,control,0,mobile
2153,control,0,mobile
9101,treatment,0,mobile
13089,treatment,0,desktop
13057,treatment,0,mobile
194,control,0,mobile
13939,treatment,0,desktop
743,control,0,mobile
13291,treatment,0,mobile
8805,treatment,0,mobile
11069,treatment,0,mobile
1871,control,1,mobile
2212,control,0,mobile
7808,control,1,desktop
3639,control,1,desktop
8594,treatment,0,mobile
11733,treatment,1,desktop
5039,control,0,desktop
9042,treatment,0,mobile
6197,control,0,mobile
3201,control,0,mobile
9921,treatment,1,mobile
8567,treatment,0,mobile
14152,treatment,0,mobile
11128,treatment,0,mobile
12826,treatment,0,mobile
6020,control,0,mobile
13416,treatment,0,mobile
9200,treatment,0,mobile
15650,treatment,0,desktop
14250,treatment,0,mobile
410,control,0,mobile
579,control,0,mobile
693,control,0,mobile
9804,treatment,0,mobile
10927,treatment,0,mobile
6275,control,0,desktop
13433,treatment,0,mobile
4928,control,0,desktop
8848,treatment,0,mobile
12733,treatment,0,desktop
5926,control,0,desktop
13467,treatment,1,desktop
12032,treatment,0,mobile
13976,treatment,0,desktop
1158,control,0,desktop
7482,control,0,desktop
13299,treatment,1,mobile
3134,control,0,mobile
591,control,0,mobile
11099,treatment,0,mobile
1576,control,0,mobile
4575,control,0,desktop
3130,control,0,mobile
14883,treatment,0,desktop
6251,control,1,mobile
6753,control,0,mobile
2397,control,0,mobile
14285,treatment,0,desktop
3125,control,0,desktop
5041,control,1,desktop
10853,treatment,0,mobile
10064,treatment,0,desktop
12754,treatment,0,mobile
744,control,0,desktop
1949,control,0,mobile
183,control,0,mobile
3548,control,0,desktop
4339,control,0,desktop
2717,control,0,desktop
5491,control,1,mobile
1054,control,0,mobile
13360,treatment,0,desktop
654,control,1,mobile
149,control,0,desktop
709,control,0,mobile
370,control,0,mobile
24,control,0,mobile
11505,treatment,0,desktop
1286,control,0,mobile
1958,control,0,desktop
8026,treatment,0,mobile
2261,control,0,mobile
5629,control,0,mobile
13208,treatment,0,mobile
1200,control,0,mobile
4509,control,0,desktop
8662,treatment,0,desktop
2284,control,0,mobile
1193,control,0,desktop
8299,treatment,0,desktop
9677,treatment,1,desktop
14514,treatment,1,mobile
8543,treatment,0,desktop
7933,control,0,mobile
12212,treatment,0,mobile
5606,control,0,desktop
9453,treatment,0,mobile
8241,treatment,0,mobile
12527,treatment,1,mobile
7763,control,0,mobile
4809,control,0,mobile
9636,treatment,0,mobile
2694,control,0,mobile
4252,control,0,desktop
13855,treatment,0,desktop
2799,control,0,mobile
14612,treatment,0,mobile
2512,control,0,desktop
13189,treatment,0,mobile
13633,treatment,0,desktop
1909,control,1,desktop
7831,control,0,mobile
11801,treatment,0,desktop
8069,treatment,0,mobile
1707,control,0,desktop
1465,control,0,mobile
3801,control,0,desktop
3034,control,1,mobile
2772,control,1,mobile
6419,control,0,mobile
15675,treatment,0,mobile
9057,treatment,0,mobile
15455,treatment,0,mobile
10318,treatment,0,desktop
31,control,0,mobile
2307,control,0,desktop
7303,control,0,desktop
1227,control,0,mobile
2330,control,0,desktop
3414,control,0,desktop
15036,treatment,0,mobile
174,control,0,mobile
10869,treatment,0,desktop
15329,treatment,0,desktop
3242,control,0,mobile
4956,control,0,mobile
11893,treatment,0,mobile
6069,control,0,mobile
3743,control,0,mobile
5921,control,0,desktop
15038,treatment,0,mobile
14732,treatment,0,mobile
8067,treatment,0,desktop
15818,treatment,0,mobile
808,control,1,mobile
1470,control,1,mobile
3903,control,0,mobile
14496,treatment,0,desktop
14550,treatment,0,mobile
13588,treatment,0,desktop
7228,control,0,mobile
11388,treatment,0,mobile
494,control,0,mobile
6748,control,0,desktop
1002,control,0,mobile
2318,control,0,desktop
13961,treatment,0,desktop
14336,treatment,0,mobile
10550,treatment,0,mobile
973,control,0,mobile
5405,control,0,desktop
2381,control,0,desktop
7805,control,0,desktop
6586,control,0,mobile
5792,control,0,mobile
4708,control,0,desktop
6862,control,0,mobile
15763,treatment,0,mobile
7914,control,0,mobile
11004,treatment,0,desktop
8577,treatment,0,desktop
12966,treatment,0,mobile
4111,control,0,desktop
6739,control,0,desktop
1664,control,0,mobile
7335,control,0,desktop
3346,control,0,mobile
9894,treatment,0,mobile
12305,treatment,0,desktop
199,control,0,mobile
1059,control,0,mobile
641,control,0,mobile
11203,treatment,0,mobile
7310,control,0,mobile
11006,treatment,0,mobile
9539,treatment,0,mobile
320,control,0,desktop
9379,treatment,0,mobile
7432,control,0,desktop
2663,control,0,mobile
14933,treatment,0,mobile
9309,treatment,0,mobile
9909,treatment,0,desktop
10662,treatment,0,mobile
15409,treatment,0,desktop
1921,control,0,mobile
11336,treatment,1,mobile
1953,control,0,mobile
372,control,0,mobile
586,control,0,desktop
2831,control,0,desktop
7730,control,0,desktop
15527,treatment,1,desktop
15737,treatment,0,mobile
77,control,0,mobile
6335,control,0,mobile
6863,control,0,desktop
5094,control,0,desktop
13004,treatment,0,mobile
2369,control,0,desktop
8818,treatment,0,mobile
7645,control,0,desktop
6146,control,0,mobile
11596,treatment,1,mobile
11906,treatment,0,mobile
9600,treatment,0,desktop
10098,treatment,0,mobile
4736,control,0,desktop
376,control,0,mobile
81,control,0,mobile
7651,control,0,mobile
8032,treatment,1,mobile
2171,control,0,mobile
12318,treatment,0,mobile
15761,treatment,0,desktop
2787,control,0,mobile
10986,treatment,1,mobile
7390,control,0,mobile
2899,control,0,mobile
7575,control,0,mobile
6787,control,0,mobile
5481,control,0,desktop
190,control,0,mobile
5612,control,0,mobile
15677,treatment,0,mobile
2893,control,0,mobile
15870,treatment,0,mobile
14033,treatment,0,mobile
3171,control,1,mobile
2060,control,0,desktop
4450,control,0,desktop
7178,control,0,mobile
949,control,0,desktop
10441,treatment,0,desktop
9576,treatment,0,mobile
5725,control,0,mobile
15327,treatment,0,mobile
8195,treatment,0,desktop
15648,treatment,0,desktop
6235,control,0,desktop
11669,treatment,0,mobile
14947,treatment,1,mobile
8008,treatment,0,mobile
3107,control,0,desktop
5567,control,0,desktop
7546,control,0,mobile
2111,control,0,mobile
8433,treatment,0,desktop
1518,control,0,mobile
7431,control,0,mobile
14207,treatment,0,mobile
8869,treatment,1,desktop
3703,control,0,mobile
14425,treatment,0,desktop
5980,control,0,desktop
15266,treatment,1,desktop
874,control,0,desktop
9575,treatment,0,mobile
1206,control,0,mobile
10647,treatment,0,desktop
7016,control,1,desktop
810,control,0,desktop
9220,treatment,1,mobile
5116,control,0,mobile
1817,control,0,desktop
7202,control,0,mobile
8939,treatment,0,mobile
14935,treatment,1,mobile
11623,treatment,0,desktop
4796,control,0,mobile
11023,treatment,0,desktop
3966,control,0,desktop
11248,treatment,0,desktop
5580,control,0,mobile
8821,treatment,0,mobile
10566,treatment,1,mobile
14659,treatment,0,mobile
3071,control,0,mobile
10560,treatment,0,mobile
7239,control,0,mobile
14224,treatment,0,desktop
6720,control,0,mobile
9485,treatment,0,mobile
14730,treatment,1,desktop
13141,treatment,0,mobile
11007,treatment,0,mobile
3151,control,0,desktop
5714,control,0,desktop
2827,control,0,mobile
3853,control,0,desktop
2615,control,0,mobile
12241,treatment,0,desktop
13175,treatment,0,mobile
15286,treatment,0,mobile
6964,control,0,desktop
3618,control,0,desktop
9825,treatment,0,desktop
9847,treatment,0,mobile
5457,control,0,mobile
8333,treatment,0,mobile
7606,control,0,desktop
9782,treatment,0,mobile
6582,control,0,mobile
2497,control,0,mobile
7330,control,0,mobile
6534,control,0,mobile
7376,control,1,desktop
4038,control,0,mobile
15901,treatment,0,mobile
4917,control,0,mobile
1077,control,0,mobile
14797,treatment,0,desktop
1070,control,0,mobile
14949,treatment,1,mobile
1137,control,1,desktop
12518,treatment,0,mobile
1000,control,0,desktop
2716,control,1,desktop
13991,treatment,0,mobile
11393,treatment,1,mobile
7191,control,0,mobile
6677,control,0,mobile
15320,treatment,0,mobile
8217,treatment,0,desktop
13407,treatment,0,mobile
10342,treatment,0,desktop
12917,treatment,0,mobile
262,control,0,mobile
3911,control,0,desktop
11233,treatment,1,mobile
3298,control,0,mobile
14734,treatment,0,desktop
6650,control,0,mobile
10615,treatment,0,mobile
11683,treatment,1,mobile
11802,treatment,0,desktop
1696,control,1,mobile
8201,treatment,0,mobile
9259,treatment,0,desktop
10095,treatment,1,desktop
6508,control,0,desktop
13178,treatment,0,desktop
1714,control,0,desktop
3062,control,0,desktop
401,control,0,mobile
8796,treatment,0,desktop
3251,control,0,mobile
10187,treatment,0,desktop
9732,treatment,0,mobile
11495,treatment,0,mobile
5278,control,0,desktop
5628,control,0,desktop
4135,control,0,mobile
6389,control,0,desktop
13576,treatment,0,desktop
865,control,0,mobile
1825,control,0,desktop
6490,control,0,mobile
14025,treatment,0,mobile
5531,control,0,desktop
2434,control,0,desktop
8183,treatment,0,desktop
13573,treatment,1,mobile
14951,treatment,0,mobile
4304,control,0,mobile
3329,control,0,desktop
11294,treatment,1,desktop
3363,control,0,mobile
10761,treatment,0,mobile
5166,control,0,mobile
14561,treatment,0,desktop
891,control,0,mobile
12958,treatment,0,mobile
13140,treatment,0,mobile
11010,treatment,0,desktop
5751,control,0,desktop
8891,treatment,0,mobile
12332,treatment,1,mobile
7559,control,0,desktop
8486,treatment,0,desktop
12712,treatment,1,desktop
4056,control,0,mobile
4991,control,0,mobile
10917,treatment,0,desktop
13614,treatment,0,mobile
2298,control,0,mobile
5080,control,0,mobile
11981,treatment,0,desktop
4042,control,0,mobile
1113,control,0,mobile
632,control,0,desktop
7010,control,0,mobile
8405,treatment,0,mobile
4055,control,1,mobile
1839,control,0,mobile
9802,treatment,0,mobile
5971,control,0,desktop
7101,control,0,mobile
5384,control,1,desktop
11603,treatment,1,desktop
7087,control,1,mobile
13670,treatment,0,desktop
10569,treatment,0,desktop
8391,treatment,0,desktop
15207,treatment,1,mobile
6358,control,0,desktop
5371,control,0,desktop
3782,control,0,desktop
6763,control,0,mobile
15876,treatment,0,desktop
5539,control,0,mobile
7666,control,0,desktop
3183,control,0,mobile
4620,control,0,mobile
6374,control,0,mobile
15998,treatment,0,desktop
15823,treatment,0,mobile
12137,treatment,0,mobile
1935,control,1,mobile
3536,control,0,desktop
7796,control,0,mobile
8763,treatment,0,desktop
12979,treatment,0,mobile
8167,treatment,0,mobile
3142,control,0,mobile
13251,treatment,0,mobile
11921,treatment,1,desktop
5896,control,0,mobile
2632,control,0,mobile
296,control,1,desktop
15541,treatment,0,desktop
11364,treatment,1,mobile
2877,control,0,desktop
11519,treatment,0,mobile
14278,treatment,0,mobile
13999,treatment,0,desktop
4349,control,0,desktop
6077,control,0,desktop
13110,treatment,0,mobile
11503,treatment,1,desktop
7394,control,0,mobile
9397,treatment,0,mobile
14342,treatment,0,desktop
8760,treatment,0,mobile
2447,control,0,mobile
11193,treatment,0,desktop
7596,control,0,mobile
2440,control,0,mobile
7983,control,0,mobile
7036,control,0,desktop
14113,treatment,0,desktop
657,control,0,mobile
2086,control,0,mobile
2510,control,0,mobile
11816,treatment,0,desktop
6404,control,0,desktop
7925,control,0,mobile
14084,treatment,0,mobile
14638,treatment,0,desktop
9838,treatment,0,desktop
12780,treatment,0,desktop
6200,control,0,mobile
12008,treatment,0,mobile
15051,treatment,0,mobile
8943,treatment,0,mobile
9354,treatment,0,mobile
4002,control,1,desktop
5984,control,0,desktop
2075,control,0,desktop
278,control,0,desktop
4255,control,0,mobile
15428,treatment,0,desktop
7236,control,0,desktop
9339,treatment,0,desktop
295,control,0,mobile
6849,control,1,mobile
9170,treatment,1,mobile
12548,treatment,0,mobile
6303,control,0,mobile
9954,treatment,0,desktop
14238,treatment,0,mobile
11211,treatment,0,desktop
6736,control,0,mobile
9361,treatment,1,desktop
3518,control,0,desktop
10507,treatment,0,desktop
6990,control,0,mobile
3325,control,1,mobile
3546,control,0,desktop
12702,treatment,0,desktop
10874,treatment,0,desktop
6940,control,0,mobile
1370,control,0,desktop
14308,treatment,0,mobile
9097,treatment,0,desktop
4610,control,1,desktop
4164,control,0,mobile
10778,treatment,0,mobile
14656,treatment,0,mobile
14420,treatment,1,mobile
14362,treatment,1,desktop
1315,control,0,mobile
4086,control,0,desktop
12108,treatment,0,desktop
1727,control,0,desktop
2358,control,0,mobile
3396,control,1,mobile
11041,treatment,1,desktop
7742,control,0,desktop
7407,control,0,mobile
5887,control,0,desktop
9512,treatment,0,desktop
6052,control,0,desktop
14306,treatment,0,mobile
14636,treatment,1,desktop
12623,treatment,1,desktop
6270,control,0,desktop
15104,treatment,0,desktop
14037,treatment,0,mobile
1398,control,1,mobile
1245,control,0,desktop
7621,control,0,desktop
834,control,0,desktop
150,control,0,desktop
3648,control,0,mobile
5269,control,0,mobile
10541,treatment,1,desktop
14549,treatment,0,desktop
15500,treatment,0,mobile
185,control,0,desktop
9080,treatment,0,desktop
921,control,0,mobile
1488,control,0,mobile
2927,control,0,desktop
5611,control,0,desktop
5969,control,0,mobile
3635,control,0,mobile
10677,treatment,0,desktop
14844,treatment,0,desktop
12956,treatment,0,desktop
8865,treatment,0,mobile
10101,treatment,0,mobile
10301,treatment,0,desktop
5743,control,0,desktop
2036,control,0,desktop
5778,control,0,mobile
10424,treatment,0,mobile
265,control,0,mobile
3300,control,0,desktop
5420,control,0,desktop
2505,control,0,mobile
4693,control,0,mobile
15153,treatment,0,desktop
9604,treatment,0,mobile
7567,control,0,mobile
15447,treatment,0,mobile
3031,control,0,mobile
4506,control,0,mobile
8402,treatment,0,desktop
15483,treatment,0,mobile
6793,control,1,mobile
2251,control,0,mobile
2396,control,0,mobile
1379,control,0,desktop
1501,control,0,desktop
2292,control,0,mobile
14294,treatment,0,mobile
9277,treatment,1,desktop
9460,treatment,0,mobile
9302,treatment,0,desktop
11740,treatment,0,mobile
10942,treatment,1,desktop
7075,control,0,mobile
3455,control,0,mobile
12923,treatment,0,mobile
7762,control,0,desktop
13942,treatment,1,mobile
11075,treatment,0,mobile
3438,control,0,mobile
13237,treatment,0,desktop
11515,treatment,0,desktop
3967,control,0,mobile
7204,control,0,desktop
9002,treatment,0,mobile
11363,treatment,0,desktop
11221,treatment,0,desktop
11068,treatment,0,desktop
3255,control,0,mobile
12168,treatment,0,desktop
7429,control,0,mobile
11222,treatment,0,mobile
15800,treatment,0,mobile
15368,treatment,0,desktop
13455,treatment,0,desktop
52,control,0,desktop
6450,control,0,desktop
7793,control,0,desktop
15568,treatment,0,mobile
7634,control,0,mobile
7927,control,0,mobile
14449,treatment,0,desktop
13326,treatment,1,mobile
6871,control,0,desktop
12658,treatment,1,desktop
11347,treatment,0,mobile
1970,control,0,mobile
2714,control,0,desktop
7849,control,0,mobile
5579,control,0,desktop
9555,treatment,0,mobile
1515,control,0,mobile
10345,treatment,0,mobile
7632,control,1,desktop
14967,treatment,0,mobile
8305,treatment,0,mobile
3334,control,0,mobile
169,control,0,mobile
2323,control,1,desktop
12448,treatment,0,mobile
4672,control,0,mobile
425,control,0,desktop
14940,treatment,0,mobile
13464,treatment,0,desktop
2603,control,0,desktop
3495,control,0,mobile
4257,control,0,mobile
9438,treatment,0,mobile
1355,control,1,desktop
3759,control,1,desktop
13578,treatment,0,mobile
7238,control,0,desktop
12428,treatment,0,desktop
9350,treatment,0,mobile
3538,control,0,desktop
7908,control,0,desktop
3157,control,0,mobile
3327,control,0,mobile
4001,control,0,mobile
15934,treatment,1,desktop
9308,treatment,0,desktop
10676,treatment,1,mobile
854,control,0,mobile
8193,treatment,0,mobile
12628,treatment,0,desktop
15274,treatment,1,mobile
7180,control,0,mobile
2259,control,0,desktop
12092,treatment,0,mobile
54,control,0,desktop
12254,treatment,0,desktop
6924,control,0,mobile
15434,treatment,0,mobile
15165,treatment,0,desktop
2178,control,0,desktop
6291,control,0,desktop
6643,control,0,mobile
15213,treatment,1,mobile
3996,control,0,desktop
4716,control,0,mobile
3701,control,0,mobile
5092,control,0,mobile
10745,treatment,0,desktop
14583,treatment,0,desktop
5698,control,0,mobile
2842,control,0,mobile
7799,control,0,mobile
1213,control,0,mobile
13113,treatment,0,mobile
12456,treatment,0,desktop
11338,treatment,0,desktop
7765,control,0,desktop
12641,treatment,0,desktop
14223,treatment,0,desktop
15040,treatment,1,mobile
3849,control,0,desktop
3995,control,0,desktop
15564,treatment,0,mobile
14390,treatment,0,mobile
12778,treatment,0,mobile
3592,control,0,desktop
10999,treatment,0,mobile
10958,treatment,0,desktop
8050,treatment,0,mobile
6925,control,0,desktop
14548,treatment,0,mobile
516,control,0,mobile
8264,treatment,1,mobile
2710,control,0,desktop
357,control,0,desktop
6963,control,0,desktop
14723,treatment,0,mobile
15265,treatment,0,mobile
8119,treatment,0,mobile
10903,treatment,0,desktop
5502,control,0,desktop
8722,treatment,0,mobile
3321,control,0,desktop
60,control,0,desktop
9141,treatment,0,mobile
5440,control,0,desktop
14076,treatment,0,desktop
282,control,0,desktop
13472,treatment,0,desktop
15402,treatment,0,desktop
3349,control,0,mobile
1630,control,0,mobile
2783,control,0,mobile
12373,treatment,0,mobile
13754,treatment,0,mobile
14038,treatment,0,desktop
5149,control,0,mobile
14784,treatment,0,desktop
8644,treatment,0,mobile
3576,control,0,desktop
13615,treatment,0,mobile
7326,control,0,mobile
10925,treatment,0,desktop
14991,treatment,0,desktop
11553,treatment,0,desktop
1277,control,0,desktop
9476,treatment,0,mobile
4048,control,0,desktop
10759,treatment,0,desktop
1531,control,0,desktop
12226,treatment,0,desktop
6992,control,0,desktop
806,control,0,mobile
15556,treatment,0,mobile
1530,control,0,mobile
10747,treatment,0,mobile
11942,treatment,0,mobile
6855,control,0,desktop
14233,treatment,0,desktop
8242,treatment,1,mobile
5667,control,0,mobile
2692,control,0,mobile
5655,control,0,mobile
3055,control,0,mobile
8994,treatment,1,desktop
10678,treatment,0,mobile
1368,control,0,mobile
5407,control,0,mobile
8617,treatment,0,mobile
2465,control,0,mobile
1,control,0,desktop
14853,treatment,0,mobile
14975,treatment,0,mobile
4569,control,0,mobile
6045,control,0,desktop
5073,control,0,mobile
10227,treatment,0,mobile
9462,treatment,0,mobile
177,control,0,desktop
1023,control,0,mobile
14066,treatment,0,desktop
8705,treatment,0,mobile
1287,control,0,desktop
7064,control,0,desktop
9655,treatment,0,mobile
2410,control,0,desktop
5909,control,0,mobile
13428,treatment,0,mobile
3009,control,0,mobile
5952,control,1,mobile
6544,control,0,desktop
2385,control,0,desktop
8959,treatment,0,mobile
1349,control,0,desktop
11978,treatment,0,desktop
10675,treatment,1,mobile
5417,control,0,desktop
9247,treatment,0,desktop
13606,treatment,0,mobile
15298,treatment,0,desktop
4276,control,0,mobile
6675,control,0,mobile
10648,treatment,0,mobile
13551,treatment,0,mobile
6441,control,0,mobile
533,control,0,desktop
15028,treatment,0,mobile
15094,treatment,0,mobile
15183,treatment,0,mobile
381,control,0,mobile
10059,treatment,0,mobile
15205,treatment,0,mobile
3347,control,0,mobile
7134,control,0,mobile
2682,control,0,mobile
10196,treatment,0,desktop
931,control,0,desktop
2627,control,0,mobile
2527,control,0,mobile
15924,treatment,0,mobile
15993,treatment,0,mobile
8612,treatment,0,desktop
12914,treatment,0,desktop
11907,treatment,1,mobile
9673,treatment,1,desktop
1060,control,0,desktop
10163,treatment,0,mobile
4177,control,0,desktop
7091,control,0,mobile
74,control,0,mobile
5973,control,0,mobile
3174,control,0,desktop
2605,control,0,desktop
7237,control,0,mobile
11073,treatment,0,mobile
1253,control,0,desktop
4395,control,0,mobile
14089,treatment,0,mobile
10087,treatment,0,mobile
10791,treatment,0,desktop
1865,control,0,desktop
9654,treatment,0,desktop
4604,control,0,mobile
9374,treatment,0,mobile
12503,treatment,0,mobile
8681,treatment,0,desktop
9317,treatment,0,mobile
9450,treatment,0,mobile
9734,treatment,0,desktop
8581,treatment,0,desktop
14858,treatment,0,desktop
11258,treatment,1,mobile
12112,treatment,0,desktop
14963,treatment,0,desktop
10404,treatment,0,mobile
1291,control,0,mobile
10703,treatment,0,desktop
2996,control,0,desktop
4958,control,0,mobile
15616,treatment,0,mobile
6649,control,0,desktop
456,control,0,mobile
6428,control,0,mobile
816,control,0,mobile
7615,control,0,desktop
9279,treatment,0,desktop
2921,control,0,desktop
2639,control,0,mobile
14617,treatment,0,mobile
5673,control,0,desktop
3131,control,0,mobile
15801,treatment,0,desktop
8037,treatment,0,mobile
15358,treatment,0,desktop
9472,treatment,0,mobile
4701,control,1,desktop
9622,treatment,0,mobile
2778,control,0,desktop
2223,control,0,mobile
8545,treatment,0,desktop
7098,control,0,mobile
7545,control,0,desktop
8160,treatment,0,mobile
12612,treatment,1,desktop
15558,treatment,0,mobile
5281,control,0,desktop
3720,control,0,desktop
14878,treatment,0,mobile
11582,treatment,0,desktop
7524,control,0,desktop
5752,control,0,desktop
3874,control,0,desktop
10275,treatment,0,mobile
1204,control,0,mobile
1406,control,0,desktop
14875,treatment,0,desktop
1700,control,0,desktop
9898,treatment,0,mobile
11106,treatment,0,mobile
7824,control,0,mobile
6164,control,0,mobile
4719,control,0,mobile
15306,treatment,0,mobile
15882,treatment,0,desktop
4879,control,0,mobile
5928,control,0,mobile
9467,treatment,0,mobile
10400,treatment,1,mobile
164,control,0,desktop
14042,treatment,1,mobile
2048,control,0,desktop
9678,treatment,0,mobile
6967,control,0,mobile
6343,control,0,desktop
11473,treatment,0,mobile
3361,control,0,desktop
11881,treatment,0,desktop
12013,treatment,0,mobile
5295,control,0,mobile
8601,treatment,0,mobile
12431,treatment,0,desktop
4119,control,0,desktop
5867,control,0,desktop
3413,control,0,desktop
5102,control,0,mobile
642,control,1,desktop
14214,treatment,0,desktop
6751,control,1,mobile
1344,control,0,desktop
4481,control,0,desktop
889,control,0,desktop
9750,treatment,0,desktop
9278,treatment,0,desktop
3928,control,0,desktop
532,control,1,mobile
11201,treatment,0,desktop
14142,treatment,0,mobile
6032,control,0,mobile
8003,treatment,0,mobile
7484,control,0,desktop
7250,control,1,desktop
7876,control,1,mobile
10640,treatment,0,mobile
13364,treatment,0,mobile
1796,control,0,desktop
6785,control,0,mobile
14722,treatment,0,desktop
6029,control,0,mobile
10960,treatment,0,mobile
9864,treatment,0,desktop
2110,control,0,desktop
9341,treatment,1,desktop
13075,treatment,0,desktop
5682,control,0,mobile
3167,control,0,desktop
267,control,0,mobile
3764,control,0,mobile
812,control,0,desktop
11929,treatment,0,mobile
361,control,0,mobile
1461,control,0,desktop
11614,treatment,0,mobile
953,control,1,mobile
2161,control,0,desktop
1800,control,1,mobile
7469,control,0,mobile
9767,treatment,0,mobile
8125,treatment,0,desktop
7001,control,1,desktop
9760,treatment,0,mobile
3338,control,0,desktop
15451,treatment,0,desktop
13602,treatment,0,desktop
13318,treatment,0,mobile
5428,control,0,mobile
10035,treatment,0,mobile
10401,treatment,0,mobile
11172,treatment,1,mobile
11629,treatment,0,mobile
7712,control,0,desktop
8933,treatment,0,desktop
8947,treatment,1,desktop
13500,treatment,0,mobile
9571,treatment,1,desktop
6565,control,0,mobile
9173,treatment,1,desktop
2101,control,0,desktop
8479,treatment,0,desktop
6725,control,1,desktop
11726,treatment,0,desktop
11281,treatment,0,mobile
9347,treatment,0,desktop
5176,control,0,desktop
9704,treatment,0,mobile
14801,treatment,1,mobile
4232,control,0,mobile
11454,treatment,1,mobile
14307,treatment,1,mobile
2192,control,0,desktop
8404,treatment,0,desktop
12722,treatment,0,desktop
3165,control,0,mobile
8467,treatment,0,desktop
14642,treatment,0,desktop
89,control,0,mobile
10991,treatment,1,desktop
2325,control,0,mobile
8491,treatment,0,mobile
12856,treatment,0,mobile
8013,treatment,0,desktop
11867,treatment,0,mobile
15263,treatment,0,mobile
3777,control,0,mobile
14625,treatment,1,mobile
316,control,1,mobile
15128,treatment,0,desktop
10344,treatment,0,mobile
7759,control,1,mobile
11481,treatment,0,desktop
3118,control,0,mobile
4619,control,0,mobile
2021,control,1,mobile
2003,control,0,mobile
2975,control,0,desktop
1276,control,1,desktop
7278,control,0,mobile
10606,treatment,0,mobile
529,control,0,mobile
6189,control,0,desktop
4405,control,1,mobile
9698,treatment,0,desktop
3599,control,0,desktop
13663,treatment,0,mobile
5231,control,0,mobile
13492,treatment,0,desktop
3682,control,0,mobile
1319,control,0,desktop
6744,control,0,mobile
11573,treatment,0,mobile
13122,treatment,1,desktop
7086,control,0,mobile
5779,control,0,mobile
3035,control,1,desktop
6384,control,0,mobile
10573,treatment,0,mobile
4812,control,0,desktop
14908,treatment,0,mobile
12504,treatment,0,mobile
10809,treatment,0,desktop
1167,control,0,mobile
4726,control,0,desktop
11664,treatment,1,mobile
14692,treatment,0,desktop
15143,treatment,0,mobile
15593,treatment,0,mobile
15890,treatment,0,mobile
6237,control,0,mobile
11064,treatment,1,desktop
14150,treatment,0,desktop
1223,control,0,desktop
14168,treatment,0,mobile
14782,treatment,0,desktop
6605,control,0,desktop
4944,control,0,mobile
4256,control,0,desktop
6884,control,1,desktop
1983,control,0,desktop
14916,treatment,0,mobile
4021,control,0,desktop
8564,treatment,0,desktop
3483,control,0,desktop
7067,control,0,desktop
10324,treatment,0,mobile
11611,treatment,1,mobile
11617,treatment,1,mobile
1539,control,0,desktop
15745,treatment,0,mobile
2745,control,0,mobile
1554,control,0,mobile
12528,treatment,0,desktop
13718,treatment,0,mobile
14267,treatment,1,mobile
7342,control,0,mobile
2818,control,0,mobile
14706,treatment,0,desktop
7961,control,0,desktop
8811,treatment,0,mobile
2382,control,0,desktop
5187,control,0,mobile
12584,treatment,0,mobile
4527,control,0,desktop
12568,treatment,0,mobile
3525,control,1,mobile
2630,control,0,desktop
15743,treatment,0,mobile
7448,control,0,desktop
4124,control,0,mobile
15145,treatment,0,desktop
2767,control,0,mobile
14406,treatment,0,mobile
12088,treatment,0,desktop
1657,control,1,mobile
4819,control,0,desktop
7897,control,0,desktop
9162,treatment,1,mobile
7744,control,0,mobile
1844,control,0,desktop
6843,control,0,mobile
11217,treatment,0,mobile
3152,control,0,mobile
15606,treatment,0,mobile
3387,control,0,mobile
15116,treatment,0,mobile
14286,treatment,0,desktop
5047,control,0,mobile
9404,treatment,0,desktop
4026,control,0,desktop
9621,treatment,0,desktop
15366,treatment,0,desktop
427,control,1,desktop
4095,control,0,desktop
5575,control,0,mobile
12464,treatment,0,mobile
1924,control,1,mobile
6224,control,0,mobile
12882,treatment,0,mobile
11588,treatment,0,desktop
15976,treatment,0,mobile
7055,control,0,desktop
8597,treatment,0,mobile
8684,treatment,0,mobile
11229,treatment,0,mobile
11687,treatment,0,desktop
6178,control,0,mobile
6899,control,0,mobile
9017,treatment,0,mobile
2543,control,0,mobile
11866,treatment,0,mobile
13136,treatment,0,desktop
8186,treatment,0,mobile
10983,treatment,0,desktop
9184,treatment,0,mobile
3516,control,0,mobile
14966,treatment,0,mobile
7032,control,0,desktop
15760,treatment,0,desktop
5808,control,0,mobile
4970,control,0,mobile
9981,treatment,0,desktop
7020,control,0,desktop
6388,control,1,mobile
13659,treatment,0,mobile
10380,treatment,0,mobile
10338,treatment,0,mobile
12698,treatment,0,mobile
6157,control,0,mobile
14950,treatment,1,mobile
6549,control,0,desktop
11439,treatment,0,desktop
7242,control,0,desktop
7364,control,1,desktop
7477,control,0,mobile
1842,control,1,desktop
13240,treatment,0,desktop
5401,control,0,mobile
1210,control,1,mobile
9167,treatment,0,mobile
475,control,1,mobile
3312,control,0,mobile
8408,treatment,0,desktop
8849,treatment,1,mobile
4597,control,0,mobile
3236,control,0,mobile
7657,control,0,desktop
10712,treatment,0,mobile
9776,treatment,0,desktop
13923,treatment,0,mobile
14325,treatment,0,mobile
12827,treatment,0,desktop
15013,treatment,0,mobile
9323,treatment,0,desktop
11231,treatment,0,mobile
7449,control,0,desktop
10256,treatment,1,mobile
5061,control,0,mobile
12785,treatment,0,mobile
4408,control,0,desktop
132,control,0,desktop
12540,treatment,0,desktop
14303,treatment,0,mobile
5411,control,1,desktop
11759,treatment,0,mobile
1342,control,0,mobile
2185,control,0,desktop
14827,treatment,0,desktop
12936,treatment,0,desktop
8787,treatment,0,mobile
13197,treatment,0,mobile
11808,treatment,0,desktop
6729,control,0,mobile
9003,treatment,0,desktop
7947,control,1,mobile
248,control,0,mobile
14609,treatment,0,mobile
12567,treatment,0,desktop
30,control,0,desktop
1120,control,0,mobile
11556,treatment,0,mobile
5828,control,0,desktop
7571,control,0,desktop
7408,control,0,mobile
7574,control,0,mobile
4843,control,1,mobile
10985,treatment,0,mobile
6172,control,0,mobile
5974,control,0,desktop
12436,treatment,0,desktop
12948,treatment,0,mobile
14823,treatment,0,mobile
10167,treatment,0,mobile
15767,treatment,0,mobile
4667,control,1,mobile
634,control,1,desktop
8239,treatment,0,desktop
8153,treatment,0,mobile
15151,treatment,0,desktop
4746,control,0,mobile
14175,treatment,0,mobile
15987,treatment,0,mobile
869,control,0,mobile
13179,treatment,1,desktop
9513,treatment,0,mobile
14471,treatment,1,desktop
9642,treatment,1,mobile
4924,control,0,desktop
7166,control,0,mobile
9736,treatment,0,desktop
7614,control,0,mobile
14977,treatment,0,desktop
13951,treatment,0,desktop
6120,control,0,mobile
4130,control,0,mobile
14132,treatment,0,mobile
3560,control,0,desktop
13705,treatment,0,desktop
12410,treatment,1,desktop
2504,control,0,desktop
13346,treatment,0,mobile
3568,control,0,desktop
4694,control,0,desktop
11251,treatment,0,desktop
861,control,0,desktop
7786,control,0,mobile
4106,control,0,desktop
10331,treatment,0,desktop
7219,control,0,desktop
10177,treatment,0,desktop
4886,control,0,desktop
2311,control,0,mobile
2760,control,0,mobile
10724,treatment,0,desktop
6976,control,0,desktop
14485,treatment,1,mobile
849,control,0,desktop
1244,control,0,desktop
4714,control,0,desktop
12367,treatment,0,mobile
12463,treatment,0,desktop
5326,control,0,desktop
6503,control,0,mobile
11238,treatment,0,mobile
6180,control,0,mobile
1181,control,0,mobile
3461,control,1,mobile
12523,treatment,0,desktop
6494,control,0,desktop
2372,control,0,mobile
3,control,0,mobile
7175,control,1,desktop
10382,treatment,0,desktop
15945,treatment,0,mobile
9948,treatment,0,mobile
4012,control,0,mobile
5573,control,0,desktop
6960,control,0,mobile
1049,control,0,desktop
13529,treatment,0,desktop
9611,treatment,0,mobile
5035,control,0,desktop
4492,control,0,mobile
15548,treatment,0,mobile
9055,treatment,0,mobile
3864,control,0,mobile
11354,treatment,0,desktop
4811,control,0,mobile
2552,control,1,mobile
15242,treatment,0,desktop
15912,treatment,0,desktop
2432,control,0,desktop
3798,control,0,desktop
8185,treatment,1,mobile
311,control,0,desktop
1619,control,0,mobile
1093,control,0,mobile
1941,control,0,mobile
6665,control,0,desktop
13729,treatment,0,desktop
3826,control,0,desktop
5876,control,0,mobile
14201,treatment,1,mobile
1230,control,0,mobile
6821,control,0,desktop
4856,control,0,mobile
14100,treatment,0,desktop
1475,control,0,desktop
13656,treatment,0,mobile
14526,treatment,0,desktop
1734,control,0,mobile
2629,control,0,mobile
12952,treatment,1,mobile
11943,treatment,0,mobile
11256,treatment,1,mobile
13811,treatment,0,desktop
2623,control,0,mobile
9586,treatment,0,mobile
7798,control,0,desktop
6460,control,1,mobile
13031,treatment,0,mobile
4563,control,0,desktop
4350,control,0,desktop
15282,treatment,0,mobile
2835,control,0,desktop
13801,treatment,0,mobile
10598,treatment,0,mobile
3010,control,1,desktop
12315,treatment,0,desktop
763,control,0,mobile
7445,control,0,desktop
5111,control,0,desktop
3891,control,0,mobile
6811,control,0,desktop
15004,treatment,0,mobile
15075,treatment,0,mobile
9159,treatment,0,mobile
13889,treatment,0,mobile
14261,treatment,0,mobile
3315,control,1,mobile
3442,control,0,mobile
8875,treatment,0,mobile
6833,control,0,mobile
14138,treatment,0,desktop
4960,control,1,desktop
10739,treatment,1,mobile
14378,treatment,0,desktop
992,control,0,mobile
915,control,0,desktop
14598,treatment,0,mobile
13761,treatment,1,mobile
14436,treatment,0,mobile
14653,treatment,0,mobile
8378,treatment,0,desktop
14053,treatment,0,desktop
9115,treatment,0,mobile
3655,control,0,mobile
12363,treatment,0,mobile
11749,treatment,0,mobile
15634,treatment,0,mobile
6865,control,0,desktop
9812,treatment,1,mobile
10023,treatment,0,mobile
7419,control,0,desktop
2485,control,0,mobile
3149,control,0,desktop
741,control,0,desktop
32,control,0,desktop
972,control,0,mobile
5840,control,0,mobile
10757,treatment,0,mobile
13108,treatment,0,mobile
3963,control,0,mobile
5561,control,1,desktop
1117,control,0,mobile
5806,control,0,desktop
157,control,0,desktop
7608,control,0,mobile
2468,control,0,desktop
12053,treatment,0,mobile
832,control,1,mobile
5455,control,0,desktop
9028,treatment,0,desktop
2826,control,0,desktop
8695,treatment,0,mobile
15449,treatment,0,desktop
6461,control,0,mobile
6695,control,0,desktop
9182,treatment,0,mobile
12130,treatment,1,mobile
9116,treatment,1,mobile
7369,control,0,desktop
2045,control,0,desktop
1981,control,0,mobile
8442,treatment,0,mobile
12104,treatment,0,mobile
13345,treatment,0,mobile
2684,control,0,desktop
1347,control,1,desktop
2078,control,0,mobile
14802,treatment,0,desktop
6688,control,1,mobile
3654,control,0,mobile
356,control,0,mobile
745,control,0,mobile
7194,control,0,mobile
15936,treatment,0,desktop
9037,treatment,0,desktop
724,control,0,desktop
14517,treatment,0,mobile
1977,control,0,desktop
2956,control,0,desktop
4341,control,0,desktop
2215,control,1,desktop
5395,control,0,desktop
15615,treatment,1,mobile
11841,treatment,0,mobile
3871,control,0,mobile
12681,treatment,0,mobile
5843,control,0,desktop
11485,treatment,0,desktop
11255,treatment,0,mobile
1259,control,1,mobile
11181,treatment,0,desktop
8278,treatment,0,mobile
747,control,1,mobile
5277,control,0,mobile
1868,control,0,mobile
9508,treatment,1,mobile
6187,control,0,mobile
13390,treatment,1,mobile
12091,treatment,0,desktop
13201,treatment,0,desktop
9155,treatment,1,mobile
12843,treatment,1,mobile
266,control,0,desktop
15608,treatment,0,mobile
2429,control,0,mobile
12309,treatment,0,desktop
11279,treatment,0,mobile
3140,control,1,desktop
10262,treatment,0,mobile
12395,treatment,0,mobile
7699,control,0,mobile
14296,treatment,0,mobile
4534,control,0,mobile
9993,treatment,0,desktop
10428,treatment,0,mobile
11736,treatment,0,mobile
3063,control,0,desktop
10405,treatment,0,mobile
15782,treatment,0,mobile
12459,treatment,0,mobile
214,control,0,mobile
10178,treatment,0,mobile
9564,treatment,0,mobile
10315,treatment,0,mobile
13965,treatment,0,desktop
7827,control,0,desktop
12100,treatment,0,desktop
15670,treatment,0,desktop
13447,treatment,0,desktop
5224,control,0,mobile
10250,treatment,0,desktop
11765,treatment,0,mobile
13856,treatment,0,mobile
3948,control,0,desktop
2059,control,0,mobile
8087,treatment,0,mobile
6452,control,0,mobile
3712,control,0,desktop
2905,control,1,desktop
4923,control,0,mobile
3839,control,1,mobile
7383,control,0,desktop
8307,treatment,0,mobile
3137,control,0,mobile
285,control,0,mobile
96,control,0,mobile
1881,control,0,desktop
10857,treatment,0,desktop
12148,treatment,1,desktop
11635,treatment,1,desktop
14761,treatment,0,mobile
9260,treatment,0,mobile
10842,treatment,0,mobile
7028,control,0,mobile
15420,treatment,0,mobile
7851,control,0,mobile
7860,control,0,desktop
2281,control,0,mobile
5537,control,0,mobile
2522,control,0,desktop
14157,treatment,0,mobile
3614,control,0,desktop
14476,treatment,0,mobile
14124,treatment,0,mobile
9477,treatment,0,desktop
12215,treatment,0,desktop
7334,control,0,desktop
15352,treatment,0,mobile
2004,control,0,desktop
5347,control,0,desktop
14243,treatment,0,mobile
10346,treatment,0,mobile
11957,treatment,0,mobile
10432,treatment,0,mobile
3933,control,0,mobile
14810,treatment,0,desktop
13545,treatment,0,mobile
12344,treatment,1,mobile
4579,control,0,mobile
8236,treatment,0,desktop
12149,treatment,0,mobile
5918,control,0,desktop
13832,treatment,0,mobile
4417,control,0,desktop
13630,treatment,0,mobile
14423,treatment,0,desktop
10995,treatment,0,mobile
11282,treatment,0,mobile
13320,treatment,0,desktop
6354,control,1,mobile
3218,control,0,mobile
13726,treatment,0,mobile
10495,treatment,0,mobile
15299,treatment,0,desktop
14544,treatment,0,desktop
4334,control,1,desktop
14086,treatment,0,desktop
10002,treatment,0,mobile
1004,control,0,mobile
12052,treatment,0,desktop
13341,treatment,0,desktop
10586,treatment,0,desktop
6854,control,0,mobile
9269,treatment,0,desktop
14956,treatment,0,mobile
12048,treatment,0,mobile
11605,treatment,1,desktop
10715,treatment,0,mobile
6602,control,0,mobile
5296,control,0,desktop
8493,treatment,0,desktop
11091,treatment,0,mobile
2508,control,0,desktop
9135,treatment,0,mobile
1185,control,0,desktop
10563,treatment,1,mobile
1260,control,0,mobile
10248,treatment,0,desktop
2523,control,0,mobile
7200,control,0,desktop
14884,treatment,0,desktop
11349,treatment,0,mobile
4560,control,0,mobile
4102,control,0,mobile
9034,treatment,0,desktop
10061,treatment,0,desktop
8519,treatment,0,mobile
2437,control,0,mobile
14941,treatment,0,mobile
11401,treatment,0,desktop
15395,treatment,0,mobile
9657,treatment,0,desktop
4989,control,0,mobile
11324,treatment,1,desktop
10254,treatment,0,mobile
7298,control,0,desktop
4791,control,0,mobile
4484,control,0,desktop
10764,treatment,0,mobile
3104,control,0,mobile
7195,control,0,desktop
11526,treatment,0,mobile
604,control,0,desktop
13131,treatment,0,mobile
4419,control,0,mobile
5964,control,0,mobile
9058,treatment,0,mobile
10083,treatment,0,mobile
4043,control,1,desktop
15321,treatment,1,mobile
15232,treatment,0,desktop
5562,control,0,mobile
6660,control,0,mobile
3368,control,0,desktop
1281,control,0,mobile
7729,control,0,desktop
9023,treatment,0,mobile
3150,control,0,mobile
3800,control,0,mobile
10097,treatment,0,mobile
12744,treatment,0,desktop
12596,treatment,0,desktop
6217,control,1,desktop
6402,control,0,mobile
6359,control,0,desktop
10243,treatment,0,mobile
9495,treatment,0,mobile
329,control,0,desktop
13042,treatment,0,desktop
1705,control,0,desktop
2494,control,0,mobile
15920,treatment,0,desktop
12218,treatment,0,mobile
14007,treatment,0,mobile
7074,control,0,desktop
8672,treatment,0,mobile
3630,control,0,desktop
9368,treatment,0,mobile
15294,treatment,0,desktop
11150,treatment,0,mobile
4011,control,0,mobile
15970,treatment,0,mobile
8310,treatment,1,desktop
6068,control,0,desktop
13846,treatment,1,desktop
11055,treatment,0,desktop
9072,treatment,0,mobile
9222,treatment,0,desktop
8659,treatment,0,mobile
6362,control,1,mobile
13657,treatment,0,mobile
2200,control,0,mobile
8011,treatment,0,mobile
6590,control,0,mobile
15727,treatment,0,mobile
3084,control,0,mobile
6066,control,0,mobile
13487,treatment,0,mobile
5453,control,0,mobile
1902,control,0,mobile
10168,treatment,0,desktop
8969,treatment,0,desktop
4665,control,0,mobile
1787,control,0,desktop
15142,treatment,0,desktop
14932,treatment,0,desktop
15921,treatment,0,mobile
5189,control,0,desktop
5354,control,0,mobile
6095,control,0,mobile
85,control,1,mobile
9858,treatment,0,desktop
3488,control,0,mobile
13377,treatment,0,mobile
2790,control,0,desktop
7356,control,0,mobile
13044,treatment,0,mobile
10336,treatment,0,desktop
10392,treatment,0,mobile
512,control,0,mobile
15866,treatment,0,mobile
6533,control,0,mobile
11402,treatment,1,mobile
732,control,0,mobile
10413,treatment,0,mobile
4783,control,0,mobile
12819,treatment,0,mobile
12694,treatment,0,desktop
4862,control,0,desktop
13768,treatment,0,mobile
10976,treatment,0,mobile
10195,treatment,1,desktop
13650,treatment,0,desktop
10930,treatment,1,desktop
11859,treatment,0,desktop
14879,treatment,0,desktop
15267,treatment,1,mobile
4471,control,0,mobile
9826,treatment,0,mobile
15147,treatment,0,desktop
2758,control,1,desktop
2860,control,0,desktop
9377,treatment,0,mobile
15397,treatment,0,mobile
14003,treatment,0,mobile
3123,control,0,desktop
3185,control,0,mobile
2056,control,0,mobile
6815,control,0,desktop
14369,treatment,0,mobile
14082,treatment,1,mobile
4335,control,0,desktop
12276,treatment,0,mobile
128,control,0,mobile
4451,control,0,mobile
165,control,0,desktop
15567,treatment,0,desktop
9703,treatment,0,desktop
7462,control,0,desktop
6416,control,0,mobile
3200,control,0,desktop
5987,control,0,mobile
1320,control,1,mobile
5588,control,0,mobile
7643,control,0,desktop
10733,treatment,0,mobile
473,control,0,mobile
1998,control,0,desktop
19,control,0,desktop
12145,treatment,0,mobile
11149,treatment,1,desktop
10235,treatment,0,desktop
5159,control,0,mobile
2138,control,0,desktop
1026,control,0,mobile
8290,treatment,0,mobile
15156,treatment,0,mobile
5936,control,0,mobile
3115,control,0,mobile
13312,treatment,0,mobile
7745,control,0,mobile
6111,control,0,desktop
11028,treatment,0,desktop
3162,control,0,desktop
5941,control,0,mobile
15520,treatment,0,desktop
7889,control,0,mobile
450,control,0,desktop
8743,treatment,0,mobile
15575,treatment,0,desktop
4373,control,0,mobile
6363,control,0,desktop
3745,control,0,mobile
179,control,0,mobile
4530,control,1,mobile
11847,treatment,0,desktop
1341,control,0,mobile
15766,treatment,0,mobile
3549,control,0,desktop
13968,treatment,0,desktop
11713,treatment,0,mobile
14904,treatment,0,mobile
1592,control,0,desktop
13932,treatment,0,desktop
15538,treatment,0,mobile
9709,treatment,0,mobile
7554,control,0,desktop
8934,treatment,0,mobile
13156,treatment,0,mobile
1770,control,0,desktop
3597,control,0,mobile
484,control,0,desktop
3968,control,0,mobile
11003,treatment,0,mobile
10214,treatment,1,mobile
6995,control,0,mobile
15916,treatment,0,mobile
10103,treatment,0,desktop
2486,control,1,mobile
15071,treatment,1,mobile
781,control,1,desktop
4645,control,0,mobile
6998,control,0,mobile
7230,control,0,mobile
6060,control,0,desktop
78,control,0,desktop
13071,treatment,0,desktop
6690,control,0,mobile
7048,control,0,desktop
10082,treatment,1,mobile
13296,treatment,0,mobile
13217,treatment,0,desktop
15350,treatment,0,desktop
7749,control,0,desktop
8866,treatment,0,mobile
2204,control,0,mobile
12975,treatment,0,mobile
13164,treatment,0,mobile
8651,treatment,0,mobile
11058,treatment,0,mobile
6086,control,0,desktop
6007,control,0,desktop
13556,treatment,0,desktop
753,control,0,mobile
8314,treatment,0,desktop
3638,control,0,mobile
700,control,0,desktop
11117,treatment,0,desktop
8143,treatment,0,mobile
15065,treatment,1,mobile
6943,control,0,mobile
7185,control,0,mobile
1493,control,0,desktop
15899,treatment,0,mobile
14915,treatment,0,mobile
13733,treatment,0,mobile
10141,treatment,0,desktop
6329,control,0,mobile
2087,control,0,desktop
3366,control,0,mobile
8224,treatment,0,mobile
7208,control,0,desktop
2155,control,0,mobile
14039,treatment,0,mobile
14360,treatment,0,mobile
10951,treatment,0,desktop
70,control,0,desktop
15773,treatment,1,mobile
1450,control,1,desktop
13408,treatment,0,desktop
15741,treatment,1,mobile
3176,control,0,mobile
11820,treatment,0,desktop
3878,control,1,desktop
13479,treatment,0,mobile
3960,control,0,mobile
15581,treatment,0,mobile
3222,control,0,mobile
11339,treatment,1,desktop
1532,control,1,desktop
4502,control,0,mobile
13531,treatment,0,mobile
10625,treatment,0,desktop
12554,treatment,0,mobile
14469,treatment,1,desktop
11767,treatment,1,mobile
13747,treatment,1,desktop
11375,treatment,0,mobile
7679,control,0,mobile
10105,treatment,0,mobile
7209,control,0,desktop
505,control,1,mobile
14613,treatment,1,mobile
6954,control,1,mobile
8532,treatment,0,mobile
13103,treatment,0,mobile
3581,control,0,mobile
7090,control,0,desktop
15465,treatment,0,desktop
6330,control,0,mobile
799,control,0,desktop
13219,treatment,0,desktop
13819,treatment,1,mobile
4841,control,0,mobile
5075,control,0,mobile
9787,treatment,0,desktop
15792,treatment,0,desktop
3796,control,0,mobile
62,control,0,desktop
1776,control,0,mobile
5699,control,0,mobile
11038,treatment,0,mobile
15897,treatment,0,desktop
2461,control,0,desktop
5508,control,1,desktop
15621,treatment,0,mobile
12430,treatment,0,mobile
13564,treatment,0,desktop
6536,control,0,mobile
1568,control,0,mobile
12482,treatment,0,mobile
4743,control,1,mobile
14370,treatment,0,mobile
4457,control,0,mobile
2849,control,0,desktop
9882,treatment,0,mobile
12346,treatment,0,mobile
2987,control,0,mobile
10612,treatment,0,mobile
4455,control,1,desktop
7214,control,0,desktop
12538,treatment,0,mobile
1569,control,0,mobile
12158,treatment,0,mobile
15105,treatment,1,desktop
6213,control,0,mobile
7487,control,0,mobile
10532,treatment,0,desktop
10287,treatment,0,mobile
5020,control,0,desktop
10234,treatment,0,mobile
4374,control,0,mobile
10393,treatment,1,desktop
15926,treatment,0,mobile
10465,treatment,0,desktop
382,control,1,desktop
6289,control,0,mobile
12057,treatment,1,mobile
2413,control,0,desktop
13740,treatment,0,mobile
3913,control,0,desktop
9583,treatment,0,desktop
5121,control,0,desktop
15110,treatment,0,mobile
929,control,1,desktop
12107,treatment,0,desktop
10145,treatment,0,desktop
4163,control,0,desktop
13344,treatment,0,desktop
11108,treatment,0,desktop
15133,treatment,0,mobile
14028,treatment,0,mobile
6173,control,0,mobile
10535,treatment,0,mobile
7795,control,0,desktop
12402,treatment,0,mobile
246,control,0,mobile
1440,control,0,mobile
9215,treatment,0,mobile
7938,control,0,desktop
11426,treatment,0,desktop
13269,treatment,0,desktop
7847,control,0,mobile
8604,treatment,0,mobile
10454,treatment,0,desktop
9255,treatment,0,desktop
4213,control,0,desktop
8462,treatment,0,mobile
5122,control,0,desktop
4344,control,0,mobile
3562,control,0,desktop
8858,treatment,0,mobile
15896,treatment,0,mobile
8925,treatment,0,mobile
12381,treatment,0,mobile
15909,treatment,0,desktop
115,control,0,desktop
12182,treatment,0,mobile
13665,treatment,0,mobile
2303,control,0,desktop
10670,treatment,0,desktop
14925,treatment,0,mobile
11443,treatment,0,mobile
8311,treatment,0,mobile
10174,treatment,0,mobile
2181,control,0,mobile
8355,treatment,0,mobile
8456,treatment,0,mobile
13883,treatment,1,mobile
5410,control,0,mobile
12535,treatment,1,desktop
776,control,0,desktop
4872,control,0,mobile
12841,treatment,0,desktop
13402,treatment,1,mobile
7361,control,1,mobile
15241,treatment,0,desktop
4677,control,0,mobile
13133,treatment,0,mobile
13749,treatment,1,mobile
12666,treatment,0,desktop
8844,treatment,0,mobile
11916,treatment,0,mobile
15202,treatment,0,mobile
9363,treatment,0,mobile
7287,control,0,mobile
3761,control,0,mobile
11204,treatment,0,desktop
15922,treatment,0,mobile
6678,control,0,desktop
7007,control,0,mobile
3875,control,0,mobile
9239,treatment,0,mobile
14838,treatment,0,desktop
1369,control,0,mobile
9090,treatment,0,mobile
9121,treatment,0,mobile
12965,treatment,1,desktop
8207,treatment,0,mobile
10741,treatment,0,mobile
9160,treatment,0,mobile
8056,treatment,0,desktop
1107,control,0,desktop
3426,control,0,desktop
4337,control,0,mobile
3969,control,0,mobile
1255,control,0,desktop
2649,control,0,desktop
2924,control,0,desktop
14610,treatment,0,mobile
14225,treatment,0,desktop
4781,control,0,mobile
12457,treatment,0,desktop
15925,treatment,1,desktop
1640,control,0,mobile
1134,control,0,desktop
11927,treatment,0,mobile
3520,control,0,desktop
6516,control,0,desktop
7726,control,0,mobile
10071,treatment,0,desktop
14004,treatment,0,desktop
272,control,0,mobile
14942,treatment,1,mobile
9666,treatment,0,desktop
5350,control,0,mobile
1548,control,0,desktop
4311,control,1,mobile
1019,control,0,desktop
4441,control,0,desktop
9031,treatment,0,desktop
5712,control,0,desktop
10388,treatment,0,desktop
10028,treatment,0,mobile
4892,control,0,desktop
7892,control,0,desktop
8605,treatment,0,desktop
9905,treatment,0,mobile
15120,treatment,0,mobile
4439,control,0,desktop
13236,treatment,1,desktop
10988,treatment,0,mobile
10414,treatment,0,desktop
14046,treatment,0,mobile
8570,treatment,1,desktop
1492,control,0,desktop
8931,treatment,0,desktop
11570,treatment,0,desktop
3616,control,0,mobile
15341,treatment,0,mobile
53,control,0,desktop
12307,treatment,0,mobile
5406,control,0,desktop
10462,treatment,0,desktop
14739,treatment,0,desktop
5095,control,0,desktop
3095,control,0,mobile
1390,control,0,desktop
11381,treatment,0,mobile
7885,control,0,desktop
3479,control,0,mobile
11626,treatment,0,mobile
4192,control,0,desktop
5596,control,0,desktop
10502,treatment,0,desktop
3223,control,0,mobile
10783,treatment,0,desktop
1633,control,0,mobile
12468,treatment,0,mobile
11367,treatment,0,desktop
5695,control,0,mobile
13005,treatment,0,mobile
11169,treatment,0,mobile
7732,control,0,desktop
12473,treatment,1,desktop
468,control,0,desktop
15625,treatment,0,desktop
9096,treatment,0,mobile
15586,treatment,1,desktop
72,control,0,mobile
11410,treatment,0,desktop
15390,treatment,0,desktop
10091,treatment,1,desktop
5053,control,0,mobile
12188,treatment,0,desktop
14683,treatment,0,desktop
13672,treatment,0,mobile
1208,control,0,mobile
10270,treatment,0,desktop
1591,control,1,desktop
11037,treatment,0,mobile
5160,control,1,mobile
5625,control,0,desktop
10398,treatment,1,mobile
11173,treatment,0,mobile
659,control,0,desktop
7902,control,0,desktop
8256,treatment,1,desktop
10031,treatment,0,mobile
12193,treatment,0,desktop
6539,control,1,mobile
5173,control,0,desktop
3037,control,0,mobile
8647,treatment,0,mobile
5480,control,0,mobile
6479,control,0,desktop
403,control,1,mobile
5086,control,0,desktop
5542,control,0,desktop
1473,control,0,mobile
8870,treatment,0,desktop
3357,control,0,desktop
9809,treatment,0,mobile
9444,treatment,0,mobile
1984,control,0,mobile
11618,treatment,0,mobile
4919,control,0,desktop
5060,control,0,desktop
3844,control,0,desktop
13124,treatment,0,mobile
1034,control,0,mobile
175,control,1,mobile
9132,treatment,0,mobile
3103,control,0,mobile
12980,treatment,1,mobile
10780,treatment,0,mobile
7714,control,1,desktop
8527,treatment,0,desktop
9066,treatment,0,desktop
2854,control,0,desktop
1487,control,0,mobile
6152,control,0,desktop
14854,treatment,0,desktop
4294,control,0,desktop
8489,treatment,0,mobile
7561,control,0,mobile
15392,treatment,0,desktop
10460,treatment,0,mobile
15651,treatment,0,mobile
5627,control,0,desktop
3846,control,0,desktop
5842,control,0,desktop
12411,treatment,0,mobile
11953,treatment,0,mobile
8571,treatment,0,mobile
3111,control,0,mobile
10963,treatment,0,mobile
3919,control,0,desktop
4139,control,0,mobile
10403,treatment,0,mobile
2173,control,0,mobile
2600,control,0,mobile
10245,treatment,0,desktop
8014,treatment,0,mobile
9108,treatment,0,desktop
5968,control,0,desktop
15295,treatment,0,mobile
15935,treatment,0,mobile
15646,treatment,0,mobile
12900,treatment,0,desktop
5868,control,0,desktop
10528,treatment,0,desktop
3821,control,1,mobile
9149,treatment,1,mobile
13921,treatment,0,desktop
1888,control,0,mobile
8337,treatment,0,mobile
3718,control,0,desktop
12220,treatment,0,desktop
1183,control,0,mobile
15980,treatment,0,mobile
5005,control,0,desktop
4603,control,0,mobile
12645,treatment,1,mobile
9616,treatment,0,mobile
15964,treatment,0,mobile
10593,treatment,0,desktop
11085,treatment,0,desktop
13443,treatment,0,mobile
11789,treatment,1,mobile
1723,control,0,mobile
9860,treatment,0,desktop
2885,control,1,mobile
2995,control,0,desktop
4764,control,0,desktop
9079,treatment,0,mobile
4057,control,0,desktop
5381,control,0,mobile
11025,treatment,1,desktop
8526,treatment,0,desktop
8346,treatment,0,mobile
5517,control,1,mobile
15124,treatment,1,mobile
6646,control,0,desktop
5937,control,0,desktop
7881,control,0,desktop
722,control,0,mobile
374,control,0,desktop
8187,treatment,0,desktop
8024,treatment,0,mobile
6735,control,1,mobile
313,control,0,mobile
10042,treatment,0,mobile
8117,treatment,1,desktop
9815,treatment,0,desktop
43,control,0,desktop
7034,control,1,mobile
10886,treatment,0,desktop
7046,control,0,mobile
13260,treatment,0,mobile
14314,treatment,0,desktop
7197,control,0,mobile
12811,treatment,0,mobile
8610,treatment,0,mobile
13051,treatment,0,mobile
4754,control,0,mobile
11405,treatment,0,mobile
2792,control,0,desktop
8897,treatment,0,desktop
733,control,0,mobile
6595,control,0,desktop
15630,treatment,0,mobile
945,control,0,desktop
14505,treatment,0,desktop
5257,control,0,desktop
11807,treatment,0,desktop
14697,treatment,0,mobile
9999,treatment,0,desktop
9211,treatment,0,desktop
8188,treatment,0,mobile
5566,control,0,mobile
9100,treatment,0,mobile
1694,control,0,desktop
10984,treatment,0,mobile
12561,treatment,0,mobile
13782,treatment,1,desktop
520,control,0,mobile
815,control,0,mobile
819,control,0,mobile
11642,treatment,0,desktop
4831,control,0,mobile
9715,treatment,0,mobile
9831,treatment,0,desktop
15875,treatment,0,mobile
11750,treatment,0,mobile
15005,treatment,0,desktop
15510,treatment,0,mobile
7059,control,0,mobile
9893,treatment,0,mobile
11719,treatment,0,mobile
5218,control,0,mobile
3735,control,1,desktop
6273,control,1,desktop
6011,control,0,mobile
11239,treatment,0,desktop
6834,control,0,desktop
10076,treatment,1,mobile
7791,control,0,desktop
2593,control,0,desktop
380,control,0,mobile
11968,treatment,0,desktop
12196,treatment,0,mobile
2252,control,0,desktop
4440,control,0,desktop
2149,control,0,desktop
3727,control,0,desktop
10337,treatment,0,desktop
2567,control,0,mobile
6039,control,0,mobile
1804,control,0,mobile
15960,treatment,0,desktop
14825,treatment,0,mobile
13550,treatment,0,desktop
7146,control,0,mobile
3622,control,0,mobile
6109,control,0,mobile
13713,treatment,0,mobile
12160,treatment,0,mobile
1595,control,0,desktop
7062,control,0,desktop
12521,treatment,0,mobile
4891,control,0,desktop
9899,treatment,0,mobile
7611,control,0,mobile
8908,treatment,0,desktop
11983,treatment,0,mobile
10013,treatment,0,desktop
15459,treatment,0,mobile
10755,treatment,0,mobile
14694,treatment,0,mobile
2560,control,0,mobile
4209,control,0,mobile
5096,control,0,desktop
14554,treatment,0,mobile
7529,control,1,desktop
1583,control,0,mobile
2548,control,0,mobile
8512,treatment,0,mobile
7079,control,0,mobile
4322,control,0,mobile
5139,control,0,mobile
13481,treatment,0,desktop
6885,control,0,mobile
11557,treatment,0,mobile
15226,treatment,0,mobile
13738,treatment,0,mobile
6542,control,0,mobile
1764,control,0,mobile
13955,treatment,0,mobile
6685,control,0,desktop
6473,control,0,mobile
2844,control,0,desktop
4945,control,0,desktop
12910,treatment,0,mobile
11429,treatment,1,mobile
10334,treatment,0,mobile
8406,treatment,0,desktop
13059,treatment,0,desktop
4434,control,0,desktop
11690,treatment,0,mobile
8996,treatment,0,desktop
8122,treatment,0,mobile
6357,control,0,desktop
14955,treatment,0,mobile
15476,treatment,0,desktop
5279,control,0,mobile
13457,treatment,0,desktop
7281,control,0,desktop
4133,control,0,mobile
106,control,0,desktop
12651,treatment,0,mobile
4947,control,0,mobile
14029,treatment,0,mobile
15093,treatment,0,desktop
11998,treatment,0,mobile
2807,control,0,mobile
6510,control,0,mobile
13145,treatment,0,mobile
9658,treatment,0,desktop
6826,control,0,mobile
2954,control,0,mobile
8758,treatment,0,mobile
7520,control,0,desktop
11755,treatment,1,mobile
4346,control,0,mobile
10717,treatment,0,mobile
7803,control,0,mobile
9667,treatment,0,mobile
3237,control,0,mobile
2830,control,0,desktop
2503,control,0,mobile
318,control,1,desktop
1201,control,0,mobile
7920,control,0,desktop
13396,treatment,0,mobile
2279,control,0,desktop
7464,control,0,desktop
8845,treatment,0,desktop
8263,treatment,0,desktop
13956,treatment,0,desktop
7989,control,0,desktop
2659,control,0,desktop
1175,control,0,desktop
1089,control,0,mobile
15208,treatment,1,mobile
8735,treatment,0,mobile
8021,treatment,0,mobile
8603,treatment,1,desktop
4065,control,0,desktop
15841,treatment,1,mobile
7296,control,0,desktop
10579,treatment,0,mobile
13314,treatment,0,desktop
2092,control,0,mobile
4636,control,0,mobile
602,control,0,desktop
5429,control,0,desktop
7754,control,1,desktop
11206,treatment,0,desktop
12985,treatment,0,mobile
13723,treatment,0,desktop
2220,control,0,desktop
10658,treatment,0,mobile
5859,control,0,mobile
9030,treatment,0,desktop
11518,treatment,0,desktop
625,control,0,desktop
9820,treatment,0,mobile
8999,treatment,0,mobile
4979,control,0,desktop
5581,control,0,desktop
3116,control,0,mobile
8830,treatment,0,mobile
8616,treatment,1,desktop
4824,control,0,mobile
7112,control,0,mobile
1997,control,0,mobile
8091,treatment,0,mobile
4473,control,0,desktop
12813,treatment,0,desktop
15863,treatment,0,mobile
2487,control,0,mobile
14812,treatment,0,mobile
8343,treatment,0,mobile
11302,treatment,0,mobile
1581,control,0,mobile
6046,control,1,mobile
5871,control,0,desktop
8819,treatment,0,mobile
7126,control,0,desktop
3003,control,0,desktop
4602,control,0,desktop
11989,treatment,0,mobile
14134,treatment,0,mobile
11674,treatment,0,desktop
144,control,0,mobile
4814,control,0,mobile
10767,treatment,0,desktop
6728,control,0,mobile
15312,treatment,0,desktop
12855,treatment,0,desktop
12207,treatment,0,mobile
15569,treatment,0,mobile
10073,treatment,0,mobile
14777,treatment,0,mobile
5252,control,0,desktop
3453,control,0,mobile
14511,treatment,0,mobile
3606,control,0,mobile
7872,control,1,mobile
11535,treatment,0,mobile
13720,treatment,0,desktop
4421,control,0,desktop
2172,control,0,desktop
14475,treatment,0,mobile
4976,control,0,desktop
5172,control,0,mobile
10973,treatment,0,mobile
4721,control,0,mobile
15913,treatment,1,mobile
15636,treatment,0,mobile
2833,control,0,mobile
1528,control,1,desktop
13655,treatment,0,desktop
7425,control,0,mobile
10423,treatment,0,desktop
8810,treatment,0,desktop
9517,treatment,1,mobile
6079,control,0,mobile
691,control,0,desktop
13361,treatment,0,mobile
2289,control,0,mobile
3303,control,0,mobile
5786,control,0,desktop
9543,treatment,0,mobile
14030,treatment,0,mobile
6603,control,0,mobile
10922,treatment,1,mobile
14119,treatment,0,desktop
5783,control,0,desktop
5789,control,0,mobile
4562,control,0,desktop
1188,control,0,desktop
1192,control,0,desktop
8338,treatment,0,desktop
6351,control,0,mobile
3573,control,0,desktop
15549,treatment,0,mobile
6977,control,0,mobile
12613,treatment,0,desktop
14994,treatment,1,mobile
11935,treatment,0,mobile
9955,treatment,1,desktop
11993,treatment,0,mobile
12995,treatment,0,mobile
13003,treatment,1,desktop
1835,control,0,mobile
15840,treatment,0,desktop
9304,treatment,0,desktop
10320,treatment,0,desktop
13190,treatment,1,mobile
7400,control,0,mobile
12976,treatment,0,desktop
14503,treatment,0,desktop
5727,control,0,desktop
10470,treatment,0,desktop
11988,treatment,0,mobile
15129,treatment,0,mobile
2500,control,1,desktop
6036,control,0,mobile
10017,treatment,0,mobile
10981,treatment,0,mobile
4197,control,0,desktop
12579,treatment,0,desktop
3828,control,1,mobile
10685,treatment,0,desktop
879,control,0,mobile
1456,control,1,desktop
15414,treatment,0,desktop
15076,treatment,1,desktop
8584,treatment,0,mobile
12375,treatment,0,mobile
10476,treatment,0,desktop
10907,treatment,0,desktop
5372,control,0,desktop
7956,control,0,desktop
13812,treatment,0,desktop
11151,treatment,0,mobile
8668,treatment,0,mobile
1695,control,0,desktop
9488,treatment,0,mobile
2093,control,0,mobile
6933,control,0,desktop
11243,treatment,0,mobile
9330,treatment,0,desktop
10265,treatment,0,mobile
5332,control,0,mobile
7789,control,0,mobile
833,control,0,desktop
7338,control,0,desktop
592,control,0,mobile
12851,treatment,1,mobile
15310,treatment,0,mobile
5717,control,1,desktop
11785,treatment,0,desktop
15393,treatment,0,mobile
5732,control,0,desktop
110,control,0,mobile
13449,treatment,0,desktop
7499,control,0,desktop
12511,treatment,0,mobile
1053,control,0,mobile
1312,control,0,desktop
15059,treatment,0,mobile
14392,treatment,0,mobile
669,control,0,mobile
8446,treatment,1,mobile
7457,control,0,desktop
5169,control,0,desktop
13908,treatment,1,mobile
5589,control,0,mobile
10883,treatment,0,mobile
12834,treatment,0,mobile
14814,treatment,0,desktop
13238,treatment,1,desktop
13860,treatment,0,mobile
844,control,0,mobile
12352,treatment,0,mobile
4510,control,0,mobile
14721,treatment,0,desktop
11567,treatment,1,desktop
15311,treatment,0,mobile
11587,treatment,0,desktop
9077,treatment,0,mobile
4548,control,0,desktop
5355,control,0,desktop
12189,treatment,0,mobile
4753,control,0,mobile
10072,treatment,0,desktop
5678,control,0,desktop
5583,control,0,mobile
1486,control,0,desktop
5424,control,0,mobile
10610,treatment,0,desktop
2738,control,0,desktop
2268,control,0,desktop
12366,treatment,0,mobile
11561,treatment,0,desktop
6166,control,0,desktop
2809,control,0,desktop
870,control,0,mobile
2469,control,0,mobile
7494,control,0,desktop
12086,treatment,0,desktop
14536,treatment,0,mobile
8643,treatment,0,desktop
15498,treatment,0,desktop
13308,treatment,0,mobile
5657,control,0,mobile
15248,treatment,0,mobile
1980,control,0,mobile
697,control,1,mobile
1742,control,0,mobile
3719,control,0,mobile
9004,treatment,1,desktop
7797,control,0,mobile
11477,treatment,0,desktop
2190,control,0,mobile
5007,control,0,mobile
5618,control,0,mobile
5146,control,0,desktop
8148,treatment,0,desktop
506,control,0,mobile
15799,treatment,0,mobile
3304,control,0,mobile
8598,treatment,0,mobile
7898,control,0,desktop
3641,control,0,desktop
6462,control,0,desktop
184,control,0,mobile
7265,control,0,mobile
3083,control,0,desktop
1877,control,0,desktop
5814,control,0,desktop
610,control,0,mobile
10867,treatment,0,mobile
2034,control,0,mobile
3982,control,0,mobile
6630,control,0,desktop
6423,control,0,mobile
1969,control,0,desktop
6775,control,0,mobile
21,control,0,mobile
10411,treatment,0,mobile
13714,treatment,0,desktop
15238,treatment,0,mobile
7184,control,0,mobile
13879,treatment,0,desktop
10417,treatment,0,mobile
8520,treatment,0,mobile
15043,treatment,0,mobile
3271,control,0,mobile
2519,control,0,desktop
10067,treatment,0,mobile
14826,treatment,0,desktop
5985,control,0,mobile
7863,control,0,desktop
12555,treatment,1,mobile
14179,treatment,0,mobile
14952,treatment,0,mobile
9949,treatment,0,desktop
2179,control,0,desktop
13154,treatment,1,mobile
4980,control,0,mobile
3411,control,0,mobile
15843,treatment,1,mobile
490,control,0,mobile
7741,control,0,mobile
8799,treatment,0,mobile
15554,treatment,0,mobile
3213,control,0,mobile
10657,treatment,0,mobile
15837,treatment,0,desktop
9931,treatment,0,mobile
153,control,0,mobile
890,control,0,mobile
15917,treatment,0,desktop
15186,treatment,0,desktop
6424,control,0,mobile
11275,treatment,0,mobile
270,control,0,mobile
97,control,0,desktop
14547,treatment,0,desktop
7677,control,0,desktop
12017,treatment,1,desktop
6714,control,0,mobile
13253,treatment,1,mobile
3886,control,0,mobile
9992,treatment,0,mobile
13160,treatment,0,mobile
9765,treatment,0,desktop
7711,control,1,desktop
12821,treatment,0,desktop
1068,control,0,mobile
7501,control,0,mobile
5196,control,0,mobile
2761,control,1,desktop
6222,control,0,desktop
6408,control,0,mobile
716,control,0,desktop
14486,treatment,0,mobile
4060,control,0,desktop
13901,treatment,0,desktop
13827,treatment,0,desktop
15940,treatment,0,desktop
4566,control,0,mobile
12853,treatment,0,desktop
1799,control,0,desktop
462,control,0,desktop
5374,control,0,mobile
2945,control,0,mobile
9988,treatment,1,mobile
10062,treatment,0,mobile
13682,treatment,0,mobile
9538,treatment,0,mobile
4792,control,1,desktop
5272,control,0,mobile
5849,control,0,mobile
5025,control,1,mobile
7471,control,0,desktop
1215,control,1,desktop
14923,treatment,0,desktop
1373,control,0,mobile
244,control,0,mobile
4040,control,0,desktop
7962,control,0,desktop
7256,control,0,desktop
10992,treatment,0,mobile
1680,control,0,mobile
15640,treatment,0,mobile
12043,treatment,1,desktop
7587,control,0,mobile
9505,treatment,1,mobile
649,control,0,mobile
11431,treatment,0,desktop
10836,treatment,0,mobile
4410,control,0,mobile
15270,treatment,0,mobile
156,control,0,mobile
3429,control,0,mobile
11646,treatment,0,desktop
9496,treatment,0,desktop
1151,control,0,desktop
3048,control,0,desktop
14090,treatment,0,mobile
1047,control,1,mobile
9833,treatment,0,mobile
1307,control,0,mobile
10120,treatment,1,mobile
13784,treatment,0,mobile
7907,control,0,mobile
11632,treatment,0,mobile
12314,treatment,1,desktop
2245,control,0,mobile
11329,treatment,0,mobile
16,control,0,mobile
11731,treatment,0,desktop
13610,treatment,0,mobile
13172,treatment,0,mobile
2670,control,0,desktop
9553,treatment,0,desktop
1845,control,0,desktop
3099,control,1,mobile
1613,control,0,mobile
15404,treatment,0,mobile
8690,treatment,0,desktop
11033,treatment,0,desktop
7109,control,0,mobile
12804,treatment,1,desktop
1338,control,0,desktop
11826,treatment,0,mobile
1479,control,0,mobile
13700,treatment,1,desktop
9288,treatment,0,desktop
543,control,0,mobile
14793,treatment,0,mobile
12922,treatment,0,mobile
4075,control,0,desktop
432,control,0,desktop
6772,control,0,mobile
8921,treatment,0,desktop
13577,treatment,0,desktop
14546,treatment,1,desktop
12605,treatment,1,mobile
14209,treatment,0,mobile
2562,control,0,desktop
9530,treatment,0,mobile
3607,control,0,desktop
2878,control,0,desktop
4416,control,0,mobile
1032,control,0,desktop
15754,treatment,0,desktop
6122,control,0,desktop
6286,control,0,desktop
1111,control,0,desktop
1889,control,0,desktop
11743,treatment,0,desktop
9720,treatment,0,mobile
754,control,0,mobile
3050,control,1,mobile
8152,treatment,0,mobile
15576,treatment,0,mobile
10821,treatment,0,desktop
563,control,0,desktop
6543,control,0,mobile
8094,treatment,0,mobile
4765,control,0,mobile
3563,control,0,desktop
8445,treatment,0,mobile
15244,treatment,0,mobile
2517,control,0,mobile
2963,control,0,desktop
12646,treatment,1,mobile
5375,control,0,desktop
5397,control,0,desktop
9395,treatment,0,desktop
15642,treatment,0,mobile
3463,control,0,desktop
14845,treatment,0,desktop
10990,treatment,0,mobile
7752,control,0,mobile
4226,control,0,mobile
145,control,0,desktop
5057,control,0,mobile
2896,control,0,mobile
7814,control,0,desktop
10956,treatment,0,mobile
906,control,0,desktop
5193,control,0,mobile
12173,treatment,0,mobile
236,control,0,desktop
13350,treatment,0,mobile
